{"type":"FeatureCollection","features":[{"type":"Feature","properties":{"kind":"mask"},"geometry":{"type":"MultiPolygon","coordinates":[[[[-180.0,85.0],[180.0,85.0],[180.0,-85.0],[-180.0,-85.0],[-180.0,85.0]],[[71.820418,39.993504],[71.818539,39.999629],[71.818204,40.000256],[71.81759,40.000905],[71.815747,40.00227],[71.814672,40.00285],[71.812215,40.003601],[71.808017,40.003874],[71.806768,40.004411],[71.804742,40.005002],[71.801684,40.005437],[71.799925,40.00621],[71.796504,40.007186],[71.796192,40.007188],[71.796044,40.007001],[71.79604,40.006515],[71.7959,40.006501],[71.795082,40.007422],[71.793949,40.00784],[71.792855,40.008015],[71.791818,40.009234],[71.790711,40.010902],[71.789691,40.010346],[71.791114,40.009227],[71.792758,40.007553],[71.793002,40.007111],[71.793431,40.006819],[71.793556,40.0061],[71.79495,40.004735],[71.794976,40.003743],[71.79605,40.00249],[71.796139,40.002157],[71.796014,40.00178],[71.794564,40.000918],[71.793475,39.999283],[71.792096,39.998629],[71.790506,39.996626],[71.789357,39.996179],[71.788641,39.995221],[71.787015,39.994445],[71.784261,39.993589],[71.778449,39.992268],[71.775268,39.990735],[71.773189,39.987967],[71.774117,39.987191],[71.77449,39.985748],[71.774509,39.984199],[71.774233,39.983714],[71.772361,39.9826],[71.771418,39.982376],[71.77034,39.982577],[71.769018,39.981881],[71.767208,39.981603],[71.765816,39.981046],[71.764215,39.979166],[71.763728,39.977914],[71.762962,39.977357],[71.758717,39.976522],[71.754263,39.976522],[71.750495,39.977672],[71.741787,39.977584],[71.738723,39.977004],[71.736284,39.97535],[71.729444,39.976317],[71.72564,39.976029],[71.718844,39.97772],[71.715765,39.976928],[71.712475,39.97714],[71.708928,39.976056],[71.710294,39.972922],[71.710162,39.971376],[71.711175,39.969763],[71.711768,39.967866],[71.714499,39.966072],[71.714996,39.964499],[71.715327,39.961766],[71.716321,39.960192],[71.716818,39.95895],[71.71657,39.955969],[71.717056,39.953727],[71.716834,39.952191],[71.718682,39.952242],[71.719344,39.95249],[71.71951,39.953815],[71.720169,39.955023],[71.721112,39.955493],[71.722628,39.955935],[71.723627,39.9557],[71.725579,39.954182],[71.726894,39.953541],[71.727774,39.952615],[71.726919,39.948659],[71.727014,39.945699],[71.728031,39.94375],[71.729926,39.944248],[71.734664,39.944807],[71.745265,39.944167],[71.744603,39.942594],[71.744271,39.94102],[71.743278,39.939695],[71.742532,39.938039],[71.742532,39.936797],[71.743443,39.934726],[71.744437,39.934312],[71.7451,39.933733],[71.746259,39.933815],[71.747253,39.934312],[71.74946,39.934865],[71.750643,39.935005],[71.752383,39.934726],[71.753914,39.934865],[71.755167,39.936397],[71.772428,39.948786],[71.774253,39.949659],[71.775255,39.950336],[71.775908,39.952474],[71.777022,39.954771],[71.777579,39.958251],[71.777648,39.96194],[71.778483,39.962984],[71.781685,39.965072],[71.783634,39.965908],[71.787183,39.966603],[71.788715,39.966673],[71.79049,39.966256],[71.792717,39.964376],[71.793761,39.963123],[71.79557,39.960061],[71.797658,39.95853],[71.799051,39.958321],[71.800303,39.957834],[71.802461,39.957347],[71.803505,39.957347],[71.809491,39.956651],[71.81144,39.956303],[71.816311,39.956094],[71.820557,39.956163],[71.822576,39.956372],[71.826543,39.956303],[71.83065,39.95505],[71.83225,39.954145],[71.83392,39.952823],[71.837296,39.950526],[71.838688,39.949342],[71.839741,39.947706],[71.842385,39.946655],[71.84544,39.946419],[71.846066,39.947394],[71.847249,39.950108],[71.847806,39.953171],[71.847945,39.960687],[71.848432,39.961731],[71.854975,39.969318],[71.855184,39.971963],[71.856089,39.976487],[71.856645,39.97767],[71.857898,39.981985],[71.858872,39.984213],[71.858455,39.984909],[71.857689,39.985048],[71.851843,39.985048],[71.849616,39.984839],[71.84718,39.984978],[71.844605,39.985465],[71.837157,39.985605],[71.832494,39.985953],[71.829118,39.98557],[71.827518,39.985987],[71.822715,39.987727],[71.819931,39.989259],[71.819722,39.989955],[71.819722,39.99079],[71.820418,39.993504]],[[71.004962,40.081814],[71.00543,40.077336],[71.00842,40.055096],[71.010087,40.04968],[71.01358,40.042727],[71.03372,40.030055],[71.046831,40.022837],[71.065787,40.024891],[71.069593,40.024784],[71.082446,40.023423],[71.08705,40.022662],[71.093276,40.019609],[71.100355,40.019969],[71.103912,40.019461],[71.106968,40.021441],[71.109935,40.021958],[71.109853,40.020303],[71.108234,40.01823],[71.109956,40.018082],[71.110696,40.01467],[71.112773,40.00953],[71.114521,40.005703],[71.114368,40.00203],[71.113546,39.999207],[71.115019,39.997341],[71.115131,39.995303],[71.11486,39.99344],[71.114084,39.993465],[71.113032,39.992993],[71.111758,39.99278],[71.111574,39.992357],[71.109452,39.991764],[71.106767,39.990617],[71.104085,39.993873],[71.103449,39.99508],[71.102586,39.99749],[71.102364,39.998821],[71.100294,39.998316],[71.098577,39.998366],[71.096204,39.996987],[71.093345,39.995652],[71.092709,39.993174],[71.092137,39.992348],[71.090275,39.991033],[71.089941,39.990353],[71.091969,39.986704],[71.094578,39.984516],[71.098518,39.982162],[71.100334,39.981434],[71.098731,39.977449],[71.099219,39.975547],[71.098473,39.974268],[71.09821,39.972734],[71.101486,39.970103],[71.102848,39.969339],[71.104185,39.969452],[71.104833,39.968419],[71.106115,39.968545],[71.107534,39.967805],[71.108014,39.966956],[71.109915,39.96731],[71.113,39.969304],[71.115273,39.970001],[71.118161,39.968231],[71.118125,39.967634],[71.117488,39.967789],[71.11732,39.967321],[71.117896,39.967008],[71.117987,39.966761],[71.117431,39.964626],[71.117395,39.963874],[71.117791,39.96348],[71.118762,39.963091],[71.119165,39.962148],[71.118372,39.960928],[71.119221,39.960204],[71.120136,39.959898],[71.120067,39.959524],[71.115428,39.959016],[71.113712,39.95838],[71.111234,39.957745],[71.105769,39.954313],[71.104625,39.953423],[71.103925,39.953169],[71.102718,39.953296],[71.101292,39.950798],[71.096236,39.951167],[71.095283,39.950723],[71.09227,39.949959],[71.09057,39.949198],[71.090135,39.947291],[71.088801,39.946755],[71.08683,39.944939],[71.085331,39.943053],[71.083581,39.938543],[71.08176,39.936078],[71.079746,39.935322],[71.081046,39.932085],[71.079475,39.93056],[71.078703,39.929184],[71.078718,39.927472],[71.080715,39.925296],[71.079172,39.923348],[71.079045,39.92092],[71.07826,39.919844],[71.07625,39.917868],[71.072173,39.91775],[71.064836,39.916856],[71.057469,39.908985],[71.05652,39.907001],[71.056008,39.906502],[71.059192,39.904527],[71.057106,39.902168],[71.058429,39.900663],[71.056012,39.899394],[71.05456,39.897219],[71.054801,39.896471],[71.05575,39.896441],[71.058304,39.898181],[71.060429,39.897802],[71.060772,39.897967],[71.06145,39.89768],[71.063519,39.897426],[71.066783,39.895298],[71.069916,39.895763],[71.068876,39.899065],[71.070422,39.899672],[71.073607,39.900009],[71.078502,39.899391],[71.084329,39.899362],[71.092071,39.899799],[71.095631,39.892164],[71.097407,39.886201],[71.097711,39.885784],[71.098632,39.887024],[71.099411,39.888481],[71.098619,39.888841],[71.098412,39.889267],[71.099218,39.890559],[71.098512,39.891611],[71.098968,39.891933],[71.099032,39.892661],[71.098659,39.893417],[71.09809,39.893803],[71.096669,39.89393],[71.096061,39.894429],[71.095793,39.894836],[71.095815,39.895142],[71.096367,39.89635],[71.0963,39.896948],[71.094804,39.898034],[71.095316,39.899614],[71.096018,39.900728],[71.096146,39.901385],[71.096779,39.90206],[71.097693,39.902245],[71.097843,39.902475],[71.097878,39.902874],[71.097554,39.903867],[71.097627,39.904355],[71.097286,39.905586],[71.097538,39.910138],[71.097767,39.911012],[71.098098,39.911112],[71.098902,39.91192],[71.099086,39.912466],[71.098892,39.91327],[71.098343,39.913782],[71.10014,39.914475],[71.101226,39.914652],[71.101725,39.913671],[71.101758,39.913238],[71.103687,39.912531],[71.103675,39.910451],[71.103244,39.908028],[71.10403,39.907804],[71.103877,39.907356],[71.107842,39.906012],[71.108185,39.907912],[71.108578,39.908817],[71.108398,39.910686],[71.107845,39.911978],[71.106561,39.912383],[71.104906,39.913564],[71.104912,39.914469],[71.104325,39.915601],[71.105472,39.915682],[71.107255,39.914971],[71.108552,39.916546],[71.109505,39.917423],[71.111648,39.918527],[71.112095,39.919955],[71.113597,39.92066],[71.115559,39.920712],[71.117324,39.921861],[71.118688,39.922179],[71.118925,39.92251],[71.120025,39.922691],[71.121755,39.921153],[71.122536,39.921343],[71.123156,39.920494],[71.123469,39.920455],[71.123634,39.919328],[71.125284,39.919068],[71.126653,39.916644],[71.126583,39.915519],[71.127663,39.914934],[71.128155,39.913761],[71.129071,39.912613],[71.131472,39.910371],[71.13355,39.910206],[71.135037,39.908068],[71.134114,39.905432],[71.133535,39.904763],[71.133299,39.903232],[71.131582,39.900353],[71.144822,39.899646],[71.201534,39.902955],[71.201277,39.90442],[71.198827,39.906593],[71.194198,39.90823],[71.196518,39.91128],[71.198509,39.913065],[71.203551,39.912762],[71.205432,39.913054],[71.205872,39.914051],[71.212929,39.914427],[71.215665,39.912929],[71.216773,39.913799],[71.217266,39.914589],[71.217993,39.915225],[71.214832,39.918959],[71.214737,39.920903],[71.213274,39.922344],[71.215075,39.921871],[71.217299,39.922189],[71.218515,39.922648],[71.217609,39.923992],[71.217794,39.924301],[71.218951,39.924286],[71.220714,39.923599],[71.221945,39.923323],[71.223146,39.923587],[71.224162,39.923364],[71.225942,39.923488],[71.226017,39.924268],[71.226355,39.925065],[71.225688,39.926828],[71.224988,39.9274],[71.224925,39.928289],[71.22556,39.929306],[71.225179,39.930514],[71.224289,39.931594],[71.22128,39.933598],[71.214231,39.936857],[71.212929,39.938037],[71.212451,39.938268],[71.209509,39.938835],[71.209316,39.938982],[71.207379,39.939181],[71.207392,39.939915],[71.207097,39.940381],[71.207221,39.940832],[71.206753,39.942163],[71.206682,39.943138],[71.206279,39.944423],[71.206178,39.945061],[71.206287,39.945684],[71.20592,39.945862],[71.205937,39.946542],[71.205593,39.947229],[71.210755,39.949245],[71.215314,39.950324],[71.215071,39.951579],[71.21458,39.952187],[71.212422,39.952368],[71.209178,39.953442],[71.207925,39.953301],[71.206659,39.953529],[71.20438,39.952962],[71.203373,39.952075],[71.19862,39.952758],[71.197086,39.952419],[71.196219,39.952652],[71.195034,39.952211],[71.191828,39.952234],[71.189067,39.951013],[71.182543,39.953257],[71.185096,39.955577],[71.180169,39.955873],[71.178626,39.9561],[71.174855,39.956192],[71.171744,39.95611],[71.165689,39.955592],[71.164151,39.969841],[71.165002,39.970801],[71.16548,39.971998],[71.164798,39.974315],[71.16462,39.976354],[71.164956,39.978442],[71.166758,39.981889],[71.167623,39.983008],[71.168212,39.984689],[71.168313,39.986207],[71.167571,39.987335],[71.165034,39.988928],[71.162906,39.990924],[71.16112,39.991724],[71.157269,39.994335],[71.151233,39.996591],[71.150151,39.997437],[71.148684,39.998038],[71.147422,39.999085],[71.144843,40.000665],[71.144962,40.001059],[71.146459,40.000857],[71.148464,39.99985],[71.152268,39.999185],[71.155092,39.999004],[71.157954,39.999393],[71.159146,39.999041],[71.165094,39.99837],[71.167097,39.997954],[71.170726,39.998293],[71.173493,39.999814],[71.177254,40.000183],[71.181839,40.000316],[71.184809,40.001017],[71.186053,40.001506],[71.185822,40.002524],[71.185918,40.002833],[71.183737,40.003189],[71.183889,40.00368],[71.183455,40.00407],[71.183751,40.004235],[71.182985,40.004787],[71.184649,40.005465],[71.185975,40.006489],[71.186956,40.007882],[71.187007,40.010628],[71.196233,40.016408],[71.197651,40.021848],[71.200012,40.023688],[71.201163,40.026788],[71.202292,40.028174],[71.204016,40.02922],[71.206712,40.037437],[71.201335,40.036796],[71.193842,40.034545],[71.186856,40.032734],[71.182176,40.027955],[71.176867,40.027298],[71.166819,40.028308],[71.157678,40.025785],[71.152314,40.025525],[71.149714,40.026725],[71.144426,40.027088],[71.141074,40.026131],[71.134491,40.018082],[71.125246,40.015832],[71.123741,40.016457],[71.12171,40.016284],[71.120392,40.017354],[71.118441,40.018513],[71.116943,40.02001],[71.117332,40.022309],[71.117882,40.023028],[71.119138,40.023454],[71.119482,40.024024],[71.11839,40.025271],[71.119015,40.026667],[71.119136,40.028503],[71.118053,40.029212],[71.118068,40.029528],[71.117693,40.03007],[71.119014,40.032317],[71.118919,40.035],[71.118153,40.036932],[71.11611,40.041496],[71.113001,40.041622],[71.111827,40.043644],[71.110001,40.045275],[71.107522,40.047884],[71.105957,40.049776],[71.104522,40.052255],[71.103934,40.054081],[71.10276,40.056168],[71.102369,40.058256],[71.102499,40.061256],[71.102695,40.062104],[71.102173,40.064093],[71.101782,40.06455],[71.10196,40.06605],[71.101782,40.066898],[71.102612,40.069018],[71.101939,40.070574],[71.102097,40.074314],[71.1024,40.075182],[71.100182,40.07773],[71.100211,40.078515],[71.101542,40.078925],[71.101376,40.079644],[71.0958,40.08119],[71.095231,40.085027],[71.094315,40.086615],[71.089624,40.087271],[71.090292,40.096147],[71.089709,40.097549],[71.090933,40.104709],[71.090206,40.111442],[71.083644,40.119893],[71.08207,40.122943],[71.082087,40.123536],[71.082631,40.125131],[71.082631,40.125784],[71.081621,40.127793],[71.081289,40.12967],[71.079328,40.135765],[71.078401,40.13737],[71.077603,40.141806],[71.077464,40.144337],[71.075842,40.150384],[71.073601,40.153918],[71.071503,40.156124],[71.070141,40.158705],[71.067398,40.161484],[71.06534,40.165542],[71.063183,40.168046],[71.060077,40.170095],[71.059823,40.171298],[71.057599,40.173805],[71.054353,40.176717],[71.050383,40.179245],[71.049147,40.180398],[71.048718,40.181111],[71.048113,40.181664],[71.047946,40.181451],[71.047736,40.181476],[71.04669,40.183046],[71.046696,40.183722],[71.046396,40.18419],[71.04411,40.183279],[71.043918,40.182902],[71.044699,40.181597],[71.042919,40.181004],[71.043836,40.179297],[71.043611,40.178384],[71.04517,40.177322],[71.045336,40.176925],[71.04398,40.175334],[71.042542,40.174925],[71.041891,40.174987],[71.041557,40.175337],[71.041261,40.176167],[71.039944,40.17679],[71.03729,40.178845],[71.029043,40.178067],[71.025299,40.178385],[71.022117,40.179077],[71.020097,40.179334],[71.011119,40.182287],[71.00686,40.183136],[71.003264,40.184136],[71.000352,40.184419],[70.998506,40.183154],[70.998472,40.18176],[70.999927,40.178845],[71.001645,40.176082],[71.005017,40.173517],[71.006368,40.169575],[71.001954,40.164373],[71.007568,40.146306],[71.008469,40.14383],[71.008705,40.141787],[71.009418,40.138441],[71.01423,40.130173],[71.014021,40.12975],[71.014032,40.129262],[71.014413,40.128692],[71.01503,40.12854],[71.015233,40.128151],[71.015421,40.127047],[71.015365,40.125856],[71.015673,40.124201],[71.016223,40.122608],[71.019208,40.120154],[71.014614,40.093061],[71.004962,40.081814]],[[71.660246,40.203187],[71.660527,40.201301],[71.660397,40.201135],[71.66149,40.201144],[71.661957,40.200682],[71.664295,40.200111],[71.665667,40.199594],[71.665806,40.198866],[71.666597,40.198566],[71.667064,40.198686],[71.667672,40.198507],[71.668742,40.197687],[71.671088,40.197797],[71.671347,40.198038],[71.672135,40.197946],[71.671951,40.199435],[71.67213,40.200712],[71.671246,40.201025],[71.671167,40.201445],[71.670668,40.201513],[71.670614,40.201966],[71.670293,40.201989],[71.670089,40.202493],[71.670161,40.202934],[71.668796,40.203469],[71.668569,40.204315],[71.660698,40.20795],[71.660754,40.207235],[71.660129,40.205988],[71.659718,40.205568],[71.659558,40.204478],[71.660246,40.203187]],[[71.028152,40.235656],[71.029183,40.235109],[71.031954,40.234079],[71.032941,40.229656],[71.035156,40.225297],[71.037217,40.225231],[71.039936,40.226576],[71.042318,40.228427],[71.042768,40.230819],[71.042747,40.233145],[71.042167,40.24032],[71.040589,40.242232],[71.03998,40.243761],[71.040022,40.244339],[71.040863,40.245567],[71.040973,40.247172],[71.041679,40.247818],[71.042711,40.248139],[71.043346,40.248893],[71.042927,40.251807],[71.045451,40.253764],[71.045577,40.254113],[71.04522,40.254609],[71.046852,40.255979],[71.045687,40.257598],[71.044077,40.258712],[71.042597,40.259072],[71.041884,40.259401],[71.036085,40.259954],[71.033614,40.256634],[71.031791,40.25549],[71.031442,40.254801],[71.029023,40.251991],[71.028343,40.249785],[71.027552,40.248125],[71.027904,40.24738],[71.027663,40.246462],[71.026295,40.246029],[71.025748,40.245582],[71.02512,40.244402],[71.024473,40.243654],[71.023878,40.242411],[71.023961,40.241537],[71.023705,40.240182],[71.025145,40.239557],[71.025775,40.238863],[71.026172,40.238006],[71.026744,40.237519],[71.028152,40.235656]],[[55.999012,41.64396],[55.998732,41.33719],[55.998553,41.32221],[56.155719,41.314475],[56.204473,41.31163],[56.357106,41.30418],[56.429171,41.300035],[56.462149,41.298609],[56.497356,41.29654],[56.534877,41.294678],[56.55744,41.293926],[56.597579,41.291458],[56.70396,41.286247],[56.729273,41.284459],[56.789242,41.281503],[56.799427,41.28002],[56.812446,41.277776],[56.916827,41.262047],[56.995249,41.248457],[57.001274,41.247647],[57.01045,41.245399],[57.030954,41.240937],[57.041409,41.240975],[57.047375,41.243352],[57.052458,41.24683],[57.060053,41.256278],[57.0672,41.270402],[57.070154,41.275187],[57.071165,41.280121],[57.07267,41.290232],[57.071422,41.296915],[57.069508,41.300922],[57.066346,41.303949],[57.06345,41.307005],[57.060864,41.310614],[57.059054,41.313755],[57.058348,41.316288],[57.059615,41.321875],[57.070756,41.321788],[57.088903,41.334663],[57.116935,41.336887],[57.130144,41.33593],[57.135448,41.336657],[57.140254,41.337696],[57.145606,41.340997],[57.14988,41.343052],[57.153018,41.343673],[57.15503,41.343817],[57.156917,41.343435],[57.158345,41.342688],[57.159518,41.341233],[57.161125,41.340505],[57.162374,41.340486],[57.165714,41.341252],[57.168009,41.341309],[57.171273,41.339625],[57.173466,41.339472],[57.175276,41.340467],[57.177214,41.340869],[57.180861,41.340582],[57.182671,41.340793],[57.185399,41.342611],[57.186776,41.342822],[57.187745,41.342496],[57.188969,41.341673],[57.189887,41.341731],[57.190295,41.342496],[57.189989,41.343243],[57.188485,41.34464],[57.188485,41.345234],[57.189046,41.346344],[57.191137,41.348718],[57.191035,41.349445],[57.189607,41.350211],[57.187618,41.348986],[57.185476,41.348488],[57.18466,41.350249],[57.186037,41.352431],[57.186955,41.354996],[57.186904,41.356642],[57.185629,41.357446],[57.18466,41.356412],[57.184558,41.354001],[57.183471,41.351974],[57.181804,41.352393],[57.18109,41.355723],[57.182263,41.365522],[57.181396,41.368163],[57.178234,41.370153],[57.173542,41.372028],[57.170942,41.374516],[57.170401,41.376954],[57.16829,41.378687],[57.166201,41.379932],[57.162527,41.380256],[57.154367,41.382131],[57.152175,41.381787],[57.148293,41.379043],[57.145813,41.372097],[57.129548,41.361378],[57.122494,41.359398],[57.109082,41.361121],[57.100692,41.363534],[57.09567,41.367933],[57.091699,41.373672],[57.08925,41.381274],[57.06757,41.40432],[57.061654,41.409255],[57.052038,41.419605],[57.045108,41.431265],[57.039896,41.441279],[57.040746,41.448141],[57.043703,41.45204],[57.041459,41.464576],[57.042989,41.473289],[57.048497,41.479479],[57.049517,41.483528],[57.046151,41.489412],[57.037221,41.500946],[57.03636,41.509502],[57.034932,41.519736],[57.03555,41.52536],[57.041109,41.528851],[57.041868,41.534129],[57.041807,41.541722],[57.040591,41.547653],[57.043499,41.556916],[57.042552,41.565355],[57.02648,41.590987],[57.019808,41.597818],[57.01897,41.601587],[57.017848,41.604065],[57.011798,41.613861],[56.998928,41.632735],[56.989952,41.6516],[56.985134,41.658274],[56.977503,41.671213],[56.978121,41.68242],[56.978427,41.691332],[56.98174,41.698775],[56.981181,41.707476],[56.979447,41.709608],[56.977203,41.708694],[56.976591,41.709989],[56.978019,41.712958],[56.978733,41.713187],[56.979447,41.71608],[56.977481,41.720767],[56.975775,41.733817],[56.97399,41.744053],[56.974908,41.749532],[56.974169,41.753961],[56.972091,41.758245],[56.971746,41.766955],[56.970038,41.774315],[56.96979,41.779667],[56.97065,41.786161],[56.970497,41.789602],[56.969451,41.797739],[56.967575,41.804566],[56.965079,41.817724],[56.963764,41.826237],[56.963383,41.839564],[56.963944,41.852367],[56.964654,41.856272],[56.964711,41.860662],[56.965598,41.875105],[56.966851,41.882977],[56.966913,41.889147],[56.986427,41.902183],[56.999511,41.910248],[57.011014,41.914672],[57.036524,41.921659],[57.047885,41.923893],[57.073108,41.925876],[57.095081,41.924703],[57.106634,41.923817],[57.116757,41.924239],[57.128155,41.929281],[57.135279,41.937975],[57.145494,41.947945],[57.167526,41.975043],[57.170707,41.980387],[57.174539,41.985011],[57.187044,42.002199],[57.198648,42.018889],[57.206889,42.031072],[57.219726,42.047982],[57.233821,42.068749],[57.242389,42.079658],[57.264593,42.109846],[57.271925,42.118876],[57.280452,42.129915],[57.287776,42.13557],[57.293622,42.137988],[57.320432,42.144782],[57.358821,42.149957],[57.384192,42.153822],[57.433493,42.156315],[57.45383,42.155986],[57.467453,42.156037],[57.486972,42.155383],[57.504552,42.15445],[57.550718,42.15251],[57.597817,42.148414],[57.617831,42.145628],[57.639326,42.141904],[57.649627,42.139521],[57.652291,42.138369],[57.654739,42.138641],[57.660082,42.140164],[57.673571,42.146139],[57.680351,42.149476],[57.693952,42.15429],[57.703558,42.157364],[57.729276,42.164777],[57.738432,42.167693],[57.744712,42.168746],[57.750959,42.169502],[57.769471,42.171184],[57.780935,42.171405],[57.792241,42.170806],[57.801829,42.169369],[57.816006,42.170881],[57.832631,42.170881],[57.841097,42.17194],[57.843646,42.17519],[57.844156,42.179196],[57.843034,42.183353],[57.844462,42.184487],[57.849256,42.185545],[57.850888,42.184033],[57.851704,42.182559],[57.85405,42.180708],[57.853999,42.179083],[57.852571,42.176173],[57.853591,42.173187],[57.856753,42.171637],[57.859354,42.171751],[57.860272,42.172204],[57.860833,42.173338],[57.862413,42.174434],[57.862668,42.175719],[57.860782,42.180443],[57.859762,42.185356],[57.858844,42.19159],[57.854407,42.199978],[57.850225,42.205644],[57.847267,42.207193],[57.843188,42.208289],[57.836456,42.213048],[57.834977,42.214294],[57.835385,42.21539],[57.836507,42.215428],[57.845737,42.213766],[57.84895,42.21471],[57.849307,42.216334],[57.849307,42.219204],[57.848287,42.220677],[57.837833,42.22672],[57.837374,42.227928],[57.83819,42.228268],[57.843137,42.227248],[57.844666,42.228155],[57.844819,42.22925],[57.843901,42.231213],[57.842168,42.232762],[57.840179,42.23582],[57.840179,42.237595],[57.840791,42.238199],[57.842576,42.237519],[57.844207,42.236311],[57.845788,42.233592],[57.847777,42.23178],[57.849817,42.231402],[57.853897,42.232799],[57.854764,42.23212],[57.854815,42.228872],[57.856447,42.227664],[57.860068,42.227324],[57.863535,42.22672],[57.865575,42.225851],[57.867921,42.222528],[57.86991,42.218827],[57.872664,42.216447],[57.875724,42.215012],[57.878223,42.212784],[57.883526,42.211802],[57.889799,42.212557],[57.899947,42.215352],[57.904282,42.216221],[57.899705,42.2181],[57.897143,42.219922],[57.895562,42.222906],[57.895575,42.223906],[57.8969,42.224718],[57.897857,42.226059],[57.896875,42.229231],[57.897041,42.23026],[57.89829,42.231478],[57.899081,42.231808],[57.900266,42.232025],[57.901414,42.232025],[57.905353,42.231242],[57.906985,42.231412],[57.909624,42.232044],[57.916942,42.233073],[57.921647,42.233403],[57.925166,42.233196],[57.932637,42.232176],[57.934651,42.231733],[57.942364,42.229089],[57.945769,42.228211],[57.947439,42.228079],[57.948204,42.228353],[57.948637,42.228948],[57.945858,42.234244],[57.943996,42.236717],[57.942339,42.24002],[57.942619,42.246061],[57.943142,42.250383],[57.943601,42.261754],[57.944417,42.264094],[57.938399,42.273076],[57.937685,42.275868],[57.937022,42.282245],[57.936666,42.284093],[57.935391,42.287753],[57.931056,42.293751],[57.928812,42.297901],[57.928621,42.302672],[57.929182,42.30468],[57.931298,42.308207],[57.931987,42.309631],[57.934141,42.312714],[57.935607,42.315165],[57.943703,42.333612],[57.944825,42.334158],[57.953291,42.339964],[57.956962,42.341924],[57.958696,42.343055],[57.960991,42.347578],[57.962113,42.353533],[57.961986,42.358846],[57.962113,42.362709],[57.961833,42.364649],[57.960124,42.367569],[57.957804,42.371073],[57.957141,42.371224],[57.955305,42.370621],[57.953699,42.370546],[57.95199,42.371073],[57.9512,42.371996],[57.950919,42.372788],[57.951404,42.373334],[57.953291,42.37356],[57.953699,42.373824],[57.953673,42.3742],[57.952653,42.374897],[57.950843,42.375481],[57.950052,42.376348],[57.950027,42.377083],[57.951123,42.377403],[57.958747,42.375651],[57.959436,42.376141],[57.960277,42.380963],[57.957702,42.383355],[57.952755,42.386105],[57.950792,42.387931],[57.949287,42.390869],[57.947885,42.392188],[57.946916,42.393977],[57.943831,42.395879],[57.941459,42.396839],[57.940108,42.398289],[57.940159,42.399437],[57.941255,42.400812],[57.941026,42.40213],[57.94021,42.402638],[57.938119,42.403448],[57.93534,42.403523],[57.933376,42.403749],[57.930061,42.405086],[57.926058,42.404578],[57.924605,42.405067],[57.924477,42.405764],[57.92486,42.406423],[57.928276,42.407477],[57.931872,42.407854],[57.937456,42.407628],[57.941102,42.407232],[57.941638,42.407609],[57.941179,42.40823],[57.939955,42.40872],[57.934447,42.408965],[57.932662,42.409435],[57.930673,42.411883],[57.929832,42.412278],[57.929041,42.412278],[57.927155,42.411657],[57.926135,42.411657],[57.925446,42.412203],[57.924656,42.414217],[57.924401,42.415685],[57.923738,42.417154],[57.922616,42.418208],[57.921188,42.419017],[57.918052,42.419526],[57.915935,42.419281],[57.914431,42.419789],[57.91364,42.420674],[57.91262,42.422293],[57.911269,42.422726],[57.907776,42.422857],[57.907036,42.423328],[57.906526,42.423968],[57.907291,42.425474],[57.909917,42.426716],[57.911218,42.427713],[57.912442,42.429031],[57.91285,42.430649],[57.91336,42.431478],[57.915782,42.431986],[57.91976,42.433999],[57.922794,42.434922],[57.928149,42.43575],[57.92871,42.43686],[57.9282,42.438441],[57.928149,42.439231],[57.940822,42.444067],[57.942632,42.444575],[57.94406,42.444481],[57.949746,42.440172],[57.950511,42.438779],[57.950588,42.43718],[57.950919,42.435975],[57.952143,42.434602],[57.954744,42.433567],[57.955688,42.431647],[57.958237,42.429464],[57.959359,42.429181],[57.961833,42.430028],[57.963235,42.430028],[57.967723,42.427826],[57.968666,42.428974],[57.970069,42.4324],[57.971216,42.436333],[57.97142,42.43908],[57.972695,42.442656],[57.976035,42.448112],[57.977132,42.450351],[57.977897,42.457162],[57.977565,42.458497],[57.976316,42.461639],[57.976418,42.462335],[57.977106,42.462636],[57.982563,42.463915],[57.983252,42.46478],[57.983685,42.465834],[57.98366,42.468655],[57.982997,42.473489],[57.982716,42.474523],[57.982767,42.475614],[57.983022,42.476235],[57.984756,42.477062],[57.985113,42.477626],[57.984807,42.478416],[57.984424,42.478679],[57.983507,42.478811],[57.980727,42.478115],[57.979631,42.478266],[57.978968,42.478999],[57.979019,42.482685],[57.978585,42.483795],[57.978993,42.484754],[57.9806,42.485562],[57.98292,42.486051],[57.983736,42.485919],[57.98473,42.483362],[57.985572,42.483024],[57.986337,42.48323],[57.988249,42.485336],[57.98932,42.485637],[57.990621,42.485336],[57.992023,42.484227],[57.993273,42.482948],[57.994955,42.482459],[57.998933,42.482516],[58.001662,42.488909],[58.001687,42.491053],[57.999953,42.496806],[57.999953,42.498648],[58.000208,42.500058],[58.00003,42.501562],[58.000234,42.502596],[58.000922,42.502803],[58.001815,42.502295],[58.003166,42.500265],[58.004543,42.499269],[58.005792,42.499062],[58.006685,42.4994],[58.006812,42.500547],[58.006073,42.502559],[58.003166,42.508029],[58.002503,42.510341],[58.002197,42.51222],[58.002987,42.514363],[58.003701,42.515096],[58.006685,42.51316],[58.008699,42.510284],[58.011887,42.502953],[58.012167,42.500359],[58.011657,42.496975],[58.011632,42.495546],[58.012167,42.494888],[58.01464,42.494437],[58.018695,42.495076],[58.024024,42.497558],[58.028818,42.499231],[58.03022,42.500077],[58.033203,42.502577],[58.034504,42.504814],[58.035167,42.506412],[58.035855,42.506882],[58.038686,42.507427],[58.039272,42.508423],[58.039655,42.509608],[58.039094,42.511393],[58.038074,42.512841],[58.038125,42.514044],[58.040802,42.516374],[58.043658,42.516675],[58.046106,42.516149],[58.048043,42.518103],[58.047024,42.521787],[58.04529,42.525921],[58.04682,42.527424],[58.048961,42.526071],[58.049165,42.528402],[58.049981,42.529153],[58.053041,42.526222],[58.054877,42.527575],[58.053653,42.529905],[58.052939,42.537421],[58.051511,42.541103],[58.052429,42.543357],[58.054061,42.544184],[58.057529,42.541253],[58.060385,42.537947],[58.063241,42.53727],[58.064669,42.537872],[58.067014,42.539224],[58.069054,42.537571],[58.069462,42.536143],[58.064975,42.53246],[58.062629,42.527875],[58.062221,42.519381],[58.064159,42.516675],[58.062425,42.510811],[58.063037,42.50848],[58.064669,42.508104],[58.070074,42.50863],[58.074562,42.506826],[58.077214,42.504946],[58.096491,42.50254],[58.10669,42.498554],[58.1174,42.493516],[58.120766,42.491636],[58.122092,42.491636],[58.122092,42.494644],[58.120358,42.498404],[58.121684,42.499382],[58.123315,42.499382],[58.123417,42.500735],[58.122092,42.502465],[58.122296,42.503367],[58.138819,42.49517],[58.144836,42.491259],[58.145958,42.488251],[58.14402,42.487499],[58.141776,42.488025],[58.137493,42.490883],[58.135861,42.490432],[58.136575,42.482986],[58.135453,42.4632],[58.132597,42.444537],[58.134025,42.444688],[58.143612,42.452289],[58.161461,42.456428],[58.182472,42.463953],[58.196548,42.470423],[58.209603,42.472454],[58.231532,42.467865],[58.25703,42.463577],[58.278755,42.458836],[58.30558,42.455826],[58.324449,42.448602],[58.337912,42.43972],[58.353007,42.42873],[58.368204,42.416081],[58.380648,42.399965],[58.389929,42.376386],[58.396355,42.357094],[58.400231,42.34036],[58.401251,42.327467],[58.398191,42.31442],[58.397224,42.295775],[58.395053,42.287216],[58.395614,42.286966],[58.406113,42.28904],[58.416351,42.292478],[58.426027,42.294006],[58.437357,42.295034],[58.445006,42.296166],[58.463671,42.294204],[58.470403,42.29262],[58.488864,42.286433],[58.498553,42.282056],[58.501817,42.282207],[58.507937,42.280396],[58.511813,42.281528],[58.513954,42.284773],[58.513954,42.286961],[58.512731,42.289375],[58.510181,42.295864],[58.510589,42.303785],[58.512323,42.307858],[58.515076,42.311403],[58.516606,42.319096],[58.513547,42.325129],[58.506509,42.330558],[58.501919,42.331991],[58.498757,42.332142],[58.495086,42.334026],[58.48917,42.33561],[58.484172,42.339907],[58.463875,42.350461],[58.440518,42.363877],[58.432053,42.37292],[58.427055,42.373748],[58.420731,42.370433],[58.41757,42.369152],[58.415288,42.369321],[58.411501,42.371102],[58.410009,42.373042],[58.409525,42.374229],[58.40788,42.389118],[58.40839,42.393939],[58.409308,42.397931],[58.40686,42.403354],[58.349845,42.470574],[58.32251,42.514194],[58.317615,42.535241],[58.299256,42.559287],[58.276409,42.559287],[58.26009,42.561991],[58.246627,42.568902],[58.236427,42.572508],[58.229492,42.57431],[58.212153,42.58137],[58.198281,42.587828],[58.18339,42.592183],[58.166459,42.599091],[58.156464,42.605247],[58.151568,42.609751],[58.15065,42.61084],[58.151262,42.611778],[58.152843,42.611553],[58.154679,42.610877],[58.155291,42.611328],[58.152792,42.619209],[58.151109,42.623524],[58.150446,42.630091],[58.151721,42.632079],[58.153557,42.63373],[58.155597,42.63373],[58.15779,42.632717],[58.159677,42.631366],[58.161257,42.631216],[58.161512,42.631929],[58.161155,42.633543],[58.161155,42.635006],[58.162787,42.636244],[58.164419,42.636657],[58.169417,42.635569],[58.17314,42.636319],[58.180891,42.639208],[58.186246,42.643784],[58.193386,42.646898],[58.198689,42.652787],[58.206288,42.657475],[58.222913,42.664488],[58.227299,42.666438],[58.229849,42.6679],[58.238773,42.670413],[58.24627,42.676299],[58.251931,42.676974],[58.254327,42.678286],[58.256928,42.681511],[58.259223,42.683497],[58.265751,42.686084],[58.274318,42.687996],[58.293034,42.687734],[58.30252,42.686609],[58.308436,42.686159],[58.317666,42.686497],[58.331588,42.685147],[58.362187,42.677499],[58.381872,42.671725],[58.399211,42.66685],[58.401353,42.664525],[58.413796,42.656725],[58.419712,42.6541],[58.43088,42.65455],[58.445516,42.652562],[58.454747,42.648736],[58.459897,42.647273],[58.464028,42.647123],[58.469281,42.645322],[58.471729,42.645622],[58.47331,42.646898],[58.475962,42.647123],[58.480041,42.644872],[58.484172,42.642922],[58.486212,42.643072],[58.489833,42.645172],[58.496615,42.64686],[58.513037,42.649599],[58.538433,42.652899],[58.541085,42.652937],[58.551948,42.652524],[58.567502,42.650836],[58.569746,42.650086],[58.570753,42.649345],[58.573379,42.648726],[58.58581,42.648286],[58.590374,42.648989],[58.591815,42.650208],[58.591878,42.653087],[58.593,42.653649],[58.59453,42.652787],[58.595346,42.653237],[58.601721,42.663625],[58.60422,42.666888],[58.604985,42.670863],[58.604373,42.672475],[58.606005,42.673862],[58.606413,42.67465],[58.606617,42.676262],[58.604985,42.677349],[58.603149,42.679261],[58.602741,42.681436],[58.604016,42.685747],[58.608401,42.696317],[58.6083,42.698135],[58.607178,42.699765],[58.604679,42.702089],[58.604449,42.703138],[58.604934,42.705499],[58.604424,42.706549],[58.601313,42.708385],[58.599171,42.709266],[58.597565,42.710568],[58.596162,42.712029],[58.594989,42.714774],[58.594632,42.717078],[58.595499,42.719944],[58.597794,42.721911],[58.601593,42.722829],[58.61079,42.724026],[58.613197,42.723089],[58.617023,42.720777],[58.621995,42.717416],[58.627123,42.715715],[58.628974,42.715382],[58.630455,42.715352],[58.635195,42.716112],[58.639711,42.717559],[58.642426,42.718858],[58.643907,42.720158],[58.645805,42.723301],[58.646064,42.725856],[58.644816,42.731312],[58.643084,42.733561],[58.63878,42.736235],[58.63424,42.738592],[58.631319,42.739619],[58.627287,42.741975],[58.623708,42.744755],[58.619923,42.746538],[58.617167,42.74835],[58.615316,42.750132],[58.613506,42.752972],[58.612765,42.7548],[58.612559,42.756567],[58.613053,42.758047],[58.61404,42.758711],[58.615521,42.75921],[58.616735,42.759225],[58.618442,42.758772],[58.619615,42.757941],[58.623214,42.754392],[58.624346,42.753833],[58.625456,42.753546],[58.626423,42.753622],[58.627143,42.754739],[58.627081,42.755419],[58.625333,42.758198],[58.622392,42.761581],[58.621569,42.763091],[58.620417,42.766322],[58.62036,42.768091],[58.620674,42.770241],[58.621506,42.773353],[58.62233,42.774839],[58.623667,42.776499],[58.624397,42.7769],[58.625899,42.776998],[58.627117,42.777517],[58.627817,42.778293],[58.627754,42.779946],[58.626901,42.7823],[58.623903,42.788391],[58.622713,42.793818],[58.622885,42.795671],[58.623843,42.797606],[58.62544,42.799669],[58.664806,42.770369],[58.702329,42.742827],[58.714495,42.732824],[58.725762,42.725411],[58.764979,42.696478],[58.807866,42.66443],[58.812267,42.661512],[58.882977,42.612386],[58.908529,42.594447],[58.918776,42.587546],[58.96856,42.553139],[58.976404,42.547335],[58.997304,42.533064],[58.999315,42.532004],[59.006696,42.526345],[59.012467,42.524054],[59.01638,42.523542],[59.045505,42.521725],[59.049598,42.521164],[59.055193,42.519967],[59.062207,42.519785],[59.066383,42.51936],[59.071813,42.519345],[59.074638,42.51998],[59.106596,42.523059],[59.122763,42.525121],[59.129695,42.525727],[59.135587,42.526802],[59.15988,42.529597],[59.171336,42.531092],[59.17211,42.530845],[59.182823,42.520918],[59.185012,42.518645],[59.185357,42.517941],[59.188136,42.515142],[59.191573,42.510963],[59.195009,42.507484],[59.195918,42.50619],[59.200608,42.500828],[59.217153,42.482626],[59.223745,42.475158],[59.224033,42.474645],[59.223443,42.471975],[59.223529,42.471717],[59.223901,42.471508],[59.230175,42.469908],[59.230742,42.469621],[59.238284,42.467754],[59.238536,42.465806],[59.238305,42.463952],[59.237963,42.462827],[59.237974,42.462089],[59.238553,42.461086],[59.238496,42.460686],[59.239773,42.459051],[59.241656,42.455947],[59.24283,42.454726],[59.24486,42.453055],[59.249809,42.449795],[59.251224,42.447392],[59.254196,42.443595],[59.257939,42.439922],[59.257961,42.439599],[59.258165,42.439388],[59.262737,42.436169],[59.265598,42.433631],[59.26684,42.432903],[59.268727,42.43139],[59.26913,42.430564],[59.270305,42.429291],[59.270724,42.426845],[59.269944,42.424203],[59.269035,42.422839],[59.267739,42.420213],[59.258827,42.414971],[59.258631,42.414488],[59.264237,42.406859],[59.265775,42.404376],[59.267688,42.403654],[59.269484,42.402085],[59.269718,42.401201],[59.272657,42.396768],[59.275166,42.38925],[59.275625,42.388783],[59.276113,42.388703],[59.278372,42.386725],[59.279126,42.385848],[59.28069,42.384658],[59.289566,42.378814],[59.292635,42.376625],[59.298908,42.3728],[59.301142,42.370951],[59.301345,42.367041],[59.304962,42.361321],[59.312247,42.358709],[59.320636,42.357385],[59.327709,42.355175],[59.336045,42.353971],[59.340124,42.352448],[59.344611,42.350349],[59.348207,42.349294],[59.355756,42.346613],[59.364412,42.34312],[59.38173,42.335539],[59.385549,42.334136],[59.388633,42.333284],[59.396177,42.331592],[59.40004,42.330351],[59.408134,42.328333],[59.411418,42.327315],[59.414128,42.326816],[59.41822,42.325545],[59.418373,42.325233],[59.418938,42.321155],[59.419509,42.315888],[59.419352,42.315167],[59.419522,42.314155],[59.419526,42.311633],[59.420628,42.309121],[59.42047,42.306778],[59.420637,42.306538],[59.424819,42.304506],[59.431459,42.300669],[59.43239,42.298679],[59.433091,42.296588],[59.434001,42.294721],[59.434597,42.293009],[59.435391,42.292596],[59.437418,42.2918],[59.447582,42.290125],[59.46324,42.290129],[59.467533,42.292604],[59.469592,42.293109],[59.47419,42.291817],[59.476133,42.29101],[59.479904,42.290108],[59.483585,42.290078],[59.487395,42.289663],[59.488798,42.289939],[59.505545,42.290375],[59.518397,42.29003],[59.525061,42.290508],[59.529074,42.291905],[59.531016,42.291347],[59.53639,42.292737],[59.540977,42.29544],[59.547222,42.294951],[59.548485,42.295132],[59.552079,42.296648],[59.561515,42.287766],[59.562793,42.288503],[59.564989,42.288074],[59.56703,42.287937],[59.567543,42.287669],[59.568175,42.287947],[59.570808,42.28822],[59.571149,42.287348],[59.570002,42.286174],[59.572131,42.285109],[59.573114,42.284015],[59.595576,42.28959],[59.602154,42.292342],[59.604517,42.294402],[59.606582,42.296471],[59.607023,42.297489],[59.608129,42.298626],[59.609434,42.299166],[59.610731,42.29918],[59.612719,42.298903],[59.618112,42.29695],[59.62277,42.295601],[59.625709,42.294486],[59.630091,42.293505],[59.639741,42.290881],[59.646511,42.290221],[59.658839,42.29111],[59.666042,42.292381],[59.673641,42.295899],[59.676225,42.296288],[59.679432,42.296439],[59.682133,42.296153],[59.683488,42.296289],[59.685208,42.297199],[59.689464,42.297995],[59.692479,42.29905],[59.698026,42.3005],[59.711415,42.301261],[59.717357,42.302037],[59.71838,42.302051],[59.737007,42.297958],[59.739329,42.297918],[59.740258,42.297509],[59.743006,42.295115],[59.745938,42.293736],[59.749938,42.291164],[59.761628,42.285542],[59.766475,42.28401],[59.769679,42.282699],[59.774376,42.280469],[59.778114,42.278483],[59.784213,42.276875],[59.787111,42.27657],[59.787824,42.276368],[59.7899,42.275404],[59.790325,42.274996],[59.790839,42.27477],[59.790982,42.274256],[59.79225,42.273965],[59.793349,42.273945],[59.794535,42.274405],[59.797339,42.274976],[59.798926,42.275488],[59.800654,42.275289],[59.802535,42.275373],[59.808147,42.276421],[59.814049,42.279008],[59.817975,42.281891],[59.818232,42.282694],[59.819249,42.283502],[59.82288,42.285869],[59.823382,42.287485],[59.823235,42.288038],[59.823513,42.288468],[59.834194,42.2978],[59.834833,42.299159],[59.834492,42.299989],[59.834537,42.30057],[59.837118,42.303771],[59.83942,42.305925],[59.840585,42.306698],[59.841827,42.308049],[59.848722,42.312189],[59.852066,42.313325],[59.858113,42.314563],[59.86192,42.315006],[59.864906,42.31509],[59.874754,42.314293],[59.87711,42.313703],[59.88269,42.311428],[59.885235,42.310949],[59.897586,42.311955],[59.900439,42.31294],[59.905001,42.313554],[59.909681,42.312985],[59.912886,42.31123],[59.914869,42.308906],[59.915355,42.308133],[59.914755,42.307222],[59.914473,42.30646],[59.914304,42.304223],[59.91379,42.302483],[59.913979,42.301971],[59.913624,42.301042],[59.911909,42.299229],[59.910918,42.297195],[59.910207,42.294265],[59.909977,42.294046],[59.909226,42.294149],[59.907468,42.294008],[59.906324,42.285104],[59.90607,42.284152],[59.90614,42.282603],[59.906899,42.281615],[59.906457,42.280899],[59.906514,42.280699],[59.907541,42.280251],[59.913168,42.279185],[59.914885,42.282309],[59.915666,42.281928],[59.917549,42.281771],[59.918752,42.281766],[59.920939,42.282116],[59.923598,42.280862],[59.925137,42.27955],[59.92695,42.278419],[59.928553,42.277002],[59.928848,42.276536],[59.929117,42.2756],[59.935562,42.276003],[59.937064,42.274575],[59.93917,42.273696],[59.940841,42.27371],[59.942024,42.2729],[59.942034,42.272735],[59.939891,42.270353],[59.939386,42.268446],[59.939493,42.268172],[59.940078,42.268035],[59.944809,42.268542],[59.945418,42.268151],[59.947133,42.267507],[59.949059,42.267057],[59.950416,42.266071],[59.950687,42.265571],[59.953658,42.264419],[59.954884,42.263596],[59.954886,42.263128],[59.954381,42.262131],[59.954468,42.261643],[59.957139,42.260579],[59.958395,42.2607],[59.958857,42.260545],[59.958368,42.259902],[59.9567,42.258744],[59.953207,42.259012],[59.950248,42.258997],[59.947706,42.259245],[59.946412,42.258574],[59.945685,42.256827],[59.947549,42.254838],[59.952545,42.252578],[59.955945,42.249733],[59.956111,42.24947],[59.955873,42.248271],[59.95609,42.247052],[59.955986,42.246266],[59.956451,42.24572],[59.958157,42.244721],[59.959246,42.243764],[59.957058,42.242314],[59.95678,42.241696],[59.957281,42.241087],[59.959336,42.239323],[59.960028,42.239567],[59.962256,42.238429],[59.963126,42.238523],[59.967242,42.245734],[59.967431,42.245825],[59.968576,42.245561],[59.970103,42.245876],[59.970373,42.246016],[59.970878,42.246849],[59.971071,42.246876],[59.976145,42.246947],[59.978274,42.245562],[59.988932,42.245092],[59.995034,42.242417],[59.997261,42.241155],[59.998473,42.239883],[59.998138,42.236447],[59.997694,42.236307],[59.997115,42.235765],[59.995235,42.232926],[59.994174,42.231984],[59.993691,42.231037],[59.993352,42.229844],[59.99227,42.228032],[59.992739,42.226392],[59.991706,42.224172],[59.992001,42.224018],[59.99599,42.224152],[60.008302,42.223684],[60.00883,42.22433],[60.014917,42.222331],[60.016445,42.221565],[60.016385,42.221352],[60.017964,42.218922],[60.018001,42.218446],[60.017744,42.218023],[60.018581,42.216804],[60.018537,42.216615],[60.01934,42.216271],[60.019073,42.215992],[60.019335,42.206285],[60.019142,42.203858],[60.023801,42.201316],[60.024533,42.201264],[60.023636,42.19908],[60.024901,42.190963],[60.02499,42.190685],[60.02552,42.190205],[60.026394,42.189777],[60.027505,42.189763],[60.02814,42.188837],[60.027179,42.187645],[60.026581,42.187304],[60.026347,42.184488],[60.026645,42.183596],[60.028912,42.183206],[60.030296,42.183099],[60.031758,42.183246],[60.034017,42.182966],[60.034822,42.18245],[60.036543,42.181835],[60.038682,42.183992],[60.044538,42.183973],[60.048086,42.183292],[60.046631,42.179819],[60.047328,42.178963],[60.049051,42.178605],[60.049704,42.178345],[60.049943,42.178012],[60.047588,42.174952],[60.047422,42.174329],[60.047626,42.173522],[60.047483,42.172738],[60.049134,42.172158],[60.050274,42.171946],[60.050726,42.171665],[60.050818,42.171358],[60.051343,42.170936],[60.052356,42.170284],[60.049309,42.168143],[60.048571,42.168685],[60.047271,42.168202],[60.039384,42.167302],[60.037611,42.16745],[60.034891,42.166329],[60.033946,42.165612],[60.033647,42.164758],[60.032556,42.163711],[60.032205,42.161677],[60.03221,42.16004],[60.031221,42.156653],[60.030258,42.156719],[60.028835,42.158481],[60.027174,42.159309],[60.024749,42.15975],[60.021012,42.157297],[60.020187,42.157343],[60.018756,42.15819],[60.017742,42.157549],[60.009742,42.160148],[60.000946,42.163361],[59.982081,42.170877],[59.981938,42.170694],[59.983359,42.165864],[59.984146,42.165194],[59.985974,42.164731],[59.984457,42.161363],[59.983612,42.160523],[59.982592,42.160514],[59.981778,42.159102],[59.980756,42.158175],[59.980315,42.158067],[59.980022,42.157512],[59.980333,42.157023],[59.97558,42.150556],[59.972671,42.150846],[59.971418,42.149854],[59.969574,42.149136],[59.968773,42.149137],[59.968291,42.149332],[59.964609,42.147872],[59.961976,42.14657],[59.961006,42.144585],[59.960956,42.14393],[59.961229,42.14358],[59.961661,42.143444],[59.961733,42.143099],[59.9616,42.142598],[59.961182,42.142111],[59.961545,42.14169],[59.964042,42.141261],[59.965364,42.140691],[59.966033,42.138943],[59.966686,42.137854],[59.97004,42.135877],[59.970586,42.134178],[59.970938,42.133674],[59.971374,42.133397],[59.972587,42.133017],[59.974211,42.133339],[59.97596,42.133079],[59.97717,42.133119],[59.978161,42.132287],[59.979852,42.131687],[59.981485,42.129762],[59.993874,42.124013],[59.995003,42.123968],[59.996862,42.123462],[60.002751,42.122332],[60.003709,42.122565],[60.004982,42.123196],[60.005469,42.124437],[60.006099,42.125301],[60.008499,42.126214],[60.00939,42.12624],[60.010506,42.127421],[60.018337,42.121354],[60.018701,42.121509],[60.02204,42.124245],[60.023276,42.123884],[60.0233,42.122965],[60.0236,42.122681],[60.026407,42.122325],[60.026984,42.121482],[60.028439,42.120336],[60.028706,42.118674],[60.030274,42.11703],[60.029878,42.116231],[60.029913,42.115876],[60.030269,42.115324],[60.03124,42.114803],[60.034459,42.114244],[60.035326,42.113048],[60.037106,42.111177],[60.037072,42.110402],[60.036543,42.109156],[60.034755,42.1083],[60.034145,42.107736],[60.034486,42.105768],[60.034679,42.105424],[60.039344,42.102788],[60.042028,42.099911],[60.042559,42.099752],[60.04483,42.099857],[60.050169,42.097477],[60.051562,42.096017],[60.051203,42.094615],[60.052031,42.094054],[60.053666,42.093537],[60.054416,42.091615],[60.055129,42.090769],[60.056868,42.089346],[60.052348,42.086254],[60.050157,42.083008],[60.049359,42.080465],[60.048661,42.07996],[60.048559,42.078617],[60.04801,42.075902],[60.047665,42.074945],[60.046945,42.073695],[60.048497,42.070452],[60.049361,42.068183],[60.050077,42.063465],[60.049825,42.060445],[60.049503,42.05928],[60.046725,42.052055],[60.045715,42.049867],[60.044726,42.048181],[60.044591,42.047548],[60.044804,42.045861],[60.044154,42.045195],[60.043816,42.044464],[60.040896,42.037166],[60.04178,42.03622],[60.042333,42.035335],[60.043432,42.029551],[60.043741,42.025274],[60.043738,42.019594],[60.043182,42.018786],[60.042415,42.016076],[60.040619,42.01482],[60.039082,42.014796],[60.038599,42.014538],[60.03669,42.011786],[60.035843,42.011038],[60.033872,42.007228],[60.032849,42.006144],[60.03274,42.005297],[60.033012,42.003356],[60.033124,41.999815],[60.032229,41.996242],[60.028479,41.995909],[60.027255,41.99554],[60.025934,41.994666],[60.025431,41.993443],[60.025379,41.992391],[60.023503,41.982915],[60.018318,41.985122],[60.014433,41.985913],[60.010234,41.98764],[60.007365,41.985313],[60.005957,41.986121],[60.005212,41.985342],[60.004266,41.985636],[60.002747,41.986882],[60.001221,41.987551],[60.000413,41.987019],[59.998789,41.987824],[59.998793,41.989216],[59.996034,41.9926],[59.995391,41.992402],[59.993972,41.994431],[59.988734,41.997494],[59.988189,41.998102],[59.987501,41.997819],[59.986301,41.997861],[59.985788,41.998032],[59.98411,41.999167],[59.979743,42.001343],[59.976788,42.002186],[59.974213,42.002556],[59.97338,42.003023],[59.973217,42.003435],[59.973376,42.004266],[59.971628,42.005574],[59.970427,42.008113],[59.970234,42.008268],[59.969544,42.008244],[59.966851,42.008913],[59.955204,42.010013],[59.951142,42.010562],[59.948845,42.010711],[59.947211,42.010146],[59.944366,42.007185],[59.939445,42.005705],[59.938267,42.005766],[59.93409,42.006727],[59.92975,42.006755],[59.92754,42.004249],[59.929944,42.001857],[59.926327,41.996957],[59.923386,41.993668],[59.923837,41.992998],[59.924438,41.992323],[59.927124,41.990629],[59.932025,41.987046],[59.932343,41.985578],[59.934085,41.983062],[59.936623,41.981934],[59.936992,41.98162],[59.938905,41.978228],[59.940113,41.976775],[59.941035,41.974898],[59.941482,41.974569],[59.942835,41.971165],[59.944326,41.970516],[59.949668,41.967654],[59.951127,41.967483],[59.952363,41.967567],[59.951879,41.966702],[59.954936,41.962671],[59.955719,41.962022],[59.956286,41.96092],[59.956246,41.960303],[59.956913,41.959555],[59.958445,41.957222],[59.961126,41.95014],[59.961441,41.948339],[59.963411,41.946512],[59.964545,41.94506],[59.966275,41.943963],[59.966319,41.943312],[59.966733,41.943045],[59.967302,41.942857],[59.969378,41.942672],[59.970459,41.942079],[59.97321,41.942415],[59.973384,41.94255],[59.973613,41.943323],[59.974592,41.944183],[59.975952,41.944781],[59.978568,41.945223],[59.980449,41.945934],[59.983368,41.947549],[59.983504,41.947906],[59.982939,41.948323],[59.986219,41.951232],[59.987857,41.95128],[59.988448,41.95147],[59.988889,41.951906],[59.990775,41.955185],[59.991362,41.955659],[59.994297,41.956816],[59.997135,41.957325],[60.006835,41.960446],[60.008504,41.96082],[60.009936,41.961361],[60.012188,41.96267],[60.013143,41.963062],[60.013858,41.963229],[60.015939,41.963261],[60.017332,41.96305],[60.019314,41.962411],[60.021561,41.962023],[60.023502,41.961431],[60.024707,41.960813],[60.026258,41.959681],[60.027038,41.958842],[60.026595,41.958442],[60.026369,41.956964],[60.02647,41.954943],[60.026123,41.953897],[60.02646,41.953314],[60.027146,41.952983],[60.027396,41.952313],[60.028185,41.951675],[60.028473,41.950496],[60.029786,41.948475],[60.029683,41.945935],[60.029173,41.941558],[60.027814,41.939307],[60.026465,41.937619],[60.025516,41.935646],[60.025403,41.934169],[60.025583,41.93222],[60.027522,41.927598],[60.028998,41.925586],[60.029783,41.924797],[60.030028,41.924302],[60.031229,41.923304],[60.032776,41.921525],[60.035817,41.91985],[60.039565,41.917188],[60.040977,41.91599],[60.045158,41.913878],[60.047731,41.913117],[60.049241,41.912284],[60.050343,41.911958],[60.053152,41.910403],[60.057713,41.90884],[60.065703,41.907841],[60.067794,41.907341],[60.070214,41.907292],[60.073807,41.907572],[60.075117,41.907506],[60.078696,41.906982],[60.089489,41.904599],[60.091972,41.905537],[60.093196,41.911373],[60.096771,41.911885],[60.098031,41.91183],[60.099235,41.911567],[60.100031,41.910962],[60.100655,41.909863],[60.101134,41.909563],[60.102551,41.909293],[60.103558,41.909345],[60.1051,41.909154],[60.106709,41.908635],[60.107383,41.908117],[60.10767,41.906877],[60.108032,41.906591],[60.109466,41.906314],[60.112448,41.906523],[60.114312,41.906264],[60.115825,41.905564],[60.116969,41.904501],[60.117566,41.903357],[60.118767,41.902485],[60.120042,41.902036],[60.123183,41.901871],[60.12457,41.901458],[60.125183,41.901095],[60.125685,41.899835],[60.128379,41.899006],[60.131185,41.897673],[60.132511,41.895979],[60.132986,41.895081],[60.13314,41.893825],[60.132831,41.890843],[60.132976,41.889145],[60.13363,41.886184],[60.133678,41.885158],[60.133027,41.882746],[60.132938,41.881667],[60.132529,41.880903],[60.132527,41.880581],[60.133171,41.879368],[60.13482,41.877821],[60.135507,41.876658],[60.140472,41.874016],[60.142058,41.872917],[60.143246,41.871958],[60.145422,41.869751],[60.146024,41.868881],[60.148407,41.866976],[60.150197,41.866094],[60.151133,41.865442],[60.155418,41.864102],[60.156433,41.863601],[60.157996,41.862384],[60.158749,41.861066],[60.159336,41.859325],[60.160239,41.857722],[60.161847,41.85415],[60.162465,41.853248],[60.163853,41.851892],[60.165103,41.850944],[60.169178,41.849018],[60.170945,41.847083],[60.173803,41.845484],[60.175265,41.844863],[60.175524,41.844321],[60.175499,41.843724],[60.175086,41.842443],[60.175598,41.841417],[60.176866,41.840023],[60.184179,41.83451],[60.185592,41.833221],[60.193471,41.83088],[60.199077,41.82828],[60.201723,41.827467],[60.203551,41.827355],[60.207059,41.826252],[60.210389,41.826668],[60.222315,41.825242],[60.226275,41.825061],[60.228545,41.824741],[60.232134,41.82474],[60.242547,41.823841],[60.245168,41.823911],[60.250306,41.823091],[60.25393,41.82313],[60.256117,41.822769],[60.257535,41.820183],[60.257655,41.819467],[60.258348,41.819063],[60.264053,41.81439],[60.276078,41.80407],[60.282786,41.799524],[60.28861,41.796145],[60.288677,41.79599],[60.288184,41.795652],[60.287535,41.795489],[60.283992,41.793892],[60.283431,41.793117],[60.283817,41.791419],[60.287506,41.789343],[60.288235,41.789896],[60.288822,41.789884],[60.291354,41.788201],[60.292906,41.787523],[60.293299,41.787508],[60.295206,41.788964],[60.295986,41.788822],[60.296843,41.788192],[60.297433,41.787456],[60.298329,41.785705],[60.299558,41.785257],[60.301308,41.785224],[60.301933,41.78435],[60.302864,41.783787],[60.303633,41.783018],[60.309111,41.78025],[60.309679,41.780274],[60.310259,41.778911],[60.310518,41.776707],[60.313899,41.771732],[60.314945,41.772166],[60.315737,41.772231],[60.316552,41.772834],[60.318255,41.773409],[60.319077,41.773342],[60.321393,41.770992],[60.322076,41.770618],[60.32289,41.769881],[60.324841,41.768789],[60.325162,41.768376],[60.325936,41.768367],[60.327944,41.767864],[60.330317,41.768115],[60.331131,41.768398],[60.332155,41.767768],[60.327238,41.760532],[60.326523,41.75974],[60.326125,41.760015],[60.322765,41.755997],[60.321326,41.753843],[60.320082,41.752756],[60.319892,41.752741],[60.318593,41.750877],[60.314287,41.753555],[60.312472,41.753726],[60.311211,41.754163],[60.309997,41.753339],[60.306621,41.75265],[60.301148,41.754001],[60.298883,41.753784],[60.294675,41.754792],[60.292111,41.752822],[60.290923,41.748776],[60.292245,41.748137],[60.294001,41.746706],[60.294719,41.746359],[60.298402,41.745593],[60.300919,41.74478],[60.300645,41.744392],[60.299897,41.743913],[60.299213,41.74302],[60.299301,41.73702],[60.299121,41.736784],[60.293226,41.735336],[60.29217,41.735861],[60.292281,41.734676],[60.292594,41.733896],[60.292491,41.733655],[60.287826,41.733319],[60.283407,41.733775],[60.283008,41.735576],[60.28231,41.740974],[60.279411,41.745285],[60.277238,41.749194],[60.276725,41.749118],[60.27378,41.750592],[60.27349,41.751245],[60.273379,41.753357],[60.273228,41.753825],[60.272604,41.754603],[60.270458,41.75585],[60.266864,41.757336],[60.263123,41.760194],[60.260056,41.760556],[60.249975,41.760713],[60.249202,41.760264],[60.249136,41.759378],[60.250388,41.75558],[60.245079,41.754029],[60.24295,41.754603],[60.242572,41.754213],[60.241893,41.751978],[60.24078,41.751015],[60.240012,41.750837],[60.239686,41.750495],[60.239029,41.750662],[60.238315,41.750539],[60.237228,41.75111],[60.232973,41.756482],[60.231912,41.757519],[60.227198,41.764101],[60.226802,41.764776],[60.22847,41.765947],[60.224365,41.768802],[60.224656,41.769281],[60.223575,41.770846],[60.221919,41.772598],[60.220659,41.77443],[60.219116,41.774702],[60.217918,41.775461],[60.217235,41.776171],[60.215402,41.776429],[60.213909,41.776948],[60.210271,41.777728],[60.203606,41.780591],[60.203903,41.780946],[60.203921,41.781472],[60.202567,41.783462],[60.201849,41.785514],[60.201316,41.786556],[60.201466,41.78727],[60.200171,41.787986],[60.199709,41.788685],[60.192001,41.795634],[60.191272,41.796042],[60.189849,41.796279],[60.188002,41.793852],[60.187813,41.793408],[60.187443,41.793244],[60.186108,41.791538],[60.183978,41.789669],[60.182729,41.788189],[60.181324,41.78692],[60.176152,41.788423],[60.173145,41.789867],[60.172017,41.790869],[60.170961,41.791534],[60.171615,41.792164],[60.1705,41.795921],[60.170165,41.795982],[60.168575,41.797405],[60.166488,41.798454],[60.165465,41.799188],[60.164148,41.798957],[60.163968,41.798772],[60.163526,41.79893],[60.161565,41.79897],[60.161117,41.799142],[60.159697,41.800186],[60.158443,41.800362],[60.156581,41.800071],[60.154873,41.799562],[60.154288,41.799784],[60.152869,41.799658],[60.152098,41.799824],[60.144478,41.800194],[60.143869,41.800581],[60.142897,41.801651],[60.141874,41.802301],[60.141885,41.802533],[60.142358,41.802987],[60.142458,41.803791],[60.142946,41.804633],[60.14228,41.805387],[60.139941,41.805049],[60.139823,41.803949],[60.139675,41.803909],[60.138574,41.804],[60.13557,41.803308],[60.132921,41.803335],[60.132385,41.802161],[60.131003,41.802108],[60.130502,41.801857],[60.129588,41.801694],[60.127938,41.801986],[60.126399,41.801721],[60.126317,41.801506],[60.128473,41.797641],[60.128445,41.797322],[60.1249,41.796267],[60.122629,41.796277],[60.120244,41.797342],[60.119241,41.798519],[60.117831,41.799705],[60.115358,41.799427],[60.113112,41.79949],[60.10484,41.801399],[60.102155,41.802232],[60.099569,41.804082],[60.10093,41.806068],[60.10121,41.80666],[60.101135,41.806863],[60.096741,41.80908],[60.095267,41.809451],[60.093728,41.809527],[60.093102,41.809753],[60.092636,41.81025],[60.092595,41.810826],[60.089982,41.810635],[60.088657,41.810731],[60.088473,41.810845],[60.088505,41.811258],[60.087804,41.8119],[60.085334,41.810701],[60.084744,41.809267],[60.0846,41.807798],[60.084251,41.80683],[60.083508,41.8033],[60.083204,41.802975],[60.082582,41.800982],[60.080973,41.799917],[60.080456,41.799906],[60.079621,41.799007],[60.078982,41.7975],[60.079122,41.796997],[60.080419,41.796289],[60.079788,41.795361],[60.08,41.793812],[60.081413,41.792894],[60.079389,41.79098],[60.079453,41.790537],[60.07867,41.789626],[60.078601,41.789342],[60.078385,41.786851],[60.078133,41.786485],[60.077931,41.784621],[60.078438,41.777689],[60.078879,41.776758],[60.079999,41.775429],[60.08295,41.77328],[60.08409,41.772675],[60.083638,41.772098],[60.083828,41.77195],[60.083629,41.771709],[60.083247,41.771827],[60.082372,41.771241],[60.08077,41.771255],[60.078898,41.771857],[60.07641,41.772393],[60.073826,41.768662],[60.072882,41.76765],[60.071723,41.766806],[60.070908,41.765821],[60.065393,41.767146],[60.060989,41.768626],[60.057704,41.76602],[60.05838,41.765342],[60.058972,41.764993],[60.059403,41.764324],[60.059233,41.76401],[60.056538,41.762221],[60.054208,41.761587],[60.051747,41.760091],[60.048587,41.758668],[60.047022,41.756833],[60.046122,41.754834],[60.045906,41.754876],[60.045159,41.753451],[60.045842,41.753184],[60.045384,41.752422],[60.045664,41.752126],[60.045636,41.751931],[60.049978,41.746976],[60.0493,41.746366],[60.049269,41.746133],[60.05525,41.739412],[60.059257,41.733528],[60.062089,41.730328],[60.06542,41.725766],[60.067521,41.723257],[60.069049,41.720674],[60.070615,41.71902],[60.073375,41.714997],[60.079468,41.70717],[60.081575,41.704701],[60.084749,41.699827],[60.085237,41.69945],[60.087672,41.698487],[60.095943,41.693003],[60.10579,41.685816],[60.113279,41.68072],[60.124961,41.672448],[60.125881,41.671517],[60.12951,41.669528],[60.135016,41.665535],[60.136755,41.664793],[60.141286,41.661904],[60.144942,41.660142],[60.145575,41.659522],[60.148404,41.65553],[60.154692,41.649192],[60.157819,41.64446],[60.168028,41.630225],[60.170853,41.62592],[60.170878,41.62555],[60.172268,41.623001],[60.173746,41.621825],[60.174647,41.619797],[60.177987,41.616902],[60.174419,41.613649],[60.174537,41.612106],[60.175467,41.608154],[60.170982,41.605158],[60.173367,41.603994],[60.174451,41.603895],[60.174572,41.601537],[60.172962,41.593875],[60.173126,41.59385],[60.172801,41.59241],[60.173618,41.59019],[60.172424,41.58989],[60.172841,41.589152],[60.173035,41.587355],[60.174871,41.579943],[60.174386,41.579286],[60.169576,41.581255],[60.169033,41.580885],[60.162908,41.580975],[60.158887,41.580617],[60.154363,41.579353],[60.152618,41.57868],[60.148335,41.574623],[60.147067,41.573779],[60.145345,41.573302],[60.14184,41.568863],[60.145561,41.563986],[60.140703,41.562339],[60.140989,41.555917],[60.128257,41.550135],[60.122741,41.553705],[60.103908,41.542131],[60.103643,41.537148],[60.090808,41.500398],[60.074077,41.457487],[60.077486,41.448678],[60.075854,41.441828],[60.076917,41.434836],[60.093114,41.413194],[60.109749,41.406231],[60.130402,41.395278],[60.151752,41.379861],[60.169323,41.369337],[60.206268,41.349901],[60.230022,41.337202],[60.240195,41.332185],[60.25082,41.329288],[60.257113,41.328641],[60.261127,41.327966],[60.270703,41.325285],[60.273512,41.324037],[60.292556,41.319547],[60.301837,41.317534],[60.322215,41.312208],[60.338166,41.307386],[60.348729,41.303342],[60.362415,41.297294],[60.39013,41.281015],[60.411502,41.259948],[60.415712,41.255969],[60.426516,41.247388],[60.433532,41.242919],[60.459107,41.22721],[60.468026,41.221947],[60.47363,41.219126],[60.48156,41.216765],[60.493566,41.214481],[60.512035,41.216481],[60.553383,41.22155],[60.579104,41.223481],[60.685002,41.256661],[60.702092,41.256846],[60.766867,41.258588],[60.816012,41.258828],[60.915767,41.25005],[60.968565,41.245795],[60.998798,41.242195],[60.999193,41.242259],[61.00047,41.243215],[61.001664,41.233521],[61.001801,41.233339],[61.024991,41.222315],[61.029796,41.222658],[61.030247,41.25954],[61.028059,41.259707],[61.028879,41.26288],[61.030729,41.262659],[61.031709,41.265751],[61.033531,41.269236],[61.033891,41.267619],[61.034149,41.262058],[61.037552,41.261188],[61.04225,41.265724],[61.044987,41.264888],[61.042936,41.255673],[61.051617,41.245906],[61.054802,41.257575],[61.055042,41.257659],[61.055324,41.257434],[61.055102,41.255067],[61.056009,41.254656],[61.059747,41.254219],[61.060303,41.254367],[61.060585,41.254887],[61.061124,41.255037],[61.062082,41.25568],[61.065025,41.254265],[61.064768,41.248053],[61.065778,41.246908],[61.065598,41.243682],[61.068111,41.239918],[61.075461,41.226783],[61.080127,41.216722],[61.082444,41.214726],[61.085148,41.216911],[61.086202,41.225774],[61.090418,41.230105],[61.10139,41.211731],[61.102736,41.210535],[61.112619,41.203107],[61.128608,41.190227],[61.157054,41.178769],[61.171334,41.173243],[61.178481,41.170116],[61.240384,41.145333],[61.292144,41.147366],[61.314857,41.147967],[61.328986,41.148591],[61.330455,41.147812],[61.380824,41.186341],[61.388213,41.192189],[61.38897,41.192418],[61.390074,41.193332],[61.391594,41.194055],[61.39358,41.194945],[61.394423,41.195066],[61.397467,41.196536],[61.397896,41.19732],[61.39728,41.197857],[61.397207,41.198613],[61.397794,41.199602],[61.397787,41.200257],[61.398813,41.200753],[61.399543,41.201444],[61.399032,41.202257],[61.399159,41.203571],[61.398279,41.20491],[61.39653,41.206868],[61.395503,41.208406],[61.399252,41.212676],[61.40435,41.213883],[61.405843,41.21461],[61.403181,41.218101],[61.404304,41.222181],[61.40232,41.251311],[61.405437,41.263683],[61.408618,41.274311],[61.408498,41.287813],[61.431764,41.290895],[61.446444,41.289087],[61.459064,41.286063],[61.481034,41.286728],[61.493583,41.2823],[61.5159,41.272137],[61.530785,41.266479],[61.54541,41.26155],[61.55468,41.264001],[61.560001,41.268001],[61.568241,41.268776],[61.570228,41.266205],[61.585045,41.262168],[61.598927,41.256469],[61.609227,41.256207],[61.624049,41.26232],[61.626885,41.264988],[61.635147,41.253104],[61.641118,41.237613],[61.649934,41.231434],[61.660596,41.225891],[61.674968,41.222083],[61.70245,41.219986],[61.712834,41.215139],[61.736694,41.193902],[61.746232,41.184033],[61.756748,41.175739],[61.780686,41.163186],[61.788979,41.159297],[61.813232,41.1536],[61.854058,41.121338],[61.875208,41.116201],[61.88271,41.11007],[61.885668,41.107213],[61.889533,41.097841],[61.898533,41.077976],[61.900462,41.069025],[61.898093,41.061235],[61.8973,41.05814],[61.900956,41.053418],[61.912605,41.050647],[61.92408,41.048238],[61.946992,41.036994],[61.954723,41.034485],[61.963734,41.027358],[61.97088,41.019137],[61.977161,41.005909],[61.976632,40.995396],[61.980573,40.983608],[61.991565,40.980087],[61.996369,40.973536],[61.994888,40.966259],[61.991401,40.946902],[61.99273,40.931302],[61.995629,40.922978],[61.995816,40.916565],[61.996898,40.900283],[62.000119,40.892406],[61.986856,40.871506],[61.993368,40.85207],[61.98856,40.846061],[61.985688,40.836943],[61.989777,40.826286],[61.99604,40.816818],[62.003256,40.810095],[62.012902,40.803331],[62.026402,40.786816],[62.032166,40.769939],[62.042075,40.757743],[62.04546,40.712106],[62.051999,40.698869],[62.062496,40.691124],[62.066815,40.688813],[62.07819,40.676342],[62.091011,40.656965],[62.097798,40.643028],[62.105492,40.629291],[62.1073,40.612077],[62.110363,40.601684],[62.113073,40.596107],[62.126285,40.579002],[62.128144,40.574369],[62.135451,40.56499],[62.136064,40.564435],[62.143873,40.554535],[62.155862,40.550072],[62.189827,40.535199],[62.207718,40.508515],[62.23631,40.494113],[62.263669,40.484776],[62.271682,40.477886],[62.29227,40.460781],[62.320823,40.446933],[62.328622,40.445844],[62.34946,40.438297],[62.350376,40.433235],[62.343938,40.408958],[62.333248,40.383455],[62.334573,40.374947],[62.350053,40.357507],[62.365658,40.347839],[62.37508,40.339978],[62.385997,40.326804],[62.39148,40.317929],[62.393165,40.31078],[62.392032,40.30121],[62.384315,40.286138],[62.383453,40.276096],[62.388408,40.263351],[62.389744,40.244546],[62.402461,40.210721],[62.405483,40.190259],[62.413784,40.173507],[62.414356,40.151986],[62.41192,40.129876],[62.397094,40.110013],[62.396497,40.099281],[62.400604,40.092972],[62.411348,40.08277],[62.427005,40.064861],[62.428129,40.036162],[62.434913,39.999998],[62.441179,39.989402],[62.453326,39.974535],[62.466948,39.963453],[62.469859,39.958263],[62.794704,39.772936],[62.98522,39.663699],[62.999419,39.655342],[63.131443,39.581538],[63.134687,39.580198],[63.145629,39.574185],[63.31758,39.476567],[63.402285,39.42824],[63.464192,39.393327],[63.479926,39.384682],[63.516039,39.364403],[63.517584,39.363708],[63.565059,39.337599],[63.660134,39.289287],[63.6913,39.273668],[63.694214,39.272439],[63.704175,39.229475],[63.705149,39.223866],[63.719577,39.216361],[63.721294,39.215195],[63.726144,39.21249],[63.762551,39.192802],[63.775664,39.183833],[63.802344,39.17021],[63.844206,39.146919],[63.882128,39.12607],[63.933587,39.097361],[63.991375,39.064712],[63.995575,39.063154],[64.008669,39.053419],[64.011826,39.051635],[64.019125,39.047908],[64.021034,39.046739],[64.023837,39.045399],[64.030076,39.041825],[64.032336,39.040765],[64.035443,39.039008],[64.03771,39.0374],[64.04004,39.036103],[64.041346,39.035476],[64.043616,39.034746],[64.050526,39.030878],[64.058733,39.026858],[64.061924,39.024747],[64.064185,39.023757],[64.070733,39.020135],[64.094944,39.007269],[64.096968,39.006334],[64.104754,39.00196],[64.120079,38.994776],[64.127474,38.991614],[64.133019,38.988923],[64.167336,38.973181],[64.170664,38.971205],[64.174606,38.968049],[64.177661,38.965252],[64.178498,38.964678],[64.179947,38.96418],[64.191543,38.964273],[64.199253,38.964037],[64.213596,38.968],[64.215993,38.9685],[64.226621,38.971454],[64.242142,38.975482],[64.302934,38.991997],[64.304849,38.991968],[64.31113,38.991269],[64.330592,38.995261],[64.392966,38.947714],[64.401995,38.941252],[64.406825,38.937142],[64.410638,38.934204],[64.495264,38.869726],[64.522328,38.84996],[64.535567,38.839637],[64.615444,38.79575],[64.664076,38.77077],[64.685361,38.764326],[64.700683,38.756431],[64.716819,38.752148],[64.726743,38.74467],[64.784053,38.709292],[64.789168,38.703007],[64.797311,38.696258],[64.820451,38.68303],[64.86298,38.681417],[64.896062,38.670465],[64.911932,38.658576],[64.91781,38.657728],[64.928607,38.649671],[64.943434,38.63953],[64.963399,38.626736],[64.976661,38.622672],[64.992945,38.612155],[64.99571,38.611229],[65.031048,38.607699],[65.037461,38.60574],[65.089122,38.567644],[65.15574,38.520333],[65.171182,38.502563],[65.279103,38.443427],[65.297344,38.434349],[65.321434,38.420838],[65.3698,38.394257],[65.375012,38.391084],[65.414873,38.369343],[65.458421,38.345264],[65.464521,38.342464],[65.468836,38.340139],[65.475976,38.335752],[65.480818,38.333357],[65.490796,38.327397],[65.508657,38.317731],[65.541546,38.30027],[65.541832,38.300079],[65.541794,38.299879],[65.537888,38.296937],[65.537674,38.29489],[65.538228,38.293652],[65.537888,38.290884],[65.539742,38.289316],[65.554471,38.288678],[65.561826,38.289542],[65.563848,38.288328],[65.583725,38.284749],[65.639368,38.275474],[65.674831,38.27099],[65.78536,38.259716],[65.827951,38.255571],[65.828582,38.255735],[65.830932,38.255116],[65.832341,38.254176],[65.832479,38.253169],[65.832901,38.252768],[65.832809,38.252457],[65.832154,38.252051],[65.831366,38.252153],[65.831456,38.251227],[65.831751,38.250961],[65.83232,38.250832],[65.833104,38.250947],[65.834829,38.250821],[65.835916,38.251025],[65.837331,38.249957],[65.837811,38.249822],[65.838179,38.249978],[65.837992,38.250524],[65.838092,38.251187],[65.838386,38.251751],[65.838625,38.251846],[65.839876,38.251547],[65.840591,38.25157],[65.841373,38.252115],[65.841894,38.252746],[65.841806,38.254662],[65.842704,38.256635],[65.842908,38.258225],[65.844063,38.259553],[65.844901,38.261982],[65.844958,38.262829],[65.845452,38.263873],[65.84527,38.264805],[65.845092,38.26499],[65.846304,38.265826],[65.846388,38.266436],[65.846223,38.266726],[65.845131,38.266553],[65.844848,38.266953],[65.844905,38.267172],[65.846903,38.26819],[65.847227,38.268224],[65.847005,38.269599],[65.847553,38.269859],[65.849191,38.27],[65.849715,38.271134],[65.848855,38.271663],[65.848766,38.27195],[65.849148,38.272339],[65.851476,38.272805],[65.851992,38.273062],[65.852267,38.273737],[65.852093,38.273864],[65.850832,38.273747],[65.849999,38.273857],[65.849406,38.274376],[65.85014,38.276554],[65.850451,38.276648],[65.850759,38.276516],[65.85154,38.275639],[65.852835,38.275931],[65.855214,38.275194],[65.855573,38.274887],[65.855817,38.274912],[65.856507,38.275799],[65.856495,38.276012],[65.858394,38.276368],[65.859245,38.276265],[65.860758,38.276582],[65.862078,38.276545],[65.86214,38.276364],[65.861915,38.276001],[65.861558,38.275863],[65.861455,38.27557],[65.862135,38.275238],[65.862666,38.275851],[65.862797,38.276929],[65.863947,38.277878],[65.864279,38.277754],[65.864794,38.277208],[65.865714,38.276902],[65.866896,38.277089],[65.867777,38.276952],[65.868507,38.276267],[65.869317,38.275953],[65.869811,38.27539],[65.869772,38.275042],[65.869987,38.274831],[65.871919,38.275958],[65.874148,38.274613],[65.874873,38.274589],[65.875415,38.274985],[65.875324,38.275326],[65.873652,38.276387],[65.873666,38.276592],[65.874339,38.277179],[65.875144,38.277254],[65.877333,38.275752],[65.878149,38.275543],[65.879299,38.276576],[65.879953,38.276694],[65.880685,38.276219],[65.881146,38.276252],[65.882262,38.27681],[65.882301,38.277026],[65.881487,38.277689],[65.88188,38.278075],[65.883535,38.278748],[65.883904,38.278479],[65.884723,38.277175],[65.885143,38.277112],[65.887797,38.278502],[65.888111,38.278411],[65.888389,38.277102],[65.889698,38.276378],[65.890707,38.276673],[65.892499,38.275965],[65.892777,38.276277],[65.892241,38.27754],[65.892241,38.278365],[65.893636,38.278736],[65.895631,38.277961],[65.897927,38.278803],[65.89915,38.277944],[65.901468,38.2785],[65.903099,38.277388],[65.90533,38.277136],[65.906725,38.278281],[65.907455,38.277978],[65.909107,38.278972],[65.910652,38.277894],[65.914364,38.277708],[65.914471,38.276664],[65.917073,38.275478],[65.915415,38.274306],[65.916188,38.272722],[65.917046,38.272065],[65.917969,38.272756],[65.918975,38.274883],[65.919664,38.275401],[65.920222,38.275232],[65.919793,38.274407],[65.920544,38.273716],[65.92093,38.273059],[65.92387,38.274205],[65.92344,38.273076],[65.924513,38.272335],[65.927067,38.271493],[65.92814,38.269538],[65.930779,38.269656],[65.931551,38.268342],[65.929856,38.266472],[65.930157,38.264922],[65.93226,38.263895],[65.932732,38.262858],[65.931444,38.261991],[65.930243,38.260643],[65.930361,38.259952],[65.933483,38.259379],[65.938112,38.257787],[65.938423,38.256886],[65.938804,38.256325],[65.93918,38.256763],[65.939105,38.257083],[65.939518,38.257155],[65.940585,38.256683],[65.940735,38.255335],[65.939877,38.253499],[65.939813,38.252201],[65.940843,38.251662],[65.944834,38.252252],[65.946336,38.251392],[65.948846,38.250331],[65.950134,38.249084],[65.95082,38.247567],[65.953116,38.248123],[65.953202,38.247399],[65.95273,38.246935],[65.952398,38.245579],[65.952634,38.243666],[65.954833,38.244348],[65.955884,38.243615],[65.955402,38.242276],[65.955992,38.241711],[65.956346,38.239444],[65.956732,38.238458],[65.958009,38.239377],[65.959554,38.24204],[65.962965,38.239764],[65.965197,38.239343],[65.968523,38.239427],[65.969628,38.238593],[65.970594,38.237304],[65.96951,38.236082],[65.969317,38.234548],[65.970261,38.234026],[65.970551,38.231759],[65.971838,38.23191],[65.972847,38.233958],[65.974166,38.23395],[65.976087,38.232913],[65.977374,38.230469],[65.976698,38.228564],[65.977407,38.227562],[65.98084,38.227258],[65.983779,38.228472],[65.983844,38.226752],[65.98556,38.226449],[65.986354,38.227342],[65.989916,38.230494],[65.992641,38.231152],[65.994379,38.229129],[65.996096,38.22891],[66.000602,38.229736],[66.001117,38.231034],[66.006224,38.232989],[66.00926,38.233082],[66.009561,38.230604],[66.01102,38.230806],[66.014528,38.230528],[66.016181,38.229786],[66.016717,38.229146],[66.017575,38.226972],[66.019335,38.225556],[66.020622,38.225336],[66.023326,38.227915],[66.025386,38.228725],[66.028025,38.22923],[66.028089,38.228741],[66.026974,38.226415],[66.028132,38.225454],[66.029334,38.22591],[66.030385,38.226752],[66.031523,38.224999],[66.033433,38.223533],[66.037681,38.22446],[66.037767,38.223769],[66.0356,38.222252],[66.034505,38.220439],[66.034902,38.219141],[66.038797,38.219942],[66.04016,38.219478],[66.041168,38.218652],[66.039795,38.218164],[66.040921,38.216857],[66.042445,38.21405],[66.045256,38.211083],[66.046253,38.210391],[66.04856,38.20938],[66.049966,38.208984],[66.051049,38.20997],[66.053914,38.211774],[66.055448,38.212195],[66.056382,38.210695],[66.057551,38.209801],[66.061789,38.211639],[66.064117,38.211917],[66.065533,38.210813],[66.068516,38.208941],[66.070544,38.209515],[66.070887,38.208343],[66.072013,38.207424],[66.073387,38.20712],[66.074406,38.205485],[66.075329,38.20508],[66.076112,38.203824],[66.078537,38.203276],[66.080489,38.202155],[66.080521,38.200426],[66.079942,38.199027],[66.080167,38.198318],[66.080951,38.198614],[66.082774,38.198453],[66.085607,38.198959],[66.088257,38.19987],[66.088268,38.201548],[66.090145,38.202939],[66.091701,38.203107],[66.092763,38.200873],[66.095552,38.199659],[66.097956,38.199802],[66.098138,38.198909],[66.097505,38.195713],[66.09817,38.195477],[66.100348,38.196312],[66.101668,38.196168],[66.10185,38.195764],[66.100563,38.194726],[66.099747,38.193799],[66.099812,38.192543],[66.100756,38.191801],[66.10287,38.191438],[66.102762,38.190148],[66.104951,38.189886],[66.10347,38.188048],[66.103159,38.187458],[66.101303,38.187298],[66.101131,38.186437],[66.102376,38.186437],[66.103996,38.186058],[66.104103,38.184844],[66.102526,38.185274],[66.101786,38.18486],[66.102473,38.183461],[66.104114,38.18395],[66.10449,38.183663],[66.103889,38.182103],[66.105777,38.181706],[66.106378,38.180914],[66.107358,38.180092],[66.107571,38.179555],[66.108214,38.179488],[66.108753,38.180301],[66.109534,38.180427],[66.110426,38.179423],[66.111619,38.178918],[66.112529,38.177865],[66.112853,38.178036],[66.112719,38.178974],[66.111799,38.180355],[66.112099,38.180982],[66.113159,38.181158],[66.115309,38.180483],[66.115572,38.179691],[66.11451,38.178662],[66.113528,38.178096],[66.11303,38.177371],[66.114939,38.17528],[66.115326,38.176655],[66.115862,38.176612],[66.116978,38.175971],[66.119853,38.175255],[66.12143,38.176267],[66.123137,38.177974],[66.124724,38.177818],[66.124542,38.176579],[66.124628,38.175769],[66.125143,38.175373],[66.125754,38.175263],[66.126376,38.17544],[66.127267,38.176073],[66.128168,38.176014],[66.129359,38.175297],[66.131526,38.174909],[66.133382,38.174833],[66.133983,38.175179],[66.134992,38.176477],[66.137075,38.177417],[66.137996,38.176545],[66.139884,38.176224],[66.141611,38.175482],[66.14351,38.173686],[66.145173,38.172471],[66.145849,38.172159],[66.147459,38.172227],[66.148285,38.169966],[66.148757,38.169367],[66.150034,38.16908],[66.151171,38.167824],[66.152051,38.167258],[66.15234,38.167849],[66.151557,38.169325],[66.15219,38.169401],[66.154647,38.168557],[66.155645,38.167984],[66.156664,38.168077],[66.157694,38.167275],[66.158778,38.165622],[66.159421,38.165099],[66.161621,38.164424],[66.166459,38.162543],[66.165762,38.160907],[66.166674,38.159574],[66.166931,38.15884],[66.165172,38.158511],[66.164646,38.157625],[66.164882,38.156908],[66.165794,38.156081],[66.167983,38.157085],[66.16956,38.157178],[66.170403,38.157061],[66.17088,38.15668],[66.170375,38.156191],[66.169206,38.155566],[66.16927,38.155052],[66.169978,38.154807],[66.170472,38.15544],[66.171093,38.155561],[66.173004,38.153904],[66.174195,38.153618],[66.1753,38.15366],[66.177295,38.153373],[66.177982,38.154082],[66.177478,38.155204],[66.177596,38.155997],[66.17884,38.155777],[66.179956,38.15517],[66.180332,38.155246],[66.180546,38.156165],[66.17943,38.157541],[66.179849,38.15787],[66.180589,38.157726],[66.181716,38.15636],[66.182383,38.157272],[66.183025,38.157372],[66.18457,38.158106],[66.185653,38.1583],[66.186093,38.157574],[66.185589,38.156731],[66.186157,38.156781],[66.186973,38.157962],[66.187563,38.157591],[66.188121,38.156545],[66.187531,38.156309],[66.187563,38.15603],[66.188325,38.156081],[66.189258,38.156866],[66.191018,38.155457],[66.191565,38.155524],[66.191576,38.155879],[66.190803,38.156689],[66.191533,38.157321],[66.193153,38.157684],[66.194751,38.15533],[66.195062,38.155659],[66.194923,38.15636],[66.195245,38.157768],[66.19577,38.157439],[66.196672,38.156368],[66.198335,38.156731],[66.198957,38.157119],[66.19826,38.158283],[66.197702,38.159633],[66.198066,38.160232],[66.198667,38.160215],[66.199644,38.159472],[66.200641,38.158249],[66.201414,38.158055],[66.202101,38.158511],[66.202283,38.159759],[66.200362,38.160139],[66.202101,38.161084],[66.203474,38.161531],[66.204021,38.162079],[66.203088,38.162762],[66.201961,38.163884],[66.201897,38.165167],[66.20386,38.165867],[66.206371,38.164188],[66.20592,38.163108],[66.209064,38.162982],[66.209085,38.161556],[66.211365,38.159392],[66.211987,38.157494],[66.212926,38.157325],[66.214723,38.157304],[66.215313,38.155693],[66.216123,38.155149],[66.216665,38.155174],[66.217223,38.156625],[66.217808,38.157144],[66.219138,38.157536],[66.220865,38.157047],[66.223059,38.154858],[66.223816,38.154495],[66.224293,38.154748],[66.223832,38.156494],[66.224309,38.156807],[66.2269,38.156963],[66.22786,38.157519],[66.228515,38.155744],[66.229149,38.155717],[66.231917,38.156207],[66.232218,38.155785],[66.231531,38.154013],[66.23196,38.153591],[66.232625,38.153608],[66.233612,38.154317],[66.234042,38.1557],[66.234836,38.156072],[66.235951,38.155574],[66.236541,38.155717],[66.237314,38.156679],[66.237915,38.156763],[66.238172,38.156536],[66.237979,38.156004],[66.238076,38.155709],[66.238762,38.155076],[66.239438,38.154975],[66.240125,38.155101],[66.240833,38.156089],[66.241981,38.156485],[66.243209,38.156548],[66.243563,38.156759],[66.244046,38.156776],[66.244218,38.155696],[66.244583,38.155401],[66.245259,38.155173],[66.245559,38.155241],[66.246439,38.156261],[66.2469,38.156363],[66.247426,38.155966],[66.248204,38.153667],[66.250398,38.149799],[66.250677,38.148765],[66.25095,38.14839],[66.251806,38.147991],[66.251961,38.147776],[66.251886,38.147468],[66.251079,38.146483],[66.250982,38.145922],[66.251269,38.145388],[66.252165,38.145013],[66.253879,38.143939],[66.254265,38.143981],[66.254169,38.144631],[66.254287,38.144817],[66.254738,38.144758],[66.256379,38.143964],[66.256846,38.14353],[66.256953,38.143192],[66.256363,38.142829],[66.254217,38.142796],[66.253305,38.142559],[66.252763,38.14215],[66.252667,38.141306],[66.25301,38.140901],[66.253954,38.141138],[66.255531,38.141205],[66.255714,38.1408],[66.256647,38.140083],[66.256776,38.139771],[66.25669,38.139433],[66.256379,38.139315],[66.254459,38.139526],[66.253681,38.139302],[66.253616,38.138113],[66.252785,38.13675],[66.252334,38.136454],[66.252495,38.136091],[66.253697,38.135509],[66.254276,38.13491],[66.256175,38.135184],[66.257495,38.134619],[66.258275,38.134528],[66.258938,38.133918],[66.258616,38.133328],[66.258761,38.132454],[66.259512,38.132015],[66.260043,38.131032],[66.26,38.130374],[66.257577,38.128517],[66.257607,38.12833],[66.258105,38.128254],[66.260373,38.12876],[66.262208,38.128473],[66.262712,38.128186],[66.262036,38.127038],[66.261499,38.126583],[66.260872,38.125329],[66.261435,38.124245],[66.261821,38.12389],[66.262208,38.124084],[66.263023,38.124152],[66.267363,38.122603],[66.267298,38.122384],[66.265786,38.121911],[66.2657,38.121101],[66.265839,38.119784],[66.26556,38.119155],[66.265882,38.118902],[66.266676,38.119088],[66.267703,38.119832],[66.268267,38.119883],[66.268894,38.119647],[66.269095,38.119147],[66.268715,38.117239],[66.268972,38.117045],[66.26946,38.117096],[66.269884,38.117408],[66.270756,38.1189],[66.271056,38.119123],[66.271759,38.119237],[66.271941,38.118997],[66.271619,38.117921],[66.271657,38.117036],[66.270615,38.11602],[66.270561,38.11578],[66.271229,38.114659],[66.271884,38.114338],[66.272329,38.113771],[66.272273,38.113503],[66.271347,38.113102],[66.272011,38.111567],[66.271914,38.111263],[66.270348,38.110376],[66.270107,38.109697],[66.270214,38.109021],[66.271115,38.107991],[66.27163,38.107738],[66.274012,38.107688],[66.275026,38.106561],[66.27567,38.106113],[66.278733,38.105425],[66.282287,38.10387],[66.283982,38.102544],[66.286165,38.102354],[66.287045,38.102523],[66.287367,38.102287],[66.28786,38.100049],[66.289368,38.098931],[66.289888,38.099247],[66.290676,38.10094],[66.291036,38.101054],[66.291444,38.100906],[66.29169,38.100552],[66.29169,38.0998],[66.292176,38.099325],[66.292578,38.098333],[66.291741,38.097421],[66.291677,38.097008],[66.292777,38.09659],[66.292358,38.095788],[66.290899,38.094952],[66.290845,38.094504],[66.291135,38.09409],[66.291591,38.094044],[66.29201,38.09423],[66.292428,38.094145],[66.292728,38.093732],[66.292771,38.093183],[66.293018,38.092963],[66.293962,38.092837],[66.294971,38.092946],[66.296564,38.093411],[66.297049,38.093299],[66.297387,38.093016],[66.297468,38.092623],[66.29695,38.091638],[66.297197,38.091198],[66.297798,38.090734],[66.298844,38.090476],[66.299048,38.089885],[66.298812,38.089497],[66.299026,38.089244],[66.299595,38.089396],[66.300228,38.09013],[66.300571,38.090248],[66.301918,38.090396],[66.30239,38.090194],[66.302352,38.089455],[66.302127,38.088881],[66.302089,38.086791],[66.30262,38.086018],[66.304004,38.085435],[66.3046,38.084705],[66.304761,38.083936],[66.305061,38.083565],[66.305909,38.083396],[66.306037,38.081774],[66.306563,38.081023],[66.307164,38.080643],[66.307872,38.080609],[66.309197,38.081238],[66.309959,38.080909],[66.311423,38.079553],[66.311102,38.079156],[66.309959,38.078426],[66.30968,38.077556],[66.30998,38.077151],[66.310474,38.077007],[66.311236,38.077125],[66.311579,38.077792],[66.311997,38.077809],[66.312427,38.077531],[66.312979,38.076471],[66.312939,38.075814],[66.313564,38.07558],[66.314529,38.075799],[66.315313,38.075419],[66.316074,38.074718],[66.317292,38.072434],[66.320521,38.070896],[66.320956,38.0702],[66.321482,38.068502],[66.322029,38.067767],[66.322399,38.066791],[66.323794,38.065862],[66.325288,38.065603],[66.326736,38.065066],[66.327439,38.065083],[66.328084,38.065278],[66.329586,38.066444],[66.331131,38.065954],[66.332151,38.065951],[66.33445,38.066046],[66.33648,38.066382],[66.338299,38.066242],[66.3396,38.066595],[66.341062,38.066614],[66.341673,38.066445],[66.342762,38.066525],[66.343417,38.066268],[66.343752,38.065915],[66.34439,38.0651],[66.344648,38.064433],[66.345892,38.063039],[66.346472,38.06287],[66.347234,38.063106],[66.347716,38.063791],[66.348221,38.064069],[66.349141,38.063725],[66.349369,38.063487],[66.349336,38.062973],[66.349473,38.06291],[66.351113,38.063036],[66.351939,38.063483],[66.352197,38.063399],[66.352433,38.062487],[66.352465,38.060721],[66.352787,38.060113],[66.353313,38.059572],[66.35416,38.059125],[66.354911,38.059006],[66.356349,38.059547],[66.357218,38.059277],[66.358677,38.058212],[66.358924,38.057655],[66.358956,38.056987],[66.358838,38.056582],[66.358151,38.056117],[66.358677,38.055872],[66.359096,38.05599],[66.359353,38.055847],[66.359031,38.054774],[66.359128,38.054318],[66.360458,38.052383],[66.361511,38.051429],[66.363257,38.050657],[66.364027,38.050837],[66.364173,38.050554],[66.36412,38.050077],[66.364434,38.049683],[66.365089,38.049512],[66.367047,38.049796],[66.367986,38.049567],[66.368647,38.049742],[66.370461,38.050651],[66.372257,38.050876],[66.375165,38.049783],[66.375513,38.04935],[66.376232,38.04894],[66.377128,38.048839],[66.37819,38.047157],[66.37877,38.046727],[66.381516,38.04611],[66.382471,38.045501],[66.383056,38.044859],[66.383217,38.044251],[66.383517,38.043892],[66.383195,38.042861],[66.383254,38.042358],[66.384005,38.041446],[66.384072,38.03957],[66.38434,38.039131],[66.385505,38.038607],[66.385998,38.038024],[66.386676,38.038084],[66.386819,38.0377],[66.38675,38.037274],[66.386485,38.037063],[66.387095,38.036964],[66.388267,38.037284],[66.388643,38.03709],[66.389558,38.035309],[66.392221,38.035707],[66.392462,38.035163],[66.392092,38.033274],[66.392398,38.032945],[66.394168,38.032442],[66.395515,38.032721],[66.396051,38.032624],[66.397559,38.031166],[66.399458,38.031394],[66.400938,38.031179],[66.403588,38.031145],[66.405058,38.0309],[66.407445,38.029763],[66.408526,38.029634],[66.408926,38.029438],[66.409907,38.029413],[66.410597,38.029139],[66.410962,38.029675],[66.411555,38.029804],[66.412689,38.029292],[66.413276,38.028461],[66.4139,38.02843],[66.414601,38.027993],[66.415515,38.027725],[66.41562,38.027188],[66.415309,38.026203],[66.415647,38.025873],[66.417074,38.025337],[66.417192,38.02499],[66.416782,38.024639],[66.416655,38.024306],[66.417179,38.024149],[66.421602,38.02423],[66.423056,38.023879],[66.424198,38.02409],[66.424933,38.02398],[66.426022,38.024496],[66.426612,38.024597],[66.428372,38.023947],[66.430099,38.024099],[66.432274,38.02514],[66.432693,38.025373],[66.432864,38.025702],[66.432891,38.026366],[66.433111,38.026586],[66.433838,38.026672],[66.434527,38.026484],[66.436182,38.026649],[66.437231,38.026497],[66.438406,38.02694],[66.439058,38.026752],[66.44019,38.026015],[66.441987,38.025639],[66.443017,38.026264],[66.444256,38.026721],[66.445474,38.026332],[66.446267,38.02637],[66.44667,38.025609],[66.447067,38.0255],[66.448649,38.026062],[66.450039,38.02618],[66.4516,38.02697],[66.452265,38.026809],[66.453027,38.026362],[66.453466,38.026497],[66.454808,38.027697],[66.455247,38.027857],[66.4575,38.027857],[66.459324,38.027469],[66.460451,38.028491],[66.460837,38.02926],[66.461341,38.029396],[66.462758,38.029227],[66.463938,38.029396],[66.464807,38.029294],[66.46544,38.029505],[66.465794,38.029894],[66.466169,38.031297],[66.466641,38.031707],[66.467645,38.032167],[66.468594,38.032286],[66.470048,38.03221],[66.473068,38.032746],[66.474087,38.032201],[66.474559,38.032222],[66.475144,38.03251],[66.476013,38.032611],[66.477097,38.033718],[66.477413,38.033765],[66.478651,38.033349],[66.47967,38.033502],[66.481328,38.034638],[66.481934,38.034735],[66.48253,38.035099],[66.482422,38.036058],[66.482589,38.036324],[66.483125,38.036421],[66.48416,38.036206],[66.48475,38.036248],[66.485437,38.036535],[66.487534,38.038394],[66.488795,38.038589],[66.491477,38.039531],[66.491713,38.03981],[66.491569,38.040669],[66.492084,38.040967],[66.494935,38.041567],[66.49659,38.041316],[66.497931,38.041519],[66.49946,38.041345],[66.50049,38.040699],[66.502163,38.040707],[66.503762,38.041574],[66.504636,38.041759],[66.506648,38.041295],[66.507243,38.040817],[66.507946,38.039619],[66.511119,38.038231],[66.512632,38.037788],[66.513116,38.037162],[66.513747,38.037264],[66.514222,38.03691],[66.51481,38.0358],[66.515571,38.035126],[66.517204,38.034738],[66.51723,38.034288],[66.517533,38.033737],[66.517853,38.033628],[66.518207,38.033968],[66.518829,38.033907],[66.51902,38.033349],[66.519677,38.032879],[66.522382,38.032505],[66.523549,38.03294],[66.52495,38.033791],[66.52546,38.033791],[66.526497,38.033301],[66.528114,38.03324],[66.529039,38.032838],[66.52973,38.032314],[66.531658,38.032069],[66.532557,38.032205],[66.533343,38.031769],[66.534,38.032525],[66.534683,38.032838],[66.535634,38.03292],[66.536663,38.032838],[66.538132,38.032089],[66.538928,38.032096],[66.539386,38.031851],[66.540025,38.03117],[66.540458,38.030189],[66.540976,38.029556],[66.541875,38.02957],[66.542506,38.029379],[66.543431,38.029624],[66.543258,38.029059],[66.543353,38.02876],[66.543959,38.028337],[66.545108,38.028065],[66.545739,38.027425],[66.546258,38.027187],[66.546552,38.026792],[66.546535,38.026567],[66.545791,38.026295],[66.546059,38.025675],[66.545973,38.024769],[66.546699,38.024259],[66.549059,38.023503],[66.549474,38.023162],[66.55033,38.023115],[66.550468,38.022903],[66.551566,38.023081],[66.55224,38.022631],[66.552707,38.022522],[66.55326,38.021868],[66.554073,38.021766],[66.554902,38.021153],[66.555309,38.021167],[66.555698,38.021562],[66.556061,38.021678],[66.556778,38.021181],[66.557893,38.02131],[66.559294,38.020752],[66.561126,38.02069],[66.561991,38.020418],[66.562769,38.0199],[66.563253,38.019342],[66.564057,38.019185],[66.566019,38.019341],[66.568542,38.018929],[66.573364,38.018941],[66.584886,38.015197],[66.59186,38.013668],[66.594637,38.01162],[66.595764,38.010144],[66.596602,38.009846],[66.598162,38.008587],[66.600325,38.007753],[66.615925,38.003763],[66.621039,38.002004],[66.621919,38.001328],[66.62424,38.000056],[66.643354,37.99192],[66.672337,37.97505],[66.673212,37.973963],[66.674514,37.972716],[66.686725,37.951386],[66.705088,37.922404],[66.7063,37.92164],[66.707436,37.920045],[66.70748,37.91871],[66.707165,37.917778],[66.70632,37.916993],[66.706131,37.916498],[66.706243,37.914718],[66.705848,37.914138],[66.704929,37.913783],[66.702015,37.913117],[66.700783,37.913438],[66.699698,37.913176],[66.699464,37.913302],[66.698885,37.913156],[66.69801,37.913399],[66.696445,37.912952],[66.693474,37.91304],[66.692778,37.91274],[66.691453,37.912835],[66.690659,37.913043],[66.689911,37.913994],[66.689283,37.914096],[66.687537,37.91516],[66.68658,37.915097],[66.685108,37.914275],[66.683923,37.914668],[66.682216,37.914206],[66.681574,37.914449],[66.68097,37.914309],[66.680108,37.914467],[66.679463,37.913646],[66.67684,37.913234],[66.676067,37.912351],[66.674143,37.91148],[66.672761,37.911444],[66.670071,37.9108],[66.66914,37.909568],[66.667107,37.908404],[66.664954,37.907822],[66.663899,37.907376],[66.663292,37.906401],[66.66253,37.906103],[66.661968,37.905372],[66.660134,37.904486],[66.658936,37.904833],[66.658473,37.904108],[66.65777,37.902314],[66.656717,37.90138],[66.65479,37.900446],[66.653132,37.899255],[66.651132,37.898964],[66.650083,37.897713],[66.645523,37.897577],[66.644231,37.896982],[66.641475,37.897227],[66.641525,37.896416],[66.641933,37.895662],[66.64191,37.895083],[66.641162,37.89452],[66.640431,37.894431],[66.639429,37.893379],[66.638925,37.891988],[66.638072,37.891035],[66.637711,37.888797],[66.636638,37.887962],[66.636732,37.8866],[66.63565,37.88568],[66.633814,37.884993],[66.632645,37.885519],[66.632384,37.883943],[66.63202,37.88368],[66.630554,37.883488],[66.629071,37.882456],[66.627531,37.881815],[66.626165,37.881724],[66.625391,37.881408],[66.62453,37.880612],[66.623174,37.8801],[66.622179,37.880022],[66.620842,37.879594],[66.620501,37.879064],[66.619716,37.878844],[66.618175,37.877462],[66.615828,37.875835],[66.613829,37.873491],[66.612954,37.871879],[66.611782,37.871493],[66.60982,37.870497],[66.60847,37.869399],[66.60718,37.868613],[66.606177,37.867312],[66.605166,37.865315],[66.603368,37.863705],[66.602446,37.862233],[66.602299,37.860891],[66.601969,37.860003],[66.601142,37.858762],[66.6011,37.857551],[66.600777,37.856238],[66.599647,37.854464],[66.598662,37.85175],[66.596738,37.850441],[66.596398,37.849793],[66.59463,37.848949],[66.590518,37.846187],[66.589712,37.845495],[66.588405,37.844869],[66.587887,37.844296],[66.586867,37.844186],[66.586061,37.843714],[66.585762,37.842522],[66.584966,37.841588],[66.5839,37.841189],[66.582711,37.839968],[66.581858,37.839861],[66.58095,37.839236],[66.581339,37.838591],[66.580751,37.837929],[66.578567,37.8374],[66.579206,37.836807],[66.579786,37.835846],[66.579498,37.835001],[66.579056,37.834351],[66.577173,37.833307],[66.576921,37.832804],[66.576951,37.832059],[66.577244,37.831187],[66.576645,37.829832],[66.576292,37.828139],[66.576601,37.826624],[66.575109,37.823865],[66.573606,37.822478],[66.573776,37.821552],[66.572134,37.819861],[66.571666,37.818108],[66.571109,37.817394],[66.570555,37.8173],[66.569877,37.81673],[66.569051,37.81554],[66.567152,37.814347],[66.566448,37.812577],[66.566192,37.810762],[66.564906,37.80884],[66.564645,37.807882],[66.563929,37.807209],[66.563304,37.806196],[66.563185,37.805279],[66.56293,37.804963],[66.562181,37.804657],[66.561832,37.803934],[66.560901,37.803858],[66.559503,37.802217],[66.559859,37.801763],[66.559684,37.801067],[66.560858,37.799341],[66.560604,37.798207],[66.560813,37.79732],[66.560615,37.796755],[66.561376,37.795511],[66.561194,37.794881],[66.559631,37.793503],[66.559271,37.792076],[66.558222,37.791383],[66.557395,37.790366],[66.557436,37.789799],[66.556688,37.789129],[66.554591,37.788331],[66.554166,37.787529],[66.552145,37.786279],[66.552262,37.785802],[66.551791,37.785358],[66.551293,37.784038],[66.550541,37.78307],[66.550489,37.782668],[66.549057,37.780812],[66.54827,37.77932],[66.547641,37.778574],[66.547248,37.77761],[66.547892,37.776655],[66.546574,37.775043],[66.545992,37.773882],[66.545149,37.773295],[66.543457,37.772887],[66.542624,37.77251],[66.542889,37.771813],[66.543873,37.771433],[66.544375,37.770795],[66.544132,37.769603],[66.545109,37.767588],[66.545605,37.767093],[66.545734,37.765831],[66.546238,37.764949],[66.545685,37.763429],[66.545758,37.762737],[66.544638,37.760167],[66.544893,37.758444],[66.544707,37.757602],[66.544318,37.757114],[66.54467,37.756136],[66.544444,37.755151],[66.544949,37.753803],[66.544858,37.75298],[66.545214,37.752265],[66.545583,37.749198],[66.544755,37.748777],[66.543905,37.747175],[66.542807,37.746809],[66.542082,37.745991],[66.541284,37.74416],[66.541534,37.743334],[66.541518,37.74228],[66.542484,37.740936],[66.542278,37.740162],[66.542358,37.739289],[66.542788,37.737555],[66.543211,37.736791],[66.543291,37.735878],[66.542763,37.734596],[66.542875,37.733932],[66.542756,37.733256],[66.5431,37.731826],[66.54363,37.731354],[66.543558,37.729543],[66.543792,37.728527],[66.544705,37.727635],[66.545491,37.725714],[66.545836,37.721888],[66.546637,37.720207],[66.546871,37.718894],[66.547273,37.717825],[66.547315,37.715222],[66.548393,37.712487],[66.549085,37.710171],[66.549003,37.709111],[66.549663,37.707615],[66.549036,37.706512],[66.548949,37.705775],[66.550044,37.703322],[66.549798,37.702001],[66.550702,37.70008],[66.551419,37.69718],[66.550934,37.696168],[66.549213,37.69448],[66.5489,37.693213],[66.548175,37.691694],[66.54783,37.690551],[66.547822,37.689499],[66.549083,37.688304],[66.549127,37.68785],[66.550146,37.68707],[66.550059,37.686612],[66.54965,37.686061],[66.549454,37.684561],[66.547344,37.68127],[66.543868,37.677087],[66.543347,37.675815],[66.543919,37.67473],[66.544076,37.673237],[66.543546,37.671632],[66.543707,37.669422],[66.544135,37.668412],[66.542609,37.665953],[66.542314,37.663956],[66.542575,37.660607],[66.543009,37.658965],[66.54207,37.653457],[66.543134,37.653373],[66.543414,37.651193],[66.543165,37.65037],[66.541546,37.647968],[66.540758,37.647221],[66.540334,37.645914],[66.539956,37.645434],[66.541772,37.643485],[66.541889,37.642669],[66.541518,37.641568],[66.53834,37.636769],[66.536938,37.635751],[66.536075,37.634458],[66.536334,37.632031],[66.536745,37.631024],[66.536764,37.630157],[66.536288,37.628879],[66.534411,37.626893],[66.53466,37.625554],[66.534248,37.623725],[66.533988,37.621018],[66.531863,37.6184],[66.531078,37.61666],[66.530079,37.615385],[66.529581,37.612914],[66.527679,37.610761],[66.526408,37.608642],[66.524723,37.60657],[66.523617,37.602537],[66.522454,37.599048],[66.522428,37.598023],[66.522654,37.597385],[66.523469,37.596748],[66.523959,37.596],[66.52491,37.590121],[66.527097,37.588571],[66.527729,37.587527],[66.528969,37.586473],[66.529988,37.5845],[66.53162,37.581862],[66.530387,37.577591],[66.529906,37.573239],[66.527337,37.562073],[66.525621,37.558093],[66.527658,37.537888],[66.533627,37.526067],[66.533918,37.51437],[66.534998,37.512266],[66.535537,37.511694],[66.54033,37.509577],[66.540959,37.509005],[66.541552,37.508038],[66.542396,37.507468],[66.543476,37.506026],[66.547131,37.503085],[66.553857,37.49928],[66.554296,37.498583],[66.554267,37.497611],[66.558173,37.496479],[66.561562,37.495232],[66.565446,37.49405],[66.566821,37.493931],[66.567749,37.493512],[66.568882,37.490947],[66.56976,37.490264],[66.56958,37.489587],[66.569855,37.489365],[66.570176,37.489441],[66.570541,37.489286],[66.571622,37.488258],[66.571802,37.487772],[66.571756,37.487376],[66.572248,37.486206],[66.572894,37.485835],[66.572872,37.485495],[66.573413,37.484971],[66.57363,37.48449],[66.573578,37.484054],[66.573775,37.483312],[66.573619,37.482875],[66.573934,37.482294],[66.573941,37.481631],[66.57411,37.481357],[66.573901,37.480618],[66.57459,37.479732],[66.574474,37.479476],[66.574681,37.478634],[66.576457,37.476338],[66.576403,37.475871],[66.576578,37.475349],[66.577615,37.474278],[66.577524,37.473392],[66.577713,37.472443],[66.577593,37.471864],[66.577913,37.470971],[66.580092,37.469066],[66.580507,37.467628],[66.573582,37.451983],[66.57246,37.451165],[66.571985,37.450606],[66.56818,37.448344],[66.561805,37.445283],[66.559328,37.444539],[66.55655,37.442319],[66.555667,37.441962],[66.55444,37.44106],[66.553806,37.440836],[66.553366,37.440233],[66.552616,37.439848],[66.55249,37.439351],[66.550836,37.436822],[66.549706,37.435868],[66.547543,37.434919],[66.546458,37.434711],[66.545198,37.432438],[66.541653,37.429612],[66.539161,37.427862],[66.535648,37.423635],[66.534642,37.421019],[66.532102,37.41934],[66.531036,37.418032],[66.52982,37.415852],[66.528949,37.415069],[66.526274,37.413671],[66.524884,37.413173],[66.524387,37.412635],[66.522827,37.41149],[66.522012,37.411206],[66.521714,37.410873],[66.521403,37.409896],[66.520313,37.408707],[66.51883,37.405865],[66.517904,37.405346],[66.516663,37.404004],[66.514221,37.403708],[66.513732,37.403444],[66.513543,37.402834],[66.512274,37.401711],[66.512138,37.401277],[66.511419,37.401119],[66.511286,37.400719],[66.510609,37.400712],[66.510455,37.400342],[66.50984,37.40023],[66.509604,37.399789],[66.509098,37.399614],[66.508748,37.398431],[66.508156,37.398321],[66.505694,37.396802],[66.503716,37.396151],[66.502644,37.395994],[66.502251,37.395761],[66.502151,37.395186],[66.500178,37.392719],[66.501611,37.392049],[66.504686,37.392022],[66.505202,37.391718],[66.505649,37.391137],[66.506064,37.390575],[66.506238,37.389931],[66.506874,37.389595],[66.508746,37.389046],[66.509128,37.389259],[66.509253,37.389705],[66.510236,37.389987],[66.510944,37.389914],[66.51127,37.389503],[66.511785,37.389391],[66.511982,37.388997],[66.512299,37.388836],[66.512177,37.388458],[66.512517,37.38803],[66.512923,37.387857],[66.512842,37.387291],[66.512424,37.386841],[66.513046,37.386378],[66.512881,37.386052],[66.514217,37.385281],[66.514364,37.384549],[66.515473,37.38415],[66.515644,37.383639],[66.515266,37.383297],[66.515231,37.38234],[66.517287,37.38184],[66.518237,37.380995],[66.518198,37.380393],[66.518521,37.379901],[66.521265,37.378291],[66.521883,37.372429],[66.526915,37.373012],[66.528636,37.371643],[66.536082,37.369813],[66.537557,37.369293],[66.54091,37.367186],[66.5433,37.365899],[66.54537,37.362678],[66.546988,37.360684],[66.546678,37.358876],[66.55149,37.354385],[66.560478,37.362453],[66.563303,37.363602],[66.567304,37.36578],[66.571517,37.367832],[66.575097,37.36917],[66.578887,37.369627],[66.58373,37.369872],[66.588731,37.369613],[66.593677,37.368724],[66.595676,37.367462],[66.596728,37.366285],[66.598148,37.365527],[66.602042,37.36485],[66.604041,37.363671],[66.607089,37.360728],[66.608666,37.358921],[66.609716,37.357198],[66.610345,37.355182],[66.610024,37.351195],[66.610022,37.349726],[66.610232,37.349054],[66.613385,37.34611],[66.61533,37.34489],[66.617117,37.343376],[66.619691,37.340307],[66.621003,37.338416],[66.621948,37.336525],[66.622313,37.33451],[66.622258,37.332999],[66.622888,37.332032],[66.625363,37.330207],[66.626895,37.329551],[66.629194,37.328852],[66.630618,37.328589],[66.637466,37.328978],[66.643655,37.328668],[66.646831,37.327967],[66.648692,37.327398],[66.649622,37.326743],[66.652244,37.323554],[66.653229,37.323117],[66.654269,37.322985],[66.65668,37.323245],[66.659092,37.324203],[66.66156,37.325642],[66.663205,37.326295],[66.663809,37.326819],[66.665838,37.32769],[66.667155,37.328693],[66.668693,37.330438],[66.669573,37.332096],[66.670251,37.332896],[66.671842,37.336408],[66.672329,37.338385],[66.672193,37.339484],[66.671577,37.340969],[66.671647,37.341628],[66.672061,37.342067],[66.674061,37.343271],[66.675096,37.344203],[66.685857,37.351596],[66.688343,37.354172],[66.690275,37.355706],[66.692621,37.357019],[66.694964,37.357508],[66.697444,37.357502],[66.704811,37.356441],[66.708461,37.356102],[66.710597,37.356372],[66.717903,37.357947],[66.721007,37.359312],[66.72556,37.361663],[66.727905,37.362646],[66.730319,37.363574],[66.731284,37.363736],[66.732868,37.363732],[66.734726,37.362903],[66.736926,37.361578],[66.738506,37.3602],[66.739947,37.358438],[66.740976,37.356787],[66.742762,37.355354],[66.745308,37.354578],[66.751191,37.35381],[66.75543,37.355534],[66.757546,37.356534],[66.759657,37.357765],[66.769011,37.360855],[66.773861,37.361111],[66.781435,37.361129],[66.786212,37.362121],[66.793359,37.363101],[66.799484,37.363281],[66.800872,37.363255],[66.803089,37.362364],[66.806579,37.361398],[66.80971,37.361028],[66.811286,37.360312],[66.814042,37.358597],[66.816551,37.357525],[66.823928,37.355969],[66.845416,37.354573],[66.849791,37.354104],[66.855646,37.357985],[66.865163,37.362507],[66.870501,37.365248],[66.871191,37.365442],[66.872674,37.366386],[66.880492,37.368569],[66.887455,37.370187],[66.897188,37.372027],[66.8996,37.372844],[66.902803,37.374549],[66.904125,37.374936],[66.907541,37.37752],[66.912366,37.381877],[66.914302,37.383379],[66.918772,37.385331],[66.923322,37.386269],[66.925264,37.387494],[66.927325,37.388491],[66.931029,37.391217],[66.935311,37.39395],[66.945062,37.398001],[66.946443,37.398389],[66.947482,37.398494],[66.949974,37.39825],[66.951138,37.397942],[66.957891,37.395815],[66.962553,37.394076],[66.966702,37.392007],[66.969925,37.38988],[66.974451,37.389199],[66.977039,37.387018],[66.979374,37.38594],[66.988705,37.384952],[66.989456,37.385007],[66.99126,37.38443],[66.99231,37.383982],[66.993194,37.383163],[66.995977,37.379875],[66.997452,37.378371],[66.998942,37.37754],[67.000752,37.376944],[67.005197,37.37638],[67.007247,37.375739],[67.010045,37.373728],[67.01107,37.373407],[67.020696,37.374287],[67.022726,37.374646],[67.029442,37.377203],[67.031459,37.378132],[67.033843,37.378732],[67.038675,37.379743],[67.043573,37.380421],[67.044771,37.380436],[67.045794,37.38021],[67.048087,37.379429],[67.049909,37.378213],[67.051616,37.376806],[67.053557,37.375639],[67.057431,37.373687],[67.059192,37.372518],[67.060841,37.370967],[67.06348,37.367857],[67.068292,37.361013],[67.069148,37.360166],[67.075761,37.355961],[67.079821,37.353629],[67.081765,37.352271],[67.0869,37.350047],[67.087755,37.349248],[67.087845,37.347726],[67.086895,37.344335],[67.086728,37.342946],[67.086829,37.341669],[67.087263,37.34096],[67.090609,37.338334],[67.096486,37.33488],[67.098709,37.334478],[67.103144,37.334244],[67.104648,37.333193],[67.107594,37.330459],[67.108445,37.329981],[67.110141,37.329436],[67.112035,37.328109],[67.112424,37.327069],[67.112056,37.323338],[67.112138,37.320879],[67.113306,37.317832],[67.11366,37.316008],[67.113629,37.314853],[67.113313,37.31403],[67.113083,37.312105],[67.111987,37.30765],[67.111892,37.305275],[67.111267,37.302901],[67.107356,37.296936],[67.106781,37.293898],[67.106742,37.291377],[67.107761,37.288993],[67.107759,37.286599],[67.108177,37.285863],[67.110703,37.284801],[67.113962,37.282299],[67.123412,37.275831],[67.123896,37.274717],[67.125228,37.273236],[67.127877,37.271468],[67.132482,37.270387],[67.134239,37.26805],[67.138477,37.265074],[67.142951,37.265127],[67.151612,37.266215],[67.15371,37.26571],[67.158224,37.26575],[67.163328,37.266681],[67.169758,37.267417],[67.173863,37.26719],[67.180167,37.264318],[67.18837,37.260101],[67.191319,37.2595],[67.198906,37.258838],[67.205841,37.255571],[67.223629,37.243864],[67.234162,37.216012],[67.246187,37.189022],[67.257416,37.183242],[67.270036,37.182116],[67.304817,37.194039],[67.325464,37.197748],[67.340294,37.204062],[67.361262,37.209602],[67.377261,37.219494],[67.401708,37.217516],[67.418601,37.224559],[67.453096,37.236481],[67.456361,37.238306],[67.464683,37.246979],[67.474254,37.259764],[67.484928,37.265563],[67.493732,37.268796],[67.502605,37.269596],[67.51681,37.265154],[67.524942,37.259626],[67.53742,37.247517],[67.546162,37.236464],[67.558246,37.222444],[67.56598,37.218385],[67.573304,37.217219],[67.576446,37.220751],[67.589077,37.227323],[67.597429,37.229985],[67.607355,37.229265],[67.617906,37.227787],[67.642657,37.221096],[67.681492,37.220002],[67.689226,37.218907],[67.707474,37.218907],[67.722518,37.213966],[67.740548,37.209345],[67.751982,37.2028],[67.771796,37.193423],[67.778755,37.188841],[67.780901,37.1816],[67.789258,37.186655],[67.795314,37.188714],[67.79609,37.189395],[67.796333,37.190162],[67.794964,37.195465],[67.797423,37.196028],[67.797381,37.196126],[67.798738,37.196553],[67.798798,37.19701],[67.79851,37.1987],[67.797706,37.20105],[67.796326,37.202199],[67.814897,37.245986],[67.813691,37.249223],[67.810658,37.261245],[67.810584,37.263011],[67.811364,37.264555],[67.813096,37.266233],[67.813083,37.266532],[67.811934,37.268328],[67.812053,37.268742],[67.812396,37.269111],[67.815657,37.269774],[67.817215,37.270939],[67.817823,37.271629],[67.818906,37.273622],[67.819468,37.274267],[67.82268,37.276097],[67.822907,37.276375],[67.82614,37.283543],[67.826313,37.285778],[67.825003,37.288111],[67.825542,37.288928],[67.826606,37.289734],[67.829578,37.291031],[67.833073,37.296699],[67.837658,37.30185],[67.840647,37.307952],[67.84072,37.308402],[67.841722,37.320716],[67.841881,37.328194],[67.84168,37.329167],[67.839627,37.334467],[67.831083,37.3483],[67.822243,37.35612],[67.820377,37.359077],[67.818922,37.364449],[67.818039,37.370637],[67.814866,37.377069],[67.81386,37.378229],[67.804597,37.384524],[67.801159,37.387779],[67.80073,37.388637],[67.800823,37.391742],[67.80065,37.392733],[67.79885,37.397106],[67.800185,37.398693],[67.800349,37.399614],[67.800092,37.400303],[67.798961,37.401914],[67.791579,37.411405],[67.790536,37.414152],[67.790161,37.418203],[67.790412,37.419131],[67.795298,37.424724],[67.800278,37.428132],[67.803167,37.430764],[67.805555,37.433622],[67.805699,37.433943],[67.809289,37.462079],[67.808837,37.467302],[67.814662,37.479823],[67.820427,37.485887],[67.823773,37.494258],[67.827776,37.501992],[67.833243,37.507019],[67.833332,37.50728],[67.833386,37.509613],[67.834947,37.515472],[67.83535,37.522902],[67.831376,37.533989],[67.831458,37.538755],[67.8307,37.542477],[67.830641,37.544013],[67.837826,37.554068],[67.83809,37.559877],[67.841308,37.56824],[67.842501,37.56985],[67.845516,37.572546],[67.848687,37.577266],[67.852178,37.5804],[67.852265,37.580781],[67.851988,37.583653],[67.852057,37.584196],[67.85238,37.584697],[67.853169,37.585252],[67.854837,37.585384],[67.855723,37.585765],[67.859896,37.590705],[67.861636,37.591466],[67.862063,37.59186],[67.862288,37.592361],[67.862554,37.595362],[67.862758,37.596152],[67.862501,37.596416],[67.8608,37.596962],[67.859924,37.598895],[67.85956,37.600595],[67.858821,37.601304],[67.857761,37.60172],[67.857325,37.602288],[67.857194,37.603905],[67.856681,37.605053],[67.857046,37.606342],[67.856609,37.607621],[67.853924,37.608348],[67.853311,37.608712],[67.852506,37.609651],[67.852293,37.610916],[67.852539,37.611566],[67.854597,37.613827],[67.855562,37.614303],[67.858213,37.615139],[67.859876,37.614452],[67.86125,37.614485],[67.865712,37.616925],[67.86643,37.61752],[67.867368,37.619263],[67.86756,37.623027],[67.867332,37.62535],[67.867353,37.631317],[67.866116,37.632194],[67.864131,37.635442],[67.863418,37.636833],[67.863237,37.637575],[67.863388,37.638345],[67.863613,37.638479],[67.866217,37.638317],[67.867242,37.638754],[67.869531,37.639272],[67.869975,37.639577],[67.871071,37.641043],[67.871883,37.641328],[67.872273,37.641183],[67.873132,37.639731],[67.874787,37.638845],[67.875412,37.638207],[67.878677,37.637641],[67.879117,37.637068],[67.880153,37.636288],[67.883046,37.634725],[67.883255,37.63325],[67.885754,37.631065],[67.887361,37.629394],[67.88946,37.628409],[67.891848,37.628088],[67.89288,37.628482],[67.893555,37.62918],[67.893806,37.630056],[67.894529,37.630337],[67.89748,37.630428],[67.898193,37.630835],[67.89862,37.631965],[67.900239,37.632103],[67.904441,37.634336],[67.905654,37.63475],[67.907315,37.636861],[67.90979,37.638157],[67.912991,37.639426],[67.913682,37.640339],[67.914094,37.642135],[67.918228,37.643592],[67.918887,37.644029],[67.921304,37.64496],[67.922444,37.646489],[67.923799,37.646692],[67.925163,37.646606],[67.926119,37.647234],[67.926388,37.647704],[67.927439,37.647852],[67.926897,37.648571],[67.927177,37.650785],[67.928844,37.652155],[67.929502,37.654108],[67.930394,37.654516],[67.930732,37.654991],[67.931543,37.655501],[67.930781,37.656512],[67.931452,37.658019],[67.932643,37.658861],[67.934629,37.6587],[67.935974,37.659017],[67.937669,37.658797],[67.939194,37.659087],[67.940351,37.660059],[67.940694,37.660589],[67.94138,37.663196],[67.946779,37.664609],[67.947759,37.665319],[67.947346,37.667806],[67.950677,37.670367],[67.952369,37.671083],[67.954824,37.672595],[67.958566,37.674448],[67.958053,37.678005],[67.959812,37.678698],[67.962302,37.680139],[67.965302,37.683246],[67.969241,37.683989],[67.969884,37.683689],[67.971833,37.684235],[67.97272,37.685192],[67.976225,37.687269],[67.976606,37.688604],[67.978908,37.689394],[67.980706,37.689205],[67.983365,37.69047],[67.98375,37.690915],[67.984351,37.690985],[67.986539,37.691955],[67.988012,37.692035],[67.988522,37.692479],[67.992633,37.694255],[67.993666,37.694416],[67.995195,37.694169],[67.995853,37.693689],[67.996567,37.69384],[67.997025,37.694568],[67.999142,37.695866],[68.000716,37.69621],[68.001546,37.697026],[68.004393,37.69691],[68.005271,37.697895],[68.005911,37.698206],[68.006488,37.699109],[68.007602,37.699316],[68.00881,37.70024],[68.00903,37.700926],[68.009883,37.700836],[68.010804,37.701521],[68.010363,37.702373],[68.010694,37.703361],[68.013301,37.704092],[68.013382,37.705243],[68.01474,37.705881],[68.015949,37.706909],[68.016414,37.708968],[68.017098,37.709845],[68.016794,37.711061],[68.012015,37.715061],[68.007192,37.720044],[68.01165,37.719431],[68.014388,37.719739],[68.015284,37.719527],[68.016491,37.721126],[68.018282,37.721042],[68.019338,37.721855],[68.020565,37.723546],[68.021193,37.725097],[68.020879,37.726232],[68.021381,37.728069],[68.019973,37.731261],[68.020478,37.731987],[68.020932,37.733445],[68.022291,37.734412],[68.026884,37.733534],[68.028777,37.73356],[68.029149,37.734245],[68.030271,37.738315],[68.031605,37.738951],[68.038472,37.743232],[68.040769,37.744507],[68.042337,37.746975],[68.039694,37.749011],[68.040154,37.749747],[68.045267,37.751243],[68.045231,37.752107],[68.045529,37.753261],[68.050197,37.759244],[68.050884,37.761303],[68.051785,37.761412],[68.052416,37.762567],[68.052962,37.764488],[68.053711,37.765277],[68.054092,37.766346],[68.05604,37.768637],[68.057051,37.774721],[68.057279,37.777463],[68.057163,37.778849],[68.057394,37.779417],[68.058825,37.780935],[68.059898,37.782487],[68.060376,37.783859],[68.061176,37.785231],[68.061832,37.7875],[68.062543,37.788681],[68.063234,37.789707],[68.06401,37.790496],[68.06796,37.792974],[68.068908,37.793937],[68.070675,37.794915],[68.071308,37.795688],[68.0734,37.797343],[68.073979,37.798347],[68.074066,37.79878],[68.073852,37.799418],[68.073983,37.799845],[68.074417,37.800156],[68.075155,37.80132],[68.075517,37.803005],[68.076038,37.803581],[68.078705,37.804428],[68.079812,37.80519],[68.08149,37.807891],[68.083045,37.812809],[68.087273,37.820913],[68.089278,37.823905],[68.089466,37.824909],[68.091512,37.82769],[68.091634,37.828437],[68.092553,37.829556],[68.093086,37.83054],[68.093428,37.831607],[68.094069,37.832301],[68.094494,37.833723],[68.095516,37.834836],[68.096049,37.835964],[68.096411,37.838956],[68.097092,37.840059],[68.097651,37.840652],[68.101224,37.843473],[68.102453,37.845138],[68.105956,37.847989],[68.10689,37.849627],[68.107102,37.850308],[68.106804,37.852475],[68.106892,37.852914],[68.107557,37.854117],[68.108727,37.855142],[68.109854,37.856878],[68.110799,37.857657],[68.113073,37.860043],[68.113392,37.861545],[68.113775,37.862233],[68.114285,37.862933],[68.115369,37.863557],[68.115553,37.863826],[68.11553,37.864487],[68.115893,37.866165],[68.116211,37.86676],[68.118134,37.869824],[68.119731,37.87127],[68.119986,37.871922],[68.119972,37.872328],[68.118898,37.873165],[68.118589,37.874578],[68.119765,37.87664],[68.119655,37.878113],[68.119185,37.878457],[68.119078,37.879104],[68.119272,37.879954],[68.121256,37.883352],[68.122782,37.885381],[68.123237,37.886334],[68.124173,37.887423],[68.124234,37.888086],[68.12464,37.888578],[68.125389,37.888935],[68.12598,37.891207],[68.126494,37.892046],[68.127503,37.893038],[68.12802,37.893808],[68.128728,37.894206],[68.128954,37.894575],[68.131447,37.894923],[68.131883,37.8953],[68.132746,37.896422],[68.133112,37.897638],[68.133638,37.898754],[68.134395,37.899583],[68.134773,37.900776],[68.134662,37.901796],[68.135109,37.904204],[68.134961,37.90496],[68.133513,37.907388],[68.132814,37.908031],[68.132632,37.908965],[68.130498,37.910796],[68.129475,37.911355],[68.129156,37.911701],[68.127828,37.914868],[68.12856,37.915745],[68.130567,37.91613],[68.131926,37.917713],[68.136997,37.920303],[68.137581,37.921606],[68.137575,37.922151],[68.137071,37.922708],[68.134399,37.924078],[68.13418,37.924464],[68.134104,37.925422],[68.134849,37.926687],[68.137292,37.928231],[68.138922,37.928726],[68.139877,37.928706],[68.141878,37.928172],[68.142793,37.928328],[68.1433,37.928823],[68.147287,37.93134],[68.148763,37.931461],[68.149656,37.931009],[68.15105,37.930745],[68.151909,37.930169],[68.155422,37.930736],[68.155634,37.931223],[68.156316,37.931589],[68.157022,37.931849],[68.157822,37.931757],[68.158523,37.932745],[68.159952,37.933706],[68.161865,37.934337],[68.162047,37.935019],[68.163583,37.935191],[68.164012,37.935065],[68.164412,37.935232],[68.165018,37.935933],[68.166548,37.935775],[68.167784,37.936105],[68.169278,37.935154],[68.171573,37.935232],[68.171608,37.935028],[68.172608,37.934216],[68.172785,37.933854],[68.173273,37.933733],[68.173214,37.933515],[68.173379,37.933302],[68.17375,37.933116],[68.174827,37.933163],[68.17495,37.932805],[68.175556,37.932499],[68.175797,37.931956],[68.176568,37.931515],[68.177451,37.931441],[68.177669,37.931543],[68.17758,37.932309],[68.177857,37.93248],[68.178645,37.932383],[68.178928,37.932592],[68.179139,37.933283],[68.179922,37.933037],[68.179981,37.933177],[68.17964,37.933645],[68.17971,37.933808],[68.179922,37.933822],[68.18024,37.933474],[68.180816,37.933288],[68.181222,37.933627],[68.181093,37.934165],[68.181352,37.934365],[68.181999,37.934211],[68.182999,37.934569],[68.183429,37.934327],[68.184253,37.934518],[68.184453,37.934193],[68.1851,37.934411],[68.185241,37.934369],[68.185282,37.9341],[68.18547,37.934086],[68.185712,37.934304],[68.185412,37.934583],[68.185629,37.934782],[68.185818,37.934778],[68.186041,37.934327],[68.186229,37.934346],[68.186382,37.934648],[68.187083,37.934624],[68.187795,37.935172],[68.18873,37.935061],[68.188771,37.935451],[68.189042,37.935423],[68.189371,37.935042],[68.190154,37.934792],[68.191072,37.935061],[68.19235,37.934774],[68.192017,37.934453],[68.192103,37.9343],[68.1914,37.933573],[68.191454,37.933255],[68.191266,37.93301],[68.192382,37.932409],[68.192639,37.9326],[68.19339,37.932392],[68.193787,37.932765],[68.194147,37.932549],[68.194651,37.932629],[68.195129,37.932341],[68.196448,37.93232],[68.196915,37.932532],[68.199055,37.932286],[68.200305,37.932642],[68.201035,37.932299],[68.201233,37.932752],[68.201673,37.933057],[68.202097,37.933188],[68.202725,37.933018],[68.203631,37.93392],[68.205042,37.9329],[68.206329,37.932824],[68.206614,37.93235],[68.207038,37.932392],[68.20722,37.93216],[68.20752,37.932151],[68.208057,37.932612],[68.208314,37.932642],[68.208566,37.932464],[68.209269,37.932523],[68.210235,37.932155],[68.210476,37.932223],[68.210723,37.932714],[68.21112,37.932583],[68.211699,37.932756],[68.212085,37.932604],[68.212837,37.932815],[68.213958,37.932752],[68.21436,37.932397],[68.215401,37.932727],[68.216211,37.932515],[68.216361,37.932811],[68.216586,37.932849],[68.216989,37.932608],[68.217251,37.932688],[68.217622,37.932519],[68.218008,37.932752],[68.217805,37.933332],[68.217917,37.933421],[68.218879,37.933181],[68.219411,37.932673],[68.220583,37.932588],[68.220649,37.932386],[68.220308,37.932117],[68.220672,37.93194],[68.221088,37.932279],[68.221405,37.932293],[68.221882,37.932036],[68.223339,37.932032],[68.22395,37.931457],[68.224637,37.931247],[68.225543,37.931461],[68.22594,37.931129],[68.226192,37.931126],[68.226486,37.931446],[68.226696,37.931391],[68.226804,37.931218],[68.226687,37.930735],[68.227374,37.930691],[68.227518,37.930374],[68.227168,37.930198],[68.227971,37.929973],[68.228088,37.929608],[68.228705,37.929715],[68.229041,37.929431],[68.229475,37.929531],[68.229583,37.929022],[68.230442,37.92882],[68.23082,37.928569],[68.231866,37.928389],[68.232898,37.927917],[68.233725,37.928183],[68.233734,37.927976],[68.234593,37.927774],[68.235088,37.92731],[68.235429,37.927199],[68.235607,37.927232],[68.235836,37.927671],[68.236055,37.92735],[68.23655,37.92756],[68.237012,37.927221],[68.238091,37.927457],[68.23804,37.92724],[68.238502,37.926768],[68.240071,37.926768],[68.242383,37.926061],[68.243233,37.926168],[68.244386,37.925641],[68.245306,37.924609],[68.245657,37.924414],[68.245773,37.923976],[68.246427,37.923681],[68.246623,37.923313],[68.247109,37.922944],[68.249042,37.922528],[68.25,37.921891],[68.25071,37.92185],[68.250817,37.921412],[68.251172,37.921161],[68.253792,37.921279],[68.253923,37.921113],[68.253773,37.920786],[68.253913,37.920553],[68.254217,37.920406],[68.254604,37.920671],[68.254782,37.920542],[68.254693,37.920134],[68.254945,37.919916],[68.254861,37.91961],[68.255422,37.919249],[68.255599,37.91849],[68.256169,37.918793],[68.256416,37.918756],[68.256454,37.918295],[68.256211,37.917739],[68.256706,37.917466],[68.256706,37.91716],[68.256973,37.916934],[68.257785,37.917089],[68.25842,37.916854],[68.258569,37.916561],[68.258468,37.915825],[68.258961,37.914945],[68.258319,37.914598],[68.25838,37.914326],[68.258556,37.914096],[68.259056,37.914155],[68.259279,37.914011],[68.259069,37.913712],[68.259157,37.913323],[68.259468,37.913077],[68.259353,37.912827],[68.259435,37.911824],[68.259104,37.911489],[68.259171,37.910828],[68.260072,37.909763],[68.262502,37.908408],[68.26371,37.908577],[68.264771,37.908295],[68.265385,37.908309],[68.26737,37.908751],[68.267952,37.909119],[68.268342,37.909657],[68.269954,37.913057],[68.270632,37.91501],[68.2742,37.917684],[68.279658,37.922887],[68.282406,37.924486],[68.283675,37.926088],[68.284004,37.926994],[68.283428,37.927984],[68.281538,37.929343],[68.275927,37.931211],[68.274412,37.937998],[68.281309,37.94369],[68.282395,37.946496],[68.281162,37.950609],[68.281812,37.95198],[68.283899,37.953426],[68.284517,37.955183],[68.281294,37.961152],[68.279777,37.964834],[68.280197,37.965697],[68.283037,37.967186],[68.287025,37.970316],[68.287354,37.973341],[68.284441,37.976845],[68.284389,37.979116],[68.285175,37.980713],[68.287194,37.981575],[68.287637,37.982683],[68.285723,37.986467],[68.285622,37.98841],[68.287472,37.991312],[68.287775,37.995824],[68.28841,37.997259],[68.288833,37.999287],[68.290407,38.0016],[68.292402,38.003901],[68.297075,38.007125],[68.299845,38.010144],[68.300352,38.011602],[68.300949,38.01723],[68.30179,38.018611],[68.302793,38.021377],[68.304787,38.024102],[68.306798,38.025967],[68.307497,38.029209],[68.308556,38.029535],[68.311971,38.030002],[68.316239,38.032499],[68.318418,38.032942],[68.321328,38.03236],[68.322247,38.032549],[68.323156,38.033696],[68.323513,38.037046],[68.324152,38.038499],[68.332565,38.043173],[68.334805,38.050754],[68.338566,38.053544],[68.341776,38.055042],[68.342764,38.056073],[68.343241,38.060001],[68.345077,38.061698],[68.347301,38.062429],[68.351305,38.06241],[68.354652,38.063681],[68.357608,38.064296],[68.358758,38.065292],[68.359955,38.067704],[68.361307,38.068532],[68.365108,38.068532],[68.368729,38.071827],[68.371293,38.076479],[68.372706,38.081042],[68.37707,38.084515],[68.377339,38.085414],[68.376596,38.086967],[68.374352,38.089447],[68.373027,38.092652],[68.373077,38.093816],[68.374627,38.095149],[68.374673,38.096318],[68.374137,38.098312],[68.375359,38.099312],[68.378105,38.101138],[68.37903,38.103043],[68.380672,38.104649],[68.380122,38.106418],[68.376452,38.110343],[68.378248,38.116672],[68.377742,38.118357],[68.378652,38.119672],[68.383392,38.125144],[68.385538,38.130284],[68.387727,38.132886],[68.388409,38.135899],[68.386524,38.140947],[68.387216,38.143455],[68.388924,38.143796],[68.393837,38.142867],[68.395139,38.144103],[68.395234,38.148919],[68.394586,38.154086],[68.396126,38.156181],[68.399487,38.157863],[68.399272,38.158674],[68.397222,38.161186],[68.396491,38.163599],[68.397539,38.165534],[68.401286,38.169756],[68.403564,38.173375],[68.405344,38.180743],[68.404055,38.184534],[68.404556,38.18611],[68.404131,38.187521],[68.404083,38.189349],[68.402093,38.192855],[68.402568,38.193859],[68.404653,38.196578],[68.404398,38.197908],[68.403953,38.19891],[68.398861,38.198211],[68.396983,38.197573],[68.390807,38.199052],[68.389298,38.199579],[68.387054,38.199999],[68.383948,38.201654],[68.380403,38.201848],[68.376912,38.202892],[68.372124,38.207032],[68.370996,38.211449],[68.374261,38.219068],[68.372044,38.220901],[68.373448,38.225759],[68.370863,38.225488],[68.368369,38.221626],[68.36643,38.22126],[68.364792,38.221939],[68.362125,38.226746],[68.356138,38.229852],[68.356031,38.232642],[68.351969,38.235001],[68.348486,38.237277],[68.344643,38.238147],[68.340789,38.236648],[68.333358,38.234297],[68.329239,38.234951],[68.319096,38.240784],[68.319658,38.243581],[68.319404,38.248533],[68.31694,38.25069],[68.312824,38.25242],[68.305133,38.253727],[68.302392,38.255669],[68.300756,38.258901],[68.300224,38.263207],[68.297505,38.270746],[68.293158,38.283885],[68.291258,38.290346],[68.290725,38.294652],[68.292665,38.298308],[68.286872,38.302],[68.287472,38.305305],[68.283264,38.30824],[68.279155,38.30884],[68.277414,38.311967],[68.277703,38.313302],[68.273801,38.313792],[68.273364,38.31651],[68.273224,38.320742],[68.26761,38.321664],[68.263588,38.320312],[68.258644,38.322903],[68.255893,38.322907],[68.254307,38.324089],[68.248485,38.326734],[68.245128,38.32868],[68.239036,38.328647],[68.232437,38.327585],[68.223249,38.331186],[68.221078,38.334063],[68.219178,38.335143],[68.21232,38.335574],[68.210293,38.336195],[68.209732,38.337813],[68.210529,38.338666],[68.209173,38.34209],[68.207817,38.343695],[68.205115,38.345415],[68.201408,38.348739],[68.197265,38.34981],[68.192743,38.352631],[68.189625,38.355844],[68.185984,38.363112],[68.182626,38.367847],[68.182129,38.368263],[68.180932,38.368574],[68.169818,38.36754],[68.167615,38.368009],[68.165546,38.368558],[68.160676,38.371914],[68.156994,38.374116],[68.156372,38.379128],[68.152759,38.389407],[68.149681,38.393346],[68.149572,38.393878],[68.149729,38.394635],[68.149248,38.395266],[68.148885,38.395267],[68.14792,38.394647],[68.147507,38.395143],[68.146936,38.396515],[68.143646,38.39836],[68.143005,38.398312],[68.141021,38.39971],[68.137603,38.410214],[68.137465,38.41031],[68.135753,38.410845],[68.130895,38.409782],[68.130369,38.40933],[68.112384,38.402278],[68.10984,38.402105],[68.103922,38.397028],[68.099588,38.393873],[68.092685,38.389308],[68.089135,38.391785],[68.08023,38.388234],[68.079496,38.390115],[68.07679,38.389821],[68.07003,38.391944],[68.066454,38.392168],[68.061915,38.392726],[68.063995,38.403938],[68.064848,38.404749],[68.064828,38.406897],[68.064164,38.407291],[68.064762,38.410141],[68.070442,38.41989],[68.077306,38.42265],[68.077403,38.422944],[68.079007,38.423752],[68.081609,38.426052],[68.096746,38.443187],[68.09699,38.443926],[68.101832,38.449726],[68.116424,38.468112],[68.109086,38.48295],[68.10826,38.48295],[68.097772,38.492185],[68.100942,38.494949],[68.106574,38.496579],[68.107353,38.496955],[68.109046,38.497192],[68.10911,38.497503],[68.109076,38.497846],[68.107887,38.498873],[68.10752,38.500796],[68.106159,38.501695],[68.105342,38.503027],[68.105345,38.503533],[68.105142,38.503793],[68.104305,38.503827],[68.103148,38.504384],[68.101473,38.504869],[68.101362,38.508367],[68.101048,38.512174],[68.100892,38.512639],[68.100611,38.51277],[68.100042,38.5121],[68.099064,38.511803],[68.098043,38.511978],[68.097026,38.51287],[68.089629,38.515319],[68.08869,38.515242],[68.086406,38.51629],[68.083236,38.5202],[68.081224,38.522106],[68.075548,38.525102],[68.073078,38.526861],[68.069844,38.528266],[68.06602,38.52881],[68.064699,38.530016],[68.06401,38.532295],[68.064957,38.53344],[68.064419,38.535042],[68.06413,38.535429],[68.064195,38.536354],[68.065048,38.539074],[68.065131,38.54037],[68.063435,38.541737],[68.063233,38.542952],[68.061964,38.544179],[68.062571,38.547537],[68.06261,38.55044],[68.062965,38.551154],[68.063016,38.551754],[68.062395,38.552813],[68.062118,38.554244],[68.060613,38.557879],[68.059835,38.559367],[68.058964,38.559912],[68.060418,38.565279],[68.061991,38.567179],[68.061218,38.570977],[68.060999,38.5728],[68.061562,38.574526],[68.061715,38.57574],[68.0624,38.578091],[68.064763,38.582128],[68.067639,38.583691],[68.069661,38.587652],[68.071931,38.591404],[68.074962,38.594333],[68.076038,38.600777],[68.07465,38.606408],[68.078434,38.61189],[68.080104,38.626311],[68.081491,38.631692],[68.085086,38.635136],[68.090893,38.639011],[68.092832,38.642455],[68.089234,38.64705],[68.08108,38.653273],[68.082576,38.656099],[68.08169,38.657556],[68.080958,38.662271],[68.077586,38.665682],[68.077592,38.666619],[68.079002,38.669215],[68.082148,38.670789],[68.082386,38.672559],[68.081086,38.673408],[68.079623,38.675059],[68.077422,38.676783],[68.073444,38.681143],[68.073978,38.682817],[68.074316,38.68562],[68.072952,38.68991],[68.069823,38.691478],[68.06515,38.694366],[68.065947,38.697322],[68.065501,38.699681],[68.063108,38.701288],[68.060977,38.703387],[68.059741,38.707493],[68.058235,38.707686],[68.057259,38.711921],[68.057684,38.712458],[68.05669,38.714569],[68.057985,38.71559],[68.058736,38.71728],[68.060438,38.718085],[68.06243,38.718332],[68.064255,38.719207],[68.068866,38.720109],[68.074483,38.723847],[68.078764,38.726961],[68.083363,38.727607],[68.085602,38.727338],[68.089408,38.728762],[68.092243,38.728122],[68.0962,38.72767],[68.103682,38.727816],[68.105467,38.728308],[68.109016,38.727962],[68.115126,38.729887],[68.118761,38.729911],[68.120998,38.731812],[68.127214,38.731805],[68.12848,38.732668],[68.126306,38.73434],[68.127499,38.735334],[68.128339,38.736329],[68.124926,38.741969],[68.123815,38.746731],[68.122239,38.751716],[68.12073,38.752214],[68.119646,38.753136],[68.116779,38.754011],[68.116296,38.755742],[68.116688,38.756852],[68.1119,38.761011],[68.10941,38.764803],[68.106885,38.765804],[68.104525,38.768812],[68.102114,38.771259],[68.101645,38.772478],[68.100242,38.774248],[68.100143,38.779416],[68.097466,38.784037],[68.094601,38.787392],[68.0936,38.790319],[68.092654,38.791327],[68.08946,38.791643],[68.084136,38.793632],[68.080631,38.793395],[68.07765,38.794371],[68.07538,38.796601],[68.073646,38.796917],[68.071888,38.796346],[68.070259,38.796645],[68.067125,38.798922],[68.065658,38.801117],[68.065824,38.802601],[68.069258,38.80326],[68.069489,38.803964],[68.067715,38.805402],[68.066776,38.807261],[68.067475,38.808178],[68.068423,38.808854],[68.06864,38.809684],[68.067398,38.811068],[68.06868,38.811836],[68.068816,38.813065],[68.06945,38.81369],[68.068918,38.815867],[68.06974,38.818338],[68.074076,38.817161],[68.086191,38.815465],[68.087151,38.814454],[68.091835,38.813395],[68.0946,38.81336],[68.098351,38.816434],[68.099871,38.81583],[68.10268,38.815897],[68.105473,38.816422],[68.108712,38.815778],[68.111295,38.816583],[68.111912,38.817361],[68.113869,38.818592],[68.115993,38.818385],[68.119208,38.816845],[68.124441,38.817035],[68.127051,38.817815],[68.128403,38.818754],[68.130525,38.817817],[68.13199,38.817481],[68.134606,38.818796],[68.134584,38.819956],[68.134123,38.820683],[68.132448,38.821967],[68.132097,38.822756],[68.132716,38.825995],[68.133733,38.826622],[68.137662,38.825989],[68.140535,38.826729],[68.142308,38.826064],[68.144581,38.826753],[68.145648,38.826274],[68.148161,38.82609],[68.150304,38.826213],[68.151229,38.825724],[68.153925,38.825909],[68.157851,38.827299],[68.158282,38.828506],[68.158991,38.828818],[68.161481,38.828739],[68.163016,38.828862],[68.166475,38.83072],[68.169404,38.830798],[68.170428,38.830999],[68.170737,38.835218],[68.171465,38.836036],[68.170462,38.836749],[68.171488,38.838746],[68.17339,38.839582],[68.173098,38.841543],[68.174894,38.84182],[68.174976,38.843525],[68.174842,38.845338],[68.17671,38.84578],[68.178008,38.846368],[68.179223,38.8483],[68.180564,38.848422],[68.181967,38.849069],[68.183509,38.849245],[68.185777,38.850318],[68.187161,38.852265],[68.190198,38.853887],[68.192804,38.853734],[68.195417,38.853028],[68.195776,38.853136],[68.195593,38.854347],[68.197348,38.8559],[68.2016,38.855832],[68.20126,38.856747],[68.201635,38.85801],[68.200991,38.8596],[68.20135,38.860717],[68.200343,38.861545],[68.200002,38.862741],[68.200353,38.864225],[68.201903,38.8663],[68.199837,38.867348],[68.197651,38.867922],[68.195429,38.868951],[68.19332,38.870406],[68.191229,38.871052],[68.190046,38.872176],[68.188407,38.873059],[68.187392,38.873963],[68.183713,38.875795],[68.181784,38.876139],[68.180045,38.875869],[68.179011,38.878835],[68.178451,38.880008],[68.177296,38.881652],[68.17831,38.883615],[68.181202,38.886224],[68.180574,38.887956],[68.178424,38.889027],[68.177597,38.891056],[68.178767,38.892245],[68.18134,38.892837],[68.180716,38.894134],[68.181433,38.894931],[68.182484,38.894956],[68.182442,38.894213],[68.1829,38.894175],[68.187638,38.895569],[68.190333,38.895823],[68.192282,38.895359],[68.194178,38.900234],[68.19491,38.901494],[68.195162,38.90376],[68.196398,38.904703],[68.196672,38.905954],[68.196812,38.907921],[68.196207,38.91011],[68.195004,38.913433],[68.197181,38.915363],[68.200136,38.916232],[68.204679,38.915977],[68.207621,38.918082],[68.208154,38.919389],[68.207825,38.921654],[68.203962,38.923946],[68.204083,38.925268],[68.202881,38.926096],[68.20205,38.927487],[68.202406,38.928668],[68.201781,38.930173],[68.20024,38.931295],[68.198021,38.935497],[68.196079,38.938527],[68.194955,38.939806],[68.190224,38.939638],[68.189277,38.940131],[68.188298,38.941438],[68.185071,38.942889],[68.177646,38.944428],[68.176931,38.945239],[68.173045,38.947836],[68.169159,38.948269],[68.163053,38.948268],[68.158612,38.949133],[68.152783,38.951297],[68.150006,38.954543],[68.145286,38.956923],[68.140565,38.959952],[68.136639,38.960967],[68.133942,38.96268],[68.135645,38.963628],[68.135995,38.965244],[68.134451,38.966138],[68.134751,38.970324],[68.138694,38.97307],[68.139466,38.975462],[68.140127,38.976046],[68.139641,38.976436],[68.14007,38.97795],[68.139371,38.979007],[68.137694,38.979193],[68.133885,38.985275],[68.132932,38.98582],[68.132682,38.986432],[68.133358,38.988139],[68.133024,38.990515],[68.131671,38.991269],[68.130225,38.991559],[68.129418,38.992604],[68.129588,38.993922],[68.13066,38.996021],[68.130848,38.997374],[68.130054,38.998071],[68.127727,38.997697],[68.126693,38.998047],[68.12546,38.997966],[68.121693,39.00005],[68.121247,39.000516],[68.1181,39.001196],[68.116443,39.00278],[68.117004,39.005648],[68.118616,39.006391],[68.118641,39.008975],[68.117177,39.010386],[68.115776,39.013174],[68.112599,39.015147],[68.110901,39.015181],[68.109034,39.016381],[68.10802,39.01622],[68.107201,39.016991],[68.105664,39.016786],[68.104627,39.016111],[68.101967,39.016241],[68.101213,39.017894],[68.09862,39.018952],[68.095895,39.021122],[68.094509,39.022974],[68.090934,39.022273],[68.088085,39.02225],[68.086626,39.022693],[68.079229,39.025828],[68.078307,39.026678],[68.077339,39.025398],[68.074678,39.023765],[68.071002,39.023979],[68.070739,39.025849],[68.068187,39.026308],[68.066844,39.025466],[68.064955,39.022454],[68.064821,39.021162],[68.063955,39.02007],[68.064193,39.01827],[68.060643,39.016797],[68.058548,39.016345],[68.046494,39.016661],[68.044882,39.015778],[68.04105,39.016234],[68.040059,39.01455],[68.037046,39.013097],[68.035094,39.011601],[68.031287,39.011379],[68.027429,39.009592],[68.024981,39.010884],[68.024015,39.012183],[68.021065,39.013189],[68.016817,39.013727],[68.014412,39.014604],[68.011552,39.014538],[68.008509,39.015087],[68.007183,39.015039],[68.002394,39.016537],[67.999887,39.018996],[67.997413,39.020757],[67.995159,39.021953],[67.994136,39.028282],[67.992772,39.031809],[67.988397,39.035125],[67.98269,39.035035],[67.981475,39.032207],[67.976136,39.028352],[67.973596,39.025772],[67.966608,39.023018],[67.960509,39.023947],[67.955506,39.023778],[67.950764,39.022522],[67.94477,39.021248],[67.942986,39.021208],[67.939889,39.023947],[67.935507,39.024189],[67.930775,39.023582],[67.924669,39.024075],[67.921648,39.026491],[67.919694,39.025858],[67.915208,39.023078],[67.909062,39.020748],[67.904022,39.017973],[67.900698,39.018655],[67.894886,39.020228],[67.890704,39.019181],[67.888719,39.016377],[67.883125,39.013606],[67.882261,39.011443],[67.878843,39.005396],[67.874385,39.004351],[67.869066,39.001359],[67.858642,39.002261],[67.849416,39.006528],[67.843071,39.00984],[67.834467,39.010349],[67.83144,39.012547],[67.828586,39.013317],[67.825216,39.012475],[67.822572,39.014143],[67.820101,39.016335],[67.815084,39.015075],[67.813332,39.013718],[67.813373,39.012513],[67.806185,39.011164],[67.803143,39.013354],[67.801078,39.013878],[67.799479,39.011615],[67.797489,39.01085],[67.794817,39.011205],[67.791617,39.012827],[67.789097,39.013815],[67.786958,39.013071],[67.785235,39.012996],[67.777659,39.015317],[67.776118,39.0151],[67.775272,39.014386],[67.773204,39.014366],[67.769179,39.015004],[67.766211,39.017512],[67.765125,39.017185],[67.764776,39.014624],[67.762441,39.013485],[67.76165,39.01237],[67.762452,39.011084],[67.760695,39.010932],[67.759365,39.008289],[67.757584,39.008015],[67.757429,39.007188],[67.754147,39.004478],[67.751752,39.001641],[67.749774,39.002231],[67.744704,39.002264],[67.745255,39.004109],[67.741767,39.00557],[67.738882,39.006113],[67.735495,39.003354],[67.727413,39.001029],[67.724153,39.000553],[67.72143,38.997155],[67.715535,38.996261],[67.709762,38.996732],[67.706352,38.997184],[67.706976,39.000743],[67.703983,39.00031],[67.701974,39.002254],[67.69954,39.002787],[67.69736,39.004505],[67.694938,39.004887],[67.691247,39.007015],[67.691365,39.008928],[67.693133,39.011641],[67.693403,39.013351],[67.690539,39.016213],[67.686093,39.017122],[67.685608,39.018834],[67.683674,39.018965],[67.682928,39.020778],[67.683031,39.022517],[67.684746,39.023868],[67.684798,39.027274],[67.685118,39.029204],[67.683415,39.030996],[67.682921,39.032206],[67.679906,39.034521],[67.680733,39.03677],[67.679664,39.037352],[67.679077,39.039972],[67.681294,39.043266],[67.683634,39.044197],[67.683529,39.045965],[67.682679,39.046722],[67.682825,39.049008],[67.6801,39.049862],[67.679307,39.051259],[67.683343,39.052803],[67.683608,39.053773],[67.681696,39.057807],[67.679621,39.059202],[67.675727,39.059205],[67.673568,39.059899],[67.671455,39.063305],[67.670752,39.065805],[67.671681,39.067064],[67.670597,39.069205],[67.67322,39.071825],[67.67193,39.07917],[67.67153,39.080573],[67.66999,39.08235],[67.668836,39.083282],[67.668636,39.084575],[67.670292,39.091091],[67.669787,39.094383],[67.672231,39.095752],[67.672191,39.098372],[67.672674,39.100607],[67.674851,39.104349],[67.672847,39.109697],[67.678156,39.114072],[67.676097,39.116211],[67.676417,39.119745],[67.679205,39.127055],[67.678805,39.128186],[67.678973,39.129391],[67.677282,39.13757],[67.677154,39.146438],[67.66848,39.145554],[67.661985,39.14394],[67.642559,39.144001],[67.635513,39.144577],[67.631433,39.146699],[67.626092,39.152003],[67.625206,39.158675],[67.626067,39.166742],[67.626966,39.170394],[67.621764,39.173177],[67.610519,39.180156],[67.598535,39.181549],[67.595523,39.184726],[67.584182,39.188339],[67.568812,39.183461],[67.549985,39.180284],[67.537691,39.181319],[67.53327,39.182608],[67.531054,39.182369],[67.527735,39.184167],[67.520953,39.184065],[67.512157,39.184587],[67.49927,39.186571],[67.494719,39.188162],[67.495673,39.191078],[67.497179,39.193703],[67.495075,39.193773],[67.492778,39.1944],[67.492642,39.196578],[67.48954,39.199259],[67.487955,39.201758],[67.478526,39.200816],[67.463827,39.196646],[67.463416,39.195215],[67.461358,39.193815],[67.459336,39.199082],[67.452028,39.203909],[67.451854,39.205928],[67.444954,39.207837],[67.439503,39.212373],[67.435878,39.211447],[67.431468,39.212387],[67.428069,39.211666],[67.42187,39.214236],[67.418571,39.213235],[67.406738,39.215398],[67.402837,39.214237],[67.399246,39.225865],[67.365024,39.228121],[67.355447,39.227972],[67.342953,39.231673],[67.342029,39.233526],[67.345258,39.237089],[67.348594,39.238443],[67.349937,39.239855],[67.355775,39.243019],[67.351555,39.246872],[67.354996,39.247339],[67.355843,39.248139],[67.35636,39.249285],[67.356975,39.249307],[67.358632,39.25065],[67.360026,39.254591],[67.359764,39.256136],[67.361739,39.25943],[67.36348,39.261299],[67.364174,39.262466],[67.362794,39.262302],[67.360083,39.262691],[67.358742,39.264733],[67.358492,39.273731],[67.356769,39.276362],[67.356095,39.278802],[67.358975,39.285809],[67.358122,39.287768],[67.351762,39.291912],[67.34646,39.294035],[67.343564,39.294213],[67.338296,39.296016],[67.338092,39.299789],[67.334678,39.301046],[67.333278,39.304229],[67.336119,39.305038],[67.344006,39.308539],[67.348162,39.307993],[67.350075,39.308786],[67.361566,39.308876],[67.365866,39.309875],[67.368141,39.311118],[67.370369,39.310779],[67.3754,39.311893],[67.377907,39.313457],[67.380083,39.313227],[67.386753,39.314407],[67.391321,39.314235],[67.395331,39.313119],[67.400053,39.310495],[67.404458,39.310321],[67.410219,39.310845],[67.413495,39.313664],[67.415563,39.312934],[67.42098,39.310548],[67.426803,39.311181],[67.430126,39.30995],[67.433293,39.3099],[67.438929,39.311061],[67.441144,39.312921],[67.444581,39.312376],[67.449177,39.312553],[67.451907,39.314122],[67.45468,39.313742],[67.457674,39.316189],[67.459564,39.3164],[67.462722,39.317536],[67.465925,39.319079],[67.467608,39.321389],[67.474024,39.322948],[67.475746,39.329967],[67.474391,39.333778],[67.471049,39.335454],[67.469654,39.339472],[67.471213,39.342213],[67.473254,39.346803],[67.474035,39.355585],[67.475827,39.360414],[67.477876,39.361545],[67.479334,39.363134],[67.480321,39.366391],[67.478007,39.3678],[67.480265,39.372232],[67.48324,39.377429],[67.476626,39.378511],[67.477501,39.381783],[67.478126,39.383258],[67.477829,39.386335],[67.476513,39.392224],[67.47669,39.394472],[67.477993,39.396909],[67.478308,39.399224],[67.476622,39.400917],[67.463545,39.408499],[67.460577,39.411818],[67.457399,39.414741],[67.455999,39.414747],[67.454465,39.414311],[67.453341,39.41508],[67.452097,39.417541],[67.451446,39.420912],[67.451881,39.42319],[67.452728,39.424817],[67.452645,39.433975],[67.452236,39.435787],[67.450798,39.436982],[67.451605,39.440642],[67.455702,39.441104],[67.457168,39.443729],[67.45823,39.445057],[67.461424,39.451168],[67.461921,39.452669],[67.463647,39.452026],[67.464644,39.456232],[67.464543,39.462721],[67.463843,39.464352],[67.462013,39.466461],[67.459394,39.470196],[67.45815,39.473826],[67.454965,39.476401],[67.451509,39.479918],[67.450278,39.482867],[67.448409,39.485457],[67.4483,39.487388],[67.447261,39.489308],[67.445948,39.489972],[67.440215,39.495468],[67.436358,39.498557],[67.421606,39.503567],[67.41591,39.504814],[67.414003,39.505922],[67.412585,39.506185],[67.411389,39.506672],[67.41088,39.506521],[67.409099,39.506508],[67.407537,39.508141],[67.404545,39.508665],[67.404751,39.509117],[67.403345,39.509994],[67.403035,39.510528],[67.403478,39.513042],[67.4032,39.513607],[67.40329,39.51447],[67.398225,39.515649],[67.399216,39.518179],[67.399473,39.518133],[67.399541,39.518324],[67.399268,39.518495],[67.399372,39.518814],[67.397481,39.519254],[67.398174,39.521648],[67.394559,39.523141],[67.396728,39.528054],[67.398644,39.530233],[67.399395,39.530748],[67.401923,39.533435],[67.404068,39.533046],[67.410004,39.532731],[67.407809,39.537485],[67.411458,39.537349],[67.416309,39.538487],[67.422296,39.535095],[67.426638,39.533861],[67.432251,39.529814],[67.442836,39.529205],[67.445138,39.53138],[67.446783,39.531711],[67.449175,39.531649],[67.451445,39.532671],[67.455509,39.533221],[67.45922,39.533377],[67.460817,39.533012],[67.463627,39.533561],[67.467299,39.53172],[67.468711,39.531307],[67.46877,39.531534],[67.468151,39.531942],[67.470622,39.534531],[67.471463,39.536173],[67.471471,39.536756],[67.470301,39.537935],[67.470106,39.53893],[67.470087,39.539955],[67.470581,39.54163],[67.466147,39.543028],[67.464149,39.543292],[67.463476,39.542856],[67.460511,39.542103],[67.459291,39.5429],[67.459021,39.543383],[67.458983,39.543844],[67.45709,39.5456],[67.456118,39.545893],[67.455794,39.546895],[67.453403,39.547667],[67.451325,39.548754],[67.450699,39.548363],[67.449608,39.5483],[67.449261,39.548048],[67.447833,39.548],[67.445812,39.548319],[67.445304,39.548758],[67.444477,39.549124],[67.444175,39.549965],[67.443928,39.550232],[67.44449,39.551553],[67.444401,39.553144],[67.444965,39.556352],[67.450031,39.567194],[67.451929,39.570207],[67.454426,39.572723],[67.455857,39.573031],[67.456142,39.574455],[67.452319,39.575516],[67.451444,39.578022],[67.452171,39.578618],[67.456473,39.578254],[67.457805,39.577185],[67.460975,39.575858],[67.462801,39.574721],[67.46337,39.575142],[67.465083,39.574914],[67.468613,39.575995],[67.470456,39.577334],[67.473586,39.577513],[67.47626,39.576838],[67.478454,39.577872],[67.482751,39.576446],[67.489261,39.578371],[67.49314,39.58089],[67.496266,39.581878],[67.499435,39.5839],[67.502039,39.58249],[67.503463,39.582158],[67.505131,39.580396],[67.506505,39.579663],[67.50889,39.578927],[67.513584,39.580521],[67.515134,39.579802],[67.517546,39.580277],[67.519335,39.579179],[67.52348,39.581312],[67.524839,39.583343],[67.52841,39.583664],[67.532326,39.585554],[67.534355,39.589881],[67.536349,39.588327],[67.541156,39.587468],[67.545648,39.590448],[67.548052,39.588347],[67.557467,39.588421],[67.565519,39.594543],[67.575717,39.594709],[67.582435,39.599957],[67.592001,39.597331],[67.599465,39.598024],[67.604783,39.597576],[67.614004,39.598118],[67.618553,39.60021],[67.627561,39.600811],[67.629983,39.602075],[67.630453,39.604303],[67.628302,39.610053],[67.628974,39.613368],[67.634508,39.619928],[67.647334,39.625138],[67.6478,39.630199],[67.651498,39.635377],[67.659784,39.63672],[67.664609,39.641642],[67.674369,39.639297],[67.679939,39.638122],[67.683689,39.638725],[67.689822,39.645111],[67.698414,39.651242],[67.70448,39.65795],[67.707976,39.659658],[67.710464,39.659554],[67.714641,39.657221],[67.735452,39.650658],[67.744418,39.645888],[67.752672,39.642419],[67.760789,39.639918],[67.765928,39.640521],[67.771797,39.642501],[67.781845,39.646826],[67.793137,39.656959],[67.805737,39.653084],[67.809896,39.650243],[67.817167,39.643713],[67.829015,39.639241],[67.835875,39.630677],[67.853057,39.626041],[67.861911,39.623838],[67.87508,39.627375],[67.888444,39.61791],[67.899903,39.610734],[67.912104,39.609068],[67.93892,39.598839],[67.949073,39.603531],[67.971919,39.603769],[67.972562,39.604283],[67.976124,39.605539],[67.977187,39.605477],[67.977766,39.605176],[67.978227,39.603142],[67.979128,39.600828],[67.980974,39.600315],[67.985576,39.598637],[67.990705,39.595694],[67.993591,39.594288],[67.995018,39.592866],[67.996359,39.592718],[67.997525,39.59217],[67.999111,39.590969],[68.000758,39.590882],[68.00256,39.58965],[68.005908,39.591122],[68.007528,39.591043],[68.008214,39.590461],[68.011401,39.590924],[68.012044,39.590295],[68.013353,39.587864],[68.014855,39.588609],[68.016486,39.58889],[68.017194,39.588013],[68.018904,39.585264],[68.024855,39.586442],[68.027473,39.586178],[68.027129,39.582705],[68.032215,39.580869],[68.034993,39.578554],[68.036222,39.578368],[68.038307,39.577311],[68.041753,39.577289],[68.043834,39.577967],[68.044722,39.578047],[68.048962,39.576718],[68.049563,39.57671],[68.050765,39.577032],[68.05158,39.576999],[68.054531,39.576263],[68.059369,39.574278],[68.061629,39.574106],[68.07086,39.57518],[68.072963,39.576668],[68.077619,39.577793],[68.079165,39.577937],[68.08116,39.577561],[68.083162,39.575694],[68.086331,39.574138],[68.088015,39.573815],[68.089196,39.573021],[68.090017,39.572224],[68.095193,39.569829],[68.096062,39.569904],[68.096824,39.569746],[68.101362,39.567679],[68.107209,39.565702],[68.109076,39.564428],[68.110385,39.564213],[68.111178,39.563311],[68.112252,39.561137],[68.11482,39.560256],[68.1215,39.560028],[68.127379,39.560905],[68.129568,39.560003],[68.131489,39.559921],[68.133696,39.560605],[68.137497,39.561459],[68.138731,39.562245],[68.141112,39.564247],[68.141391,39.566198],[68.144754,39.568164],[68.148204,39.566174],[68.150725,39.565272],[68.155038,39.563196],[68.156627,39.562735],[68.15874,39.563254],[68.160381,39.56461],[68.164136,39.56648],[68.165746,39.566976],[68.167383,39.566986],[68.173594,39.568539],[68.176905,39.569176],[68.177376,39.568808],[68.178443,39.567468],[68.17928,39.567398],[68.180362,39.566183],[68.182815,39.565471],[68.183888,39.564693],[68.18406,39.564172],[68.185519,39.562261],[68.186197,39.561551],[68.186833,39.561165],[68.187477,39.560301],[68.189135,39.5594],[68.189746,39.558667],[68.19046,39.558254],[68.192606,39.556237],[68.196731,39.554618],[68.200657,39.55356],[68.202701,39.553424],[68.20719,39.554173],[68.207838,39.554854],[68.209386,39.554176],[68.212673,39.553289],[68.214734,39.552989],[68.218076,39.553648],[68.222239,39.5559],[68.226057,39.554764],[68.229829,39.555082],[68.235297,39.557178],[68.235848,39.557158],[68.236685,39.55672],[68.238326,39.55624],[68.239973,39.55609],[68.243101,39.557067],[68.244238,39.557745],[68.245719,39.558299],[68.248487,39.560235],[68.250737,39.562681],[68.251126,39.562295],[68.254344,39.560905],[68.257821,39.559652],[68.259049,39.559321],[68.261168,39.559242],[68.264022,39.558878],[68.267021,39.557858],[68.271307,39.558324],[68.272165,39.558556],[68.273211,39.558556],[68.274348,39.558833],[68.277542,39.560196],[68.28018,39.560285],[68.281971,39.559908],[68.285233,39.55961],[68.286301,39.559678],[68.286917,39.55806],[68.287432,39.557514],[68.291268,39.555479],[68.295007,39.552848],[68.298123,39.54972],[68.299159,39.549663],[68.300607,39.549903],[68.303139,39.55078],[68.304094,39.551665],[68.308148,39.554018],[68.309576,39.554126],[68.313053,39.552476],[68.315432,39.551634],[68.318063,39.550389],[68.320026,39.54896],[68.324683,39.548215],[68.326695,39.548117],[68.328352,39.545816],[68.329232,39.545254],[68.331699,39.545403],[68.334031,39.544709],[68.338235,39.544083],[68.339086,39.543645],[68.339797,39.543008],[68.340733,39.542598],[68.342235,39.541514],[68.345196,39.540852],[68.34731,39.540166],[68.348885,39.53884],[68.34996,39.538502],[68.351247,39.537344],[68.353136,39.533848],[68.356091,39.53216],[68.356621,39.531645],[68.35725,39.531386],[68.358243,39.531395],[68.359573,39.531122],[68.364959,39.531072],[68.36652,39.530708],[68.367561,39.530265],[68.369169,39.529988],[68.370023,39.530284],[68.371493,39.532015],[68.372093,39.533033],[68.374894,39.535333],[68.376154,39.536955],[68.377237,39.538039],[68.385317,39.542181],[68.387557,39.542122],[68.389898,39.543247],[68.392083,39.544705],[68.398026,39.542477],[68.407051,39.540901],[68.408412,39.540764],[68.41533,39.542293],[68.421547,39.539991],[68.424352,39.537716],[68.430748,39.53866],[68.433337,39.538896],[68.435082,39.538718],[68.438194,39.538933],[68.443523,39.54002],[68.448021,39.536556],[68.451356,39.536231],[68.456318,39.533649],[68.460739,39.534549],[68.462933,39.537483],[68.464303,39.538912],[68.46839,39.537224],[68.469265,39.537222],[68.479223,39.535592],[68.481988,39.539255],[68.485884,39.539404],[68.487889,39.540274],[68.490143,39.542203],[68.490972,39.542327],[68.492256,39.542193],[68.497868,39.540257],[68.500099,39.540008],[68.501502,39.540019],[68.504798,39.537112],[68.50686,39.53559],[68.510446,39.534049],[68.510892,39.53252],[68.511033,39.5305],[68.512121,39.530762],[68.514835,39.530877],[68.515924,39.531242],[68.517421,39.531386],[68.518531,39.531688],[68.52271,39.53216],[68.524208,39.532126],[68.524878,39.53394],[68.526063,39.535049],[68.526814,39.536715],[68.528525,39.538403],[68.528997,39.540314],[68.530017,39.542122],[68.53086,39.543107],[68.531418,39.545182],[68.535163,39.547828],[68.537754,39.549067],[68.541201,39.549456],[68.541653,39.549629],[68.543324,39.553637],[68.544162,39.553932],[68.544554,39.554594],[68.544753,39.5554],[68.54678,39.558002],[68.546909,39.558378],[68.546845,39.559255],[68.547343,39.560402],[68.543808,39.562816],[68.541786,39.564978],[68.538673,39.566021],[68.538251,39.567034],[68.536953,39.568531],[68.536191,39.569168],[68.535686,39.571321],[68.53662,39.572616],[68.537092,39.575031],[68.537967,39.576118],[68.53902,39.578238],[68.539614,39.580472],[68.539774,39.58175],[68.5395,39.582958],[68.538078,39.584522],[68.539345,39.585309],[68.541107,39.585973],[68.542364,39.587033],[68.544291,39.589014],[68.545547,39.589609],[68.546577,39.59032],[68.546963,39.590821],[68.54692,39.592379],[68.547644,39.594866],[68.549205,39.596669],[68.550439,39.597488],[68.551136,39.598265],[68.551464,39.599025],[68.552446,39.599786],[68.555626,39.599447],[68.558035,39.599702],[68.560792,39.598873],[68.563416,39.59889],[68.566387,39.600228],[68.570154,39.601416],[68.57188,39.603414],[68.572133,39.605482],[68.571907,39.606796],[68.572218,39.607275],[68.573442,39.607903],[68.575126,39.60992],[68.576478,39.610375],[68.577916,39.614026],[68.578076,39.616103],[68.578892,39.617425],[68.57916,39.619268],[68.579002,39.620527],[68.579809,39.621312],[68.581327,39.622251],[68.583106,39.62275],[68.587754,39.623458],[68.592054,39.623463],[68.595704,39.623714],[68.599215,39.624491],[68.603203,39.627615],[68.604721,39.628474],[68.605789,39.630193],[68.609963,39.63368],[68.611737,39.634832],[68.614658,39.634962],[68.616443,39.63577],[68.617246,39.63799],[68.618009,39.640736],[68.61788,39.642413],[68.618508,39.644871],[68.618692,39.647787],[68.61864,39.649998],[68.618138,39.651343],[68.618932,39.652904],[68.618395,39.65392],[68.618943,39.65582],[68.618631,39.656407],[68.618687,39.656853],[68.61935,39.657208],[68.620616,39.657571],[68.620745,39.657852],[68.620284,39.659017],[68.62023,39.660066],[68.619753,39.660755],[68.619715,39.661618],[68.620091,39.662403],[68.62052,39.665211],[68.621327,39.667255],[68.62155,39.668894],[68.622238,39.670521],[68.622751,39.671124],[68.624039,39.671653],[68.625004,39.673437],[68.625611,39.675365],[68.628545,39.679316],[68.629862,39.683857],[68.626656,39.6896],[68.625739,39.691823],[68.626201,39.695704],[68.620303,39.698636],[68.610714,39.704482],[68.605913,39.706613],[68.602924,39.706803],[68.603512,39.711055],[68.599663,39.712545],[68.598375,39.71473],[68.589846,39.719676],[68.587011,39.721759],[68.58675,39.724452],[68.588994,39.73055],[68.589537,39.737465],[68.596643,39.738467],[68.609503,39.741625],[68.612975,39.744933],[68.619027,39.747122],[68.623255,39.752541],[68.625465,39.756019],[68.621672,39.759716],[68.619877,39.762061],[68.624041,39.771456],[68.629889,39.770767],[68.63251,39.771214],[68.637376,39.77381],[68.638324,39.77664],[68.642614,39.776373],[68.643221,39.777324],[68.640901,39.77984],[68.63981,39.783223],[68.637426,39.78707],[68.638409,39.789439],[68.638178,39.79121],[68.638779,39.794047],[68.638267,39.798345],[68.637152,39.800411],[68.638201,39.818656],[68.637235,39.820337],[68.637428,39.821507],[68.637149,39.823155],[68.637276,39.824527],[68.635454,39.827714],[68.634067,39.832602],[68.634009,39.838052],[68.633615,39.838937],[68.634432,39.841948],[68.634553,39.846096],[68.636202,39.847751],[68.636134,39.851552],[68.636584,39.852965],[68.636868,39.854906],[68.640096,39.854038],[68.644671,39.853337],[68.650447,39.854417],[68.65752,39.8542],[68.682115,39.850874],[68.698727,39.848133],[68.702156,39.848763],[68.702836,39.849559],[68.703879,39.849914],[68.707155,39.852608],[68.715231,39.85495],[68.718673,39.859284],[68.7205,39.85967],[68.730019,39.853945],[68.739425,39.851092],[68.746136,39.845786],[68.752613,39.847732],[68.754684,39.847397],[68.757777,39.84566],[68.759121,39.844719],[68.75912,39.845674],[68.757283,39.846894],[68.750387,39.862625],[68.749883,39.867397],[68.755423,39.871906],[68.760575,39.874686],[68.767342,39.875344],[68.772525,39.874994],[68.771575,39.87191],[68.770197,39.859498],[68.774236,39.851807],[68.775856,39.847983],[68.778504,39.839883],[68.785372,39.83982],[68.786115,39.844681],[68.78848,39.845086],[68.789375,39.853044],[68.793861,39.864313],[68.796357,39.86742],[68.798308,39.867959],[68.799048,39.870027],[68.803653,39.872879],[68.803777,39.874052],[68.806701,39.875134],[68.808281,39.874059],[68.811065,39.874706],[68.819612,39.870102],[68.822611,39.870495],[68.821308,39.874212],[68.821702,39.882769],[68.82323,39.886417],[68.826359,39.887165],[68.83111,39.890962],[68.831666,39.893783],[68.82113,39.895186],[68.82304,39.900706],[68.82782,39.90365],[68.82733,39.916349],[68.830011,39.921255],[68.830033,39.937517],[68.828233,39.946932],[68.825607,39.948563],[68.822711,39.949638],[68.821705,39.951642],[68.816578,39.96805],[68.812643,39.968645],[68.801347,39.968035],[68.800675,39.969964],[68.801003,39.971714],[68.801849,39.972552],[68.811915,39.974402],[68.812457,39.97468],[68.813694,39.976261],[68.819707,39.978431],[68.820898,39.979697],[68.819455,39.983627],[68.820286,39.985872],[68.824398,39.986701],[68.828097,39.971017],[68.837523,39.955834],[68.844791,39.941577],[68.847234,39.929158],[68.850537,39.926462],[68.8552,39.921302],[68.856353,39.916326],[68.854267,39.906407],[68.853412,39.906063],[68.852214,39.903322],[68.85093,39.901875],[68.850542,39.898871],[68.848327,39.897898],[68.845266,39.894435],[68.844592,39.890672],[68.847174,39.889391],[68.85272,39.888495],[68.852717,39.870147],[68.854175,39.868435],[68.853503,39.866738],[68.85475,39.86314],[68.857422,39.861965],[68.859878,39.861189],[68.862306,39.861248],[68.862419,39.862509],[68.864067,39.864508],[68.864157,39.866797],[68.867679,39.86694],[68.870458,39.866017],[68.871563,39.864438],[68.872555,39.863718],[68.87498,39.864297],[68.875875,39.864775],[68.885321,39.863161],[68.886232,39.864568],[68.887872,39.864549],[68.889503,39.864906],[68.891564,39.86808],[68.89282,39.868198],[68.893561,39.868997],[68.894697,39.869627],[68.895778,39.872633],[68.896613,39.879023],[68.906283,39.880701],[68.913984,39.887086],[68.917369,39.891279],[68.919632,39.896163],[68.920386,39.898149],[68.919789,39.902145],[68.923715,39.9115],[68.928721,39.915101],[68.935597,39.916592],[68.938853,39.916387],[68.942318,39.9175],[68.943258,39.919196],[68.9403,39.921162],[68.938881,39.923237],[68.935206,39.92663],[68.933535,39.928539],[68.932131,39.928451],[68.928246,39.930273],[68.92525,39.939423],[68.922683,39.944537],[68.921442,39.94966],[68.917354,39.955424],[68.912677,39.965144],[68.910824,39.97401],[68.906699,39.977967],[68.901486,39.981625],[68.900722,39.98971],[68.899527,39.993101],[68.891899,40.004997],[68.885842,40.009334],[68.883813,40.014087],[68.881371,40.017107],[68.87877,40.019769],[68.876999,40.018887],[68.875295,40.019251],[68.873738,40.023101],[68.870395,40.028342],[68.867082,40.030676],[68.865815,40.032285],[68.863788,40.036283],[68.864623,40.038066],[68.861058,40.039963],[68.860867,40.041202],[68.859405,40.04332],[68.859151,40.044341],[68.857586,40.046438],[68.85652,40.04697],[68.856559,40.048401],[68.857171,40.050302],[68.856929,40.05057],[68.861219,40.0517],[68.861069,40.051987],[68.862894,40.052525],[68.862367,40.053575],[68.867278,40.055835],[68.877172,40.055675],[68.888569,40.054979],[68.893337,40.048214],[68.897225,40.049785],[68.897963,40.059133],[68.898901,40.060601],[68.898896,40.061268],[68.900287,40.06214],[68.900459,40.06261],[68.900391,40.064145],[68.900748,40.065027],[68.900685,40.065581],[68.900963,40.066229],[68.901882,40.067026],[68.903667,40.06773],[68.904828,40.067996],[68.906628,40.068065],[68.907999,40.067445],[68.908771,40.067338],[68.909312,40.066887],[68.91208,40.065528],[68.913858,40.063918],[68.915666,40.061531],[68.916188,40.061331],[68.926503,40.06257],[68.929575,40.061837],[68.93401,40.061735],[68.934981,40.061896],[68.944624,40.061569],[68.946392,40.06258],[68.946523,40.063086],[68.947077,40.06265],[68.950127,40.061848],[68.955226,40.062761],[68.956929,40.061677],[68.959192,40.059613],[68.967125,40.055212],[68.967934,40.052532],[68.970258,40.050332],[68.971253,40.046806],[68.972274,40.04602],[68.973006,40.042069],[68.977473,40.041974],[68.979593,40.043071],[68.97919,40.047309],[68.976944,40.051892],[68.977528,40.053472],[68.97719,40.057764],[68.972329,40.06558],[68.96843,40.064823],[68.967827,40.066095],[68.965202,40.070073],[68.956864,40.083622],[68.96007,40.087913],[68.970741,40.092677],[68.979896,40.093525],[68.988824,40.092808],[68.995273,40.093254],[69.008453,40.099133],[69.022798,40.120449],[69.023752,40.122233],[69.0241,40.126037],[69.023641,40.136825],[69.023926,40.145578],[69.02002,40.15423],[69.014621,40.154626],[69.004673,40.153841],[69.000441,40.152716],[68.994552,40.150626],[68.988764,40.144874],[68.980719,40.142781],[68.973542,40.146049],[68.972731,40.146811],[68.970637,40.147032],[68.969675,40.146782],[68.967816,40.144362],[68.966945,40.144261],[68.963336,40.145386],[68.957886,40.144594],[68.952564,40.145991],[68.950876,40.146689],[68.940635,40.147063],[68.931753,40.145995],[68.930439,40.144354],[68.928421,40.143966],[68.928008,40.144087],[68.927018,40.14491],[68.914663,40.139491],[68.897181,40.137091],[68.891364,40.135088],[68.881643,40.133075],[68.874583,40.12984],[68.859075,40.124521],[68.852344,40.123979],[68.847767,40.121379],[68.838467,40.119389],[68.83367,40.119039],[68.83062,40.117997],[68.811224,40.116629],[68.796362,40.111907],[68.782419,40.107169],[68.773136,40.099379],[68.76583,40.097968],[68.758935,40.09871],[68.750341,40.101336],[68.736388,40.099052],[68.722825,40.0993],[68.702038,40.094433],[68.694095,40.095043],[68.682872,40.091975],[68.654404,40.081939],[68.638496,40.077272],[68.633236,40.076677],[68.531026,40.11777],[68.530982,40.118163],[68.530788,40.118288],[68.532861,40.143821],[68.554771,40.151007],[68.567332,40.152648],[68.581493,40.153787],[68.597945,40.157131],[68.606705,40.161125],[68.632204,40.167912],[68.653645,40.172952],[68.663024,40.175007],[68.671113,40.176273],[68.681126,40.178601],[68.68844,40.178306],[68.694005,40.18139],[68.701505,40.183998],[68.711976,40.186966],[68.761361,40.199867],[68.779565,40.203926],[68.7973,40.172603],[68.811844,40.178394],[68.817206,40.178299],[68.823718,40.178858],[68.830953,40.180467],[68.834983,40.181068],[68.840279,40.182179],[68.843612,40.183276],[68.842591,40.186543],[68.84195,40.190024],[68.840952,40.193881],[68.847201,40.195178],[68.85196,40.197778],[68.85152,40.203487],[68.860795,40.209461],[68.862762,40.210035],[68.93497,40.218421],[68.963594,40.221483],[68.984295,40.223284],[69.009493,40.226129],[69.03575,40.228734],[69.052116,40.226611],[69.056783,40.223701],[69.0612,40.222774],[69.067069,40.223053],[69.070297,40.222394],[69.071854,40.22162],[69.075687,40.22145],[69.07646,40.221579],[69.078204,40.222857],[69.078648,40.222897],[69.087746,40.221398],[69.134234,40.217852],[69.149316,40.215767],[69.152695,40.214418],[69.15347,40.215437],[69.164114,40.210908],[69.165281,40.210577],[69.166535,40.210541],[69.168056,40.210829],[69.169782,40.212125],[69.171975,40.211758],[69.173376,40.21183],[69.180385,40.213373],[69.186632,40.213921],[69.189432,40.214796],[69.197737,40.215073],[69.204498,40.214032],[69.213807,40.212275],[69.216609,40.21126],[69.219524,40.210986],[69.2227,40.210383],[69.230061,40.208254],[69.231242,40.208207],[69.233596,40.20847],[69.238397,40.208065],[69.241512,40.207984],[69.246513,40.208256],[69.247485,40.208071],[69.251789,40.206515],[69.261172,40.200725],[69.263311,40.200568],[69.265355,40.200792],[69.271652,40.202078],[69.274016,40.201989],[69.282156,40.198877],[69.285224,40.196086],[69.29916,40.189065],[69.300887,40.188517],[69.303209,40.18831],[69.304312,40.188442],[69.304103,40.191017],[69.305507,40.195094],[69.3045,40.195632],[69.301069,40.195763],[69.300419,40.196653],[69.300777,40.197315],[69.298813,40.199754],[69.299654,40.202103],[69.29842,40.206303],[69.298979,40.207258],[69.297261,40.210023],[69.297369,40.210846],[69.297162,40.211264],[69.296283,40.211796],[69.295803,40.213306],[69.294012,40.214055],[69.2932,40.214916],[69.29296,40.215485],[69.291095,40.216802],[69.290482,40.217441],[69.290088,40.218497],[69.290431,40.219501],[69.289176,40.222025],[69.288637,40.225685],[69.295377,40.232182],[69.29642,40.233408],[69.29713,40.233803],[69.301455,40.244813],[69.28971,40.247833],[69.287543,40.24878],[69.285734,40.25104],[69.27786,40.252939],[69.273197,40.256279],[69.267697,40.258571],[69.264851,40.25864],[69.262694,40.25828],[69.26117,40.263825],[69.256563,40.265584],[69.255366,40.267317],[69.2549,40.269578],[69.251303,40.270663],[69.247785,40.274813],[69.24906,40.281025],[69.254669,40.283709],[69.252522,40.291329],[69.249909,40.292228],[69.246827,40.294251],[69.246612,40.295443],[69.2492,40.303493],[69.253712,40.301945],[69.259866,40.297215],[69.265347,40.29738],[69.289582,40.288617],[69.30743,40.281888],[69.307935,40.282535],[69.307235,40.285696],[69.307291,40.286184],[69.307662,40.28668],[69.309681,40.287707],[69.310196,40.2882],[69.311077,40.289764],[69.311638,40.290332],[69.318669,40.293017],[69.319466,40.293147],[69.322027,40.29258],[69.322743,40.29271],[69.328287,40.297212],[69.328459,40.297814],[69.328389,40.299002],[69.328164,40.299825],[69.327964,40.300435],[69.326573,40.302445],[69.327713,40.308275],[69.328307,40.308914],[69.332929,40.312561],[69.334273,40.317155],[69.334837,40.318],[69.337609,40.320398],[69.338035,40.321348],[69.339492,40.333621],[69.340508,40.339022],[69.337307,40.347768],[69.33629,40.348756],[69.325692,40.351697],[69.316183,40.356665],[69.303229,40.367458],[69.302614,40.368135],[69.302415,40.368875],[69.303109,40.375049],[69.303349,40.375794],[69.306855,40.379435],[69.307166,40.379994],[69.306504,40.386785],[69.306191,40.38746],[69.305004,40.389019],[69.304032,40.38987],[69.302999,40.39039],[69.297426,40.391465],[69.292943,40.394958],[69.292129,40.395946],[69.291891,40.3967],[69.291116,40.402381],[69.291029,40.403382],[69.291153,40.403876],[69.291598,40.404348],[69.296118,40.40653],[69.297762,40.407961],[69.298443,40.411835],[69.297944,40.412621],[69.296039,40.414438],[69.294868,40.414956],[69.293965,40.415173],[69.28854,40.415354],[69.283397,40.420001],[69.283224,40.420633],[69.28335,40.421004],[69.28581,40.42303],[69.285979,40.423611],[69.284158,40.426613],[69.284048,40.427386],[69.285524,40.430996],[69.284749,40.434745],[69.284121,40.435293],[69.28318,40.435757],[69.282756,40.436318],[69.283771,40.439071],[69.283932,40.443429],[69.279325,40.451884],[69.277997,40.453204],[69.272832,40.455506],[69.270517,40.457986],[69.267978,40.459199],[69.26772,40.459718],[69.268454,40.462419],[69.271788,40.468274],[69.271659,40.468794],[69.268615,40.470548],[69.26628,40.47544],[69.266426,40.475948],[69.272494,40.479584],[69.272597,40.480103],[69.272206,40.480836],[69.269748,40.484362],[69.270022,40.485096],[69.271627,40.487904],[69.272371,40.488222],[69.277863,40.489065],[69.278646,40.489452],[69.27986,40.492855],[69.279442,40.493411],[69.262794,40.499979],[69.256424,40.50704],[69.247968,40.510233],[69.240464,40.51992],[69.239855,40.520317],[69.230874,40.522676],[69.228628,40.525878],[69.224577,40.527943],[69.220395,40.531197],[69.220484,40.532728],[69.221292,40.533729],[69.22117,40.534959],[69.221329,40.535897],[69.221201,40.536408],[69.219494,40.536783],[69.216168,40.538138],[69.215099,40.538824],[69.215249,40.540144],[69.211936,40.540792],[69.212145,40.546076],[69.211987,40.546134],[69.212159,40.546429],[69.212048,40.546567],[69.211099,40.546651],[69.211031,40.546786],[69.214529,40.546836],[69.220712,40.547729],[69.220565,40.548508],[69.226065,40.549612],[69.226772,40.549938],[69.232333,40.553177],[69.233774,40.554407],[69.238485,40.559032],[69.24136,40.562349],[69.250488,40.565303],[69.258523,40.572446],[69.261147,40.575941],[69.262298,40.576347],[69.275973,40.57401],[69.278138,40.574544],[69.279544,40.57535],[69.280584,40.576893],[69.2821,40.580612],[69.284251,40.581878],[69.298514,40.581468],[69.30316,40.581094],[69.319677,40.578639],[69.321483,40.579323],[69.32543,40.581252],[69.327012,40.581685],[69.331696,40.581637],[69.340647,40.582105],[69.340399,40.580498],[69.343718,40.580892],[69.344085,40.581071],[69.345317,40.585148],[69.346825,40.585176],[69.347078,40.585319],[69.347763,40.589755],[69.346457,40.591312],[69.347346,40.600259],[69.34686,40.600954],[69.347428,40.613763],[69.347583,40.614648],[69.344403,40.627265],[69.338764,40.643006],[69.339116,40.65193],[69.339143,40.65698],[69.337061,40.658617],[69.338376,40.667226],[69.339059,40.668664],[69.340734,40.671408],[69.342048,40.680146],[69.342542,40.68231],[69.342686,40.68388],[69.342538,40.685135],[69.342334,40.685966],[69.34198,40.68633],[69.340477,40.686919],[69.337712,40.689806],[69.339004,40.690608],[69.338639,40.69144],[69.338234,40.691827],[69.337676,40.693437],[69.337369,40.693675],[69.33465,40.694405],[69.334388,40.694622],[69.334511,40.694975],[69.333952,40.696863],[69.332908,40.697592],[69.331198,40.697934],[69.330676,40.698657],[69.330238,40.698824],[69.329882,40.699189],[69.329387,40.70043],[69.328551,40.703955],[69.328694,40.704185],[69.331527,40.705483],[69.33445,40.706411],[69.334104,40.70752],[69.334278,40.707852],[69.334277,40.70868],[69.334445,40.708938],[69.335625,40.709434],[69.337081,40.711021],[69.339605,40.712517],[69.340882,40.712597],[69.345577,40.712014],[69.346197,40.712271],[69.346907,40.715988],[69.34685,40.718086],[69.346177,40.720501],[69.345953,40.722532],[69.346764,40.724396],[69.347153,40.724952],[69.347942,40.725617],[69.348224,40.726224],[69.349169,40.726822],[69.352791,40.725987],[69.355264,40.726377],[69.355893,40.726693],[69.355229,40.727516],[69.352756,40.728897],[69.351105,40.730971],[69.351134,40.732115],[69.353038,40.732731],[69.359877,40.73266],[69.360703,40.732539],[69.361007,40.732635],[69.362923,40.734391],[69.361425,40.73701],[69.35982,40.7391],[69.359691,40.739659],[69.360091,40.74042],[69.361955,40.741364],[69.363029,40.742658],[69.364402,40.743783],[69.364502,40.744049],[69.364339,40.744621],[69.362425,40.747197],[69.361352,40.748144],[69.359912,40.74892],[69.359549,40.749305],[69.359233,40.749991],[69.359244,40.751306],[69.361406,40.75276],[69.361739,40.753081],[69.361795,40.753396],[69.361656,40.753801],[69.357635,40.755861],[69.357642,40.756266],[69.359626,40.760318],[69.359386,40.760871],[69.358825,40.761417],[69.357303,40.761575],[69.354658,40.763261],[69.354148,40.764567],[69.353412,40.765699],[69.353953,40.768296],[69.3529,40.770378],[69.349766,40.772153],[69.347661,40.774914],[69.351447,40.776667],[69.352363,40.778152],[69.357613,40.779637],[69.362232,40.782782],[69.363475,40.78471],[69.367045,40.785907],[69.368456,40.786982],[69.3679,40.787607],[69.37183,40.789589],[69.373457,40.790647],[69.374517,40.790407],[69.374399,40.788405],[69.378382,40.787754],[69.378216,40.787301],[69.379521,40.786642],[69.381974,40.787017],[69.388631,40.784227],[69.394209,40.76931],[69.395595,40.766384],[69.397964,40.762594],[69.404015,40.754901],[69.405886,40.752072],[69.407833,40.752228],[69.418284,40.757125],[69.420114,40.759067],[69.421179,40.76064],[69.421608,40.769049],[69.424296,40.775244],[69.428512,40.783508],[69.437689,40.78886],[69.443534,40.789559],[69.444218,40.789393],[69.444534,40.788925],[69.44795,40.788058],[69.453175,40.786405],[69.455345,40.78415],[69.458734,40.784757],[69.461256,40.784789],[69.467834,40.784429],[69.470558,40.784069],[69.471368,40.783698],[69.474359,40.78073],[69.474795,40.782899],[69.47643,40.784929],[69.477774,40.786997],[69.478097,40.78834],[69.4788,40.790135],[69.479919,40.791668],[69.481466,40.79225],[69.481443,40.792591],[69.487596,40.793263],[69.488398,40.795585],[69.49609,40.797094],[69.496886,40.797444],[69.498891,40.79581],[69.49846,40.790289],[69.497407,40.787265],[69.498376,40.785877],[69.498893,40.784524],[69.499422,40.782005],[69.499865,40.781268],[69.500163,40.780945],[69.502441,40.779667],[69.505001,40.779601],[69.506754,40.778411],[69.50939,40.778073],[69.509988,40.777412],[69.51067,40.777124],[69.511437,40.77744],[69.511837,40.777984],[69.512266,40.778142],[69.513302,40.777481],[69.513388,40.777176],[69.514972,40.777191],[69.515939,40.777774],[69.516138,40.778187],[69.516005,40.779197],[69.516222,40.779819],[69.517074,40.780689],[69.517629,40.781504],[69.518037,40.782482],[69.518565,40.78253],[69.51924,40.781298],[69.520174,40.781287],[69.520727,40.779581],[69.522457,40.777471],[69.523842,40.776191],[69.524154,40.77564],[69.524597,40.775449],[69.526173,40.775674],[69.528604,40.777177],[69.528891,40.776816],[69.529714,40.776473],[69.531919,40.776253],[69.534402,40.777148],[69.534716,40.777052],[69.535389,40.775897],[69.535481,40.773315],[69.536903,40.771382],[69.537951,40.770892],[69.538512,40.771035],[69.539013,40.77158],[69.539874,40.771272],[69.540253,40.770841],[69.54097,40.770484],[69.54176,40.770374],[69.542114,40.77162],[69.542633,40.772355],[69.54337,40.772746],[69.545145,40.772563],[69.545569,40.772321],[69.545956,40.770659],[69.546463,40.770489],[69.546837,40.76941],[69.548713,40.768932],[69.551319,40.769716],[69.553296,40.768487],[69.554413,40.76734],[69.555458,40.76596],[69.555631,40.764595],[69.556516,40.764337],[69.557705,40.764514],[69.558017,40.764276],[69.558229,40.763567],[69.559098,40.762887],[69.55937,40.762494],[69.559266,40.760819],[69.560158,40.75879],[69.559699,40.75712],[69.561925,40.756693],[69.562004,40.756128],[69.561489,40.754763],[69.563979,40.753566],[69.565552,40.752052],[69.567153,40.751368],[69.567807,40.750684],[69.568097,40.750239],[69.568065,40.747387],[69.569394,40.745607],[69.569904,40.74452],[69.571638,40.743663],[69.571734,40.742196],[69.572766,40.74047],[69.574072,40.735077],[69.575652,40.732451],[69.575435,40.731971],[69.573557,40.731477],[69.572538,40.728623],[69.574101,40.726839],[69.574273,40.726309],[69.573768,40.725637],[69.573544,40.724607],[69.573577,40.723242],[69.573982,40.721822],[69.574569,40.720573],[69.574344,40.720317],[69.575829,40.718025],[69.576153,40.717902],[69.57837,40.715941],[69.578489,40.715402],[69.579039,40.715102],[69.57871,40.713944],[69.578968,40.713134],[69.581494,40.711941],[69.582145,40.711521],[69.582575,40.710967],[69.582728,40.710444],[69.582396,40.70825],[69.582558,40.707553],[69.58303,40.706948],[69.58343,40.705873],[69.583483,40.704599],[69.583751,40.704095],[69.585334,40.702742],[69.587599,40.701883],[69.588642,40.700467],[69.590096,40.699954],[69.591822,40.698828],[69.591979,40.69845],[69.593442,40.697265],[69.594507,40.697138],[69.596669,40.696102],[69.599376,40.695753],[69.601147,40.695197],[69.601821,40.694804],[69.603059,40.69457],[69.604038,40.694012],[69.605808,40.693686],[69.605476,40.693226],[69.605491,40.692859],[69.605774,40.692389],[69.607448,40.69154],[69.612094,40.691092],[69.614412,40.69134],[69.614711,40.691248],[69.614967,40.690182],[69.617122,40.689741],[69.617099,40.688234],[69.616894,40.687289],[69.61743,40.686828],[69.617814,40.686132],[69.618909,40.685447],[69.620092,40.684294],[69.620279,40.683895],[69.620253,40.683134],[69.621245,40.682664],[69.625336,40.676263],[69.627141,40.676278],[69.631339,40.6753],[69.636581,40.673204],[69.640447,40.674252],[69.643268,40.674824],[69.644667,40.674196],[69.648711,40.673344],[69.651694,40.67109],[69.652207,40.670394],[69.652315,40.669018],[69.653203,40.665726],[69.655675,40.663964],[69.663337,40.659797],[69.661953,40.658313],[69.661265,40.657996],[69.661545,40.657562],[69.661767,40.656456],[69.662456,40.655994],[69.662571,40.654399],[69.663801,40.653699],[69.663353,40.652505],[69.663311,40.651348],[69.665331,40.650527],[69.666536,40.648974],[69.666337,40.642114],[69.666554,40.638807],[69.669267,40.634138],[69.673398,40.633987],[69.678491,40.632607],[69.685285,40.632711],[69.688845,40.631577],[69.689807,40.630378],[69.692713,40.629938],[69.695421,40.630036],[69.697331,40.629233],[69.697991,40.628391],[69.698429,40.627477],[69.70096,40.627389],[69.703165,40.628099],[69.708972,40.628629],[69.71205,40.630486],[69.715384,40.63053],[69.719587,40.628781],[69.720487,40.628689],[69.725722,40.630782],[69.728021,40.633265],[69.732152,40.634205],[69.734852,40.635139],[69.736565,40.63719],[69.738701,40.638994],[69.740026,40.64077],[69.742189,40.641897],[69.742332,40.642328],[69.748974,40.645179],[69.751306,40.644696],[69.753898,40.643469],[69.758251,40.645233],[69.76489,40.651575],[69.763424,40.65393],[69.763061,40.65613],[69.762062,40.657838],[69.761691,40.659255],[69.762656,40.660657],[69.765449,40.661776],[69.767122,40.662819],[69.770244,40.664424],[69.773951,40.669586],[69.774879,40.674966],[69.77994,40.678615],[69.781701,40.683232],[69.784388,40.68445],[69.789644,40.689521],[69.790203,40.690633],[69.790032,40.69258],[69.791425,40.697889],[69.792326,40.69952],[69.793164,40.701593],[69.797766,40.702875],[69.804492,40.704426],[69.808146,40.704585],[69.810601,40.706568],[69.814956,40.707286],[69.815952,40.707322],[69.81925,40.705938],[69.82015,40.70578],[69.822481,40.702131],[69.824908,40.700675],[69.832539,40.701072],[69.835088,40.699669],[69.838922,40.702626],[69.839803,40.70552],[69.841409,40.706605],[69.84667,40.708291],[69.848115,40.708988],[69.851013,40.709914],[69.856605,40.710758],[69.857559,40.711685],[69.85949,40.712929],[69.861508,40.713243],[69.865266,40.714197],[69.865716,40.714805],[69.869179,40.714381],[69.872671,40.715202],[69.875174,40.716718],[69.878731,40.718355],[69.88093,40.72032],[69.88193,40.722147],[69.884084,40.722412],[69.889919,40.72556],[69.891499,40.721668],[69.895615,40.719846],[69.900105,40.719977],[69.903414,40.721025],[69.905047,40.720569],[69.907024,40.719754],[69.908797,40.720327],[69.911027,40.720728],[69.917363,40.720431],[69.922434,40.719836],[69.924683,40.718876],[69.931455,40.716585],[69.934997,40.717731],[69.939027,40.718709],[69.940624,40.719322],[69.94734,40.724634],[69.950997,40.725791],[69.956722,40.725654],[69.961456,40.725829],[69.962271,40.727425],[69.963487,40.732021],[69.965763,40.732737],[69.967566,40.733868],[69.968998,40.735482],[69.971722,40.736673],[69.973926,40.738915],[69.979339,40.737602],[69.981487,40.737368],[69.982677,40.737713],[69.986028,40.73815],[69.993009,40.736397],[69.998206,40.735542],[70.001267,40.735756],[70.004417,40.735711],[70.006514,40.736009],[70.008538,40.736813],[70.011383,40.737521],[70.015337,40.740679],[70.01608,40.740867],[70.019155,40.742622],[70.02143,40.743308],[70.02399,40.743255],[70.027123,40.744029],[70.029632,40.744096],[70.032134,40.744858],[70.035534,40.747087],[70.037211,40.749267],[70.039137,40.75317],[70.040664,40.753367],[70.043424,40.753192],[70.044356,40.7533],[70.047157,40.753006],[70.050154,40.753582],[70.052104,40.754512],[70.054996,40.755479],[70.058043,40.755616],[70.060692,40.755521],[70.065667,40.754783],[70.068173,40.755183],[70.071199,40.758334],[70.075613,40.760986],[70.078244,40.762963],[70.08107,40.766216],[70.082227,40.769212],[70.08464,40.769865],[70.086697,40.771058],[70.088406,40.772575],[70.092349,40.774971],[70.095738,40.778364],[70.098407,40.781585],[70.10147,40.783027],[70.102732,40.783153],[70.104988,40.783042],[70.106922,40.783965],[70.109517,40.784907],[70.113712,40.787115],[70.114345,40.788415],[70.114195,40.789219],[70.114474,40.790847],[70.115716,40.793725],[70.117035,40.795614],[70.119419,40.797082],[70.121062,40.798887],[70.121119,40.800921],[70.122329,40.804153],[70.124385,40.807399],[70.124022,40.809332],[70.122223,40.810076],[70.120697,40.814457],[70.120102,40.815258],[70.120525,40.816304],[70.123848,40.818917],[70.126363,40.821388],[70.127386,40.822062],[70.132927,40.822339],[70.13498,40.823053],[70.138725,40.823603],[70.142351,40.824421],[70.14409,40.826351],[70.149062,40.828911],[70.151757,40.830723],[70.155304,40.831595],[70.15911,40.833581],[70.160167,40.833912],[70.162713,40.83423],[70.16658,40.834123],[70.171443,40.833212],[70.173767,40.832249],[70.174669,40.83235],[70.176026,40.832937],[70.181177,40.833773],[70.182536,40.832557],[70.183958,40.83096],[70.188012,40.829856],[70.193361,40.827459],[70.199753,40.823465],[70.201264,40.822216],[70.20334,40.823588],[70.213683,40.828108],[70.216994,40.828003],[70.219069,40.828493],[70.221101,40.830168],[70.222803,40.831871],[70.224691,40.832705],[70.22759,40.834363],[70.231299,40.835961],[70.233663,40.836504],[70.23567,40.837419],[70.237626,40.838782],[70.240456,40.839347],[70.244459,40.839861],[70.246349,40.84106],[70.25018,40.84271],[70.257981,40.846893],[70.259034,40.847261],[70.260185,40.848082],[70.263504,40.849697],[70.266365,40.85016],[70.267599,40.851534],[70.269345,40.855071],[70.271603,40.859151],[70.271777,40.863079],[70.274373,40.866782],[70.276533,40.868033],[70.277619,40.869567],[70.278419,40.871065],[70.281421,40.871766],[70.282214,40.872339],[70.283116,40.87253],[70.285159,40.8734],[70.286354,40.874735],[70.289662,40.875482],[70.295925,40.875705],[70.302532,40.877028],[70.307001,40.879324],[70.309288,40.879756],[70.311593,40.880867],[70.314261,40.883226],[70.315818,40.883489],[70.317426,40.883258],[70.321551,40.8838],[70.325493,40.886315],[70.326366,40.886495],[70.327843,40.886705],[70.329243,40.886509],[70.331017,40.884941],[70.332027,40.883809],[70.335102,40.881989],[70.337063,40.88313],[70.339144,40.883883],[70.343839,40.884937],[70.34539,40.886349],[70.34697,40.886484],[70.349521,40.887019],[70.354979,40.888982],[70.361657,40.893583],[70.367751,40.896706],[70.371823,40.897997],[70.373436,40.904886],[70.376022,40.909402],[70.377688,40.913383],[70.378473,40.916263],[70.379253,40.918141],[70.379083,40.918925],[70.375475,40.923109],[70.375723,40.926053],[70.374033,40.933248],[70.370878,40.941918],[70.370602,40.943265],[70.371534,40.943692],[70.377136,40.945392],[70.38029,40.945702],[70.381629,40.946301],[70.385917,40.949783],[70.38725,40.951453],[70.38836,40.953513],[70.387481,40.955664],[70.386996,40.958289],[70.388548,40.96404],[70.388872,40.967106],[70.388884,40.970083],[70.387954,40.974068],[70.386304,40.974681],[70.384191,40.976501],[70.383117,40.978612],[70.382681,40.980232],[70.382299,40.983938],[70.380823,40.990329],[70.380162,40.992565],[70.379558,40.993444],[70.376636,40.996199],[70.375732,41.000992],[70.374619,41.00294],[70.377963,41.005526],[70.3803,41.006983],[70.385536,41.00978],[70.390799,41.014997],[70.390341,41.016894],[70.392128,41.020821],[70.394198,41.02358],[70.395721,41.026859],[70.400753,41.026824],[70.404046,41.029436],[70.407989,41.030886],[70.410798,41.032308],[70.413846,41.034462],[70.421395,41.034433],[70.427552,41.03616],[70.430017,41.037056],[70.434921,41.04049],[70.441544,41.043829],[70.444945,41.045094],[70.448465,41.04325],[70.449422,41.042245],[70.451633,41.038553],[70.458658,41.036786],[70.462146,41.039389],[70.465558,41.040467],[70.467949,41.041644],[70.469399,41.04189],[70.47254,41.04131],[70.474379,41.0395],[70.475204,41.03766],[70.475736,41.037301],[70.476312,41.035951],[70.477564,41.035208],[70.479811,41.03504],[70.480452,41.034878],[70.480975,41.034345],[70.48342,41.033732],[70.484089,41.031748],[70.48537,41.029935],[70.485885,41.028895],[70.486882,41.027751],[70.487501,41.025352],[70.488957,41.023749],[70.490255,41.023051],[70.491575,41.022795],[70.494343,41.02269],[70.497057,41.018823],[70.500571,41.016799],[70.504053,41.016045],[70.506362,41.014739],[70.509133,41.013822],[70.514455,41.010482],[70.514498,41.009568],[70.513333,41.008961],[70.513051,41.007292],[70.515372,41.005501],[70.516524,41.00385],[70.517494,41.001242],[70.520308,40.997873],[70.520472,40.996211],[70.521403,40.993816],[70.521202,40.987233],[70.526326,40.984725],[70.529137,40.983932],[70.530403,40.983818],[70.532033,40.982377],[70.533707,40.980076],[70.536443,40.980072],[70.54184,40.980789],[70.546775,40.980578],[70.548298,40.980659],[70.556211,40.97889],[70.560027,40.973066],[70.561785,40.971693],[70.562117,40.970923],[70.563115,40.97081],[70.563981,40.97034],[70.564542,40.969433],[70.565851,40.968817],[70.566875,40.967189],[70.566409,40.965576],[70.566795,40.964912],[70.568597,40.964588],[70.568124,40.96292],[70.568447,40.960845],[70.572953,40.957863],[70.57428,40.956403],[70.57977,40.952176],[70.582876,40.946897],[70.586354,40.941473],[70.589302,40.938183],[70.595741,40.934573],[70.59839,40.932112],[70.598102,40.929694],[70.597375,40.927042],[70.599903,40.920916],[70.603971,40.917474],[70.606701,40.91234],[70.607757,40.90793],[70.610149,40.905212],[70.614581,40.901199],[70.619418,40.899169],[70.623886,40.897568],[70.627948,40.895739],[70.629227,40.894839],[70.630895,40.889074],[70.633918,40.885833],[70.640792,40.882662],[70.642658,40.8788],[70.642601,40.873553],[70.643291,40.869856],[70.645264,40.864836],[70.651792,40.858291],[70.665651,40.852334],[70.668276,40.850972],[70.669765,40.851108],[70.671253,40.850601],[70.672522,40.848898],[70.674459,40.847188],[70.679392,40.842271],[70.686891,40.838218],[70.698963,40.834422],[70.700379,40.833489],[70.701958,40.832037],[70.706495,40.8284],[70.716321,40.820859],[70.721069,40.815267],[70.723443,40.814378],[70.725244,40.812267],[70.728211,40.809279],[70.723883,40.806132],[70.713454,40.799907],[70.710873,40.800232],[70.70416,40.800629],[70.703387,40.800506],[70.711993,40.790929],[70.717311,40.785427],[70.724932,40.77516],[70.727674,40.769215],[70.736138,40.76649],[70.738476,40.766649],[70.739869,40.766951],[70.741956,40.764986],[70.751234,40.763484],[70.763991,40.758497],[70.772373,40.75324],[70.775314,40.751155],[70.77618,40.750372],[70.776981,40.750279],[70.778913,40.749632],[70.78017,40.747317],[70.781778,40.745037],[70.785538,40.742862],[70.786958,40.742386],[70.788405,40.739919],[70.789327,40.738866],[70.794814,40.734565],[70.795845,40.732543],[70.797344,40.719818],[70.796581,40.719694],[70.792191,40.719966],[70.782728,40.718617],[70.780686,40.718263],[70.778357,40.717528],[70.776439,40.716215],[70.775573,40.714359],[70.773068,40.706137],[70.772775,40.704445],[70.768999,40.700411],[70.768827,40.698459],[70.768999,40.695335],[70.768449,40.691743],[70.766665,40.688232],[70.762545,40.684753],[70.760529,40.683523],[70.75732,40.682885],[70.752435,40.682821],[70.749899,40.683453],[70.747253,40.683852],[70.738927,40.687008],[70.735696,40.687526],[70.732263,40.687005],[70.730747,40.686037],[70.730023,40.684563],[70.729173,40.681277],[70.730413,40.677968],[70.730476,40.674078],[70.73295,40.671383],[70.736555,40.666956],[70.737585,40.664091],[70.736158,40.658622],[70.733246,40.656331],[70.730771,40.655524],[70.728242,40.654949],[70.726144,40.655319],[70.723644,40.656263],[70.722615,40.658505],[70.720219,40.660898],[70.716814,40.662659],[70.710045,40.66373],[70.70494,40.663],[70.699991,40.659273],[70.693328,40.656838],[70.689149,40.654683],[70.687459,40.652501],[70.683683,40.650808],[70.6748,40.644994],[70.671495,40.642082],[70.669263,40.639086],[70.663576,40.63343],[70.658792,40.629185],[70.65496,40.626702],[70.651638,40.625807],[70.647977,40.625748],[70.642827,40.62671],[70.640081,40.62658],[70.636133,40.623713],[70.635103,40.62228],[70.628025,40.615148],[70.623661,40.608028],[70.621864,40.606242],[70.620445,40.602976],[70.618172,40.600219],[70.616801,40.59746],[70.613068,40.59165],[70.610727,40.586831],[70.608745,40.583867],[70.606779,40.582137],[70.600599,40.575749],[70.596307,40.572228],[70.592016,40.570142],[70.589956,40.568577],[70.588067,40.566491],[70.581544,40.563883],[70.575708,40.563361],[70.572275,40.562709],[70.561975,40.558405],[70.557512,40.555667],[70.55322,40.554362],[70.546697,40.554362],[70.530561,40.554884],[70.520433,40.552536],[70.51391,40.549536],[70.510648,40.546667],[70.505842,40.540275],[70.503953,40.535839],[70.503438,40.530881],[70.501893,40.526706],[70.499147,40.523966],[70.495027,40.520573],[70.493654,40.514048],[70.488847,40.508698],[70.487067,40.505221],[70.48529,40.503404],[70.483011,40.501519],[70.48023,40.500436],[70.474771,40.499561],[70.462755,40.498386],[70.461381,40.498125],[70.457262,40.496559],[70.452455,40.495906],[70.445543,40.496815],[70.436662,40.492512],[70.432886,40.490031],[70.429624,40.489117],[70.414518,40.48729],[70.403875,40.483373],[70.399583,40.481545],[70.393575,40.478281],[70.377795,40.474425],[70.368681,40.47246],[70.360616,40.469793],[70.352548,40.46692],[70.348428,40.465222],[70.346385,40.46267],[70.346025,40.460259],[70.343793,40.459475],[70.337614,40.459214],[70.33212,40.458561],[70.329202,40.456732],[70.328172,40.455165],[70.328344,40.447197],[70.329202,40.443147],[70.330575,40.440403],[70.333665,40.437268],[70.337817,40.433752],[70.344825,40.429504],[70.348023,40.42553],[70.350288,40.411871],[70.350471,40.408698],[70.353706,40.406621],[70.356211,40.405914],[70.359765,40.403743],[70.364873,40.397488],[70.369035,40.393299],[70.378953,40.38652],[70.386807,40.383758],[70.403696,40.380107],[70.422067,40.378314],[70.427078,40.375757],[70.432759,40.36937],[70.436099,40.368602],[70.445449,40.368341],[70.448738,40.367603],[70.449971,40.367118],[70.450954,40.366536],[70.456034,40.364513],[70.454429,40.362924],[70.454204,40.362031],[70.458783,40.359741],[70.463521,40.357913],[70.473165,40.353764],[70.476668,40.351955],[70.487588,40.350266],[70.49636,40.34811],[70.504825,40.35345],[70.525316,40.353157],[70.525626,40.356582],[70.55186,40.35478],[70.558639,40.352495],[70.562515,40.347882],[70.568331,40.345677],[70.570109,40.344583],[70.573632,40.340808],[70.574928,40.340222],[70.578218,40.340836],[70.58197,40.338905],[70.577468,40.33601],[70.562324,40.320891],[70.562542,40.320236],[70.562008,40.319939],[70.560221,40.317768],[70.559797,40.312059],[70.563003,40.305928],[70.56553,40.305347],[70.566131,40.304529],[70.567343,40.301316],[70.567846,40.298978],[70.568609,40.29755],[70.569341,40.29377],[70.572141,40.290991],[70.575439,40.289052],[70.575901,40.286872],[70.576306,40.283622],[70.575985,40.282732],[70.575637,40.278525],[70.575305,40.276752],[70.574022,40.272732],[70.574795,40.267678],[70.575542,40.265614],[70.575735,40.264284],[70.576561,40.26313],[70.577348,40.262632],[70.579949,40.259618],[70.580065,40.258852],[70.580281,40.25853],[70.580755,40.258197],[70.581236,40.258251],[70.581433,40.257853],[70.582517,40.256843],[70.582728,40.256355],[70.583942,40.255246],[70.584671,40.254064],[70.584689,40.253252],[70.585037,40.252605],[70.585389,40.252412],[70.58596,40.252466],[70.586039,40.253082],[70.586541,40.253268],[70.586684,40.253713],[70.588513,40.25334],[70.592448,40.249552],[70.595743,40.245911],[70.595503,40.244239],[70.598314,40.241958],[70.598494,40.240674],[70.597695,40.240092],[70.596205,40.239795],[70.579474,40.234353],[70.585122,40.223871],[70.5951,40.213126],[70.606079,40.205698],[70.611733,40.20109],[70.616384,40.194951],[70.627344,40.181136],[70.63233,40.177295],[70.64765,40.178538],[70.662973,40.180545],[70.691624,40.184815],[70.703291,40.188104],[70.713954,40.189862],[70.718616,40.189848],[70.72694,40.189313],[70.744251,40.187728],[70.759905,40.188189],[70.767581,40.191995],[70.77605,40.197285],[70.7802,40.198084],[70.783251,40.198069],[70.783008,40.199002],[70.787874,40.199474],[70.790183,40.201986],[70.793518,40.202139],[70.796757,40.203173],[70.803007,40.203096],[70.808505,40.203783],[70.80928,40.201313],[70.811294,40.201164],[70.813208,40.201953],[70.815244,40.201525],[70.817626,40.201807],[70.818393,40.202557],[70.820102,40.202237],[70.821764,40.203759],[70.825687,40.205045],[70.848664,40.210054],[70.850973,40.21463],[70.855188,40.21659],[70.861187,40.220391],[70.863014,40.220739],[70.954442,40.220446],[70.955579,40.221032],[70.984622,40.22241],[70.982578,40.229577],[70.982571,40.232539],[70.980514,40.238742],[70.980335,40.243222],[70.976252,40.248443],[70.975167,40.250094],[70.976631,40.251609],[70.976668,40.257043],[70.960847,40.267593],[70.959142,40.285184],[70.963745,40.288329],[70.972368,40.288546],[70.984599,40.285989],[71.018844,40.296129],[71.025364,40.292337],[71.027653,40.291162],[71.034628,40.286836],[71.036597,40.286583],[71.042098,40.288312],[71.050747,40.290228],[71.05453,40.290331],[71.05603,40.29233],[71.06236,40.293963],[71.071049,40.294246],[71.073175,40.297408],[71.07473,40.298455],[71.081203,40.30619],[71.089525,40.311006],[71.093723,40.312736],[71.098822,40.316565],[71.101284,40.319964],[71.102781,40.321232],[71.104656,40.323503],[71.106595,40.323674],[71.120526,40.329994],[71.124265,40.332204],[71.127939,40.335105],[71.145968,40.333549],[71.150425,40.335287],[71.155452,40.335823],[71.166412,40.334922],[71.170512,40.338023],[71.1805,40.339863],[71.182298,40.340726],[71.187718,40.340993],[71.199488,40.342809],[71.201615,40.343964],[71.224656,40.341717],[71.243237,40.336907],[71.248702,40.333642],[71.250432,40.333193],[71.2524,40.331502],[71.251869,40.329507],[71.248961,40.327132],[71.247083,40.326102],[71.244571,40.325426],[71.243041,40.324562],[71.24205,40.323687],[71.241196,40.323551],[71.240265,40.32291],[71.240231,40.322681],[71.24112,40.322001],[71.244542,40.324044],[71.245402,40.324303],[71.245726,40.32421],[71.247362,40.324839],[71.247655,40.324098],[71.247515,40.323463],[71.248065,40.323334],[71.248447,40.32409],[71.248315,40.324616],[71.248982,40.325663],[71.25133,40.326608],[71.252949,40.327912],[71.254794,40.331203],[71.256055,40.330861],[71.256794,40.331454],[71.256778,40.331875],[71.257361,40.332426],[71.258566,40.332612],[71.265139,40.335483],[71.265935,40.336037],[71.266018,40.336329],[71.267609,40.337166],[71.269421,40.33937],[71.270613,40.339631],[71.272061,40.341949],[71.272632,40.342616],[71.272886,40.342518],[71.273758,40.343599],[71.276398,40.34318],[71.282763,40.34145],[71.285035,40.340419],[71.285947,40.339297],[71.29028,40.337006],[71.291368,40.336143],[71.294082,40.335122],[71.297128,40.332449],[71.298267,40.331747],[71.300667,40.330802],[71.298594,40.328748],[71.294627,40.326971],[71.293053,40.325673],[71.29501,40.321181],[71.295876,40.319979],[71.297698,40.316346],[71.298617,40.314983],[71.300997,40.313247],[71.301363,40.313209],[71.308069,40.308342],[71.31066,40.307191],[71.312824,40.309759],[71.318105,40.311021],[71.320594,40.31429],[71.321341,40.314854],[71.323173,40.317416],[71.324084,40.317916],[71.330273,40.317867],[71.333584,40.317661],[71.335375,40.317366],[71.335523,40.317057],[71.334261,40.314098],[71.336775,40.313305],[71.339419,40.313722],[71.341421,40.314247],[71.343029,40.31424],[71.344253,40.31454],[71.345278,40.314584],[71.346632,40.315017],[71.345871,40.318084],[71.346224,40.318617],[71.347354,40.318365],[71.349672,40.319127],[71.349604,40.319709],[71.352521,40.320344],[71.352739,40.320302],[71.35369,40.318841],[71.356878,40.318846],[71.357463,40.318433],[71.358195,40.316519],[71.361686,40.316979],[71.362465,40.316847],[71.363802,40.316991],[71.367068,40.318563],[71.36906,40.318823],[71.369898,40.318304],[71.370474,40.317114],[71.371359,40.31577],[71.371778,40.315395],[71.375261,40.316539],[71.376049,40.315525],[71.376642,40.314227],[71.374962,40.312232],[71.367818,40.30921],[71.367408,40.306053],[71.369976,40.305928],[71.376572,40.307562],[71.379896,40.307171],[71.381569,40.306435],[71.390075,40.309191],[71.391277,40.309088],[71.392991,40.308385],[71.394758,40.30703],[71.395612,40.307145],[71.397168,40.306357],[71.398156,40.304309],[71.398811,40.301954],[71.399984,40.301898],[71.401245,40.301227],[71.41408,40.291173],[71.417596,40.290145],[71.42319,40.286675],[71.424635,40.285432],[71.425519,40.285038],[71.42607,40.284979],[71.427982,40.284046],[71.439696,40.281232],[71.442601,40.280763],[71.448945,40.27925],[71.457719,40.278115],[71.45969,40.277396],[71.471527,40.277287],[71.472848,40.276997],[71.476522,40.275483],[71.478172,40.274979],[71.4796,40.274893],[71.484903,40.276759],[71.48619,40.277899],[71.486101,40.278549],[71.486251,40.278637],[71.488209,40.278841],[71.489055,40.279335],[71.491485,40.279822],[71.491716,40.279785],[71.492061,40.279352],[71.493377,40.279304],[71.493649,40.279038],[71.496329,40.277945],[71.49713,40.277222],[71.498766,40.277158],[71.500353,40.277798],[71.500784,40.277678],[71.50209,40.276784],[71.504897,40.273446],[71.505827,40.273154],[71.506748,40.27209],[71.507808,40.271311],[71.510224,40.270616],[71.511438,40.269359],[71.511172,40.268993],[71.511479,40.268538],[71.511342,40.268483],[71.511429,40.268266],[71.510722,40.267137],[71.510651,40.266684],[71.510926,40.266091],[71.511156,40.266072],[71.511405,40.265566],[71.512049,40.265577],[71.512613,40.26359],[71.511317,40.258914],[71.512128,40.257736],[71.510965,40.257216],[71.511804,40.256115],[71.511566,40.256045],[71.511559,40.253381],[71.511318,40.252966],[71.51149,40.252385],[71.512135,40.251929],[71.512922,40.250443],[71.512693,40.249537],[71.512679,40.248464],[71.511488,40.244158],[71.517498,40.239064],[71.517581,40.238715],[71.514353,40.233755],[71.5141,40.232974],[71.512936,40.23099],[71.515993,40.229343],[71.517235,40.228178],[71.51795,40.226911],[71.520451,40.226146],[71.520344,40.225914],[71.521226,40.225719],[71.521481,40.225825],[71.521655,40.226365],[71.522621,40.22626],[71.523676,40.226677],[71.523706,40.226908],[71.526663,40.226773],[71.530815,40.226337],[71.539979,40.223393],[71.542614,40.222856],[71.547363,40.221107],[71.552618,40.219508],[71.555825,40.218358],[71.564581,40.216768],[71.564492,40.216533],[71.564703,40.216461],[71.564417,40.215868],[71.568898,40.215239],[71.5694,40.216407],[71.57413,40.215693],[71.574377,40.216015],[71.574899,40.216112],[71.575254,40.216936],[71.576892,40.216691],[71.578227,40.216739],[71.578417,40.216355],[71.578224,40.214763],[71.579594,40.214471],[71.580004,40.214235],[71.580257,40.215979],[71.579874,40.216831],[71.579984,40.217911],[71.580269,40.218687],[71.583955,40.218746],[71.584233,40.218394],[71.585602,40.217996],[71.589536,40.217687],[71.590986,40.218096],[71.592573,40.21795],[71.593018,40.217385],[71.593709,40.214858],[71.594108,40.212371],[71.595427,40.212264],[71.595555,40.2115],[71.596126,40.211515],[71.598063,40.210782],[71.603371,40.210209],[71.605787,40.209611],[71.606114,40.209675],[71.607652,40.209336],[71.608555,40.208832],[71.609602,40.208492],[71.61279,40.207846],[71.612878,40.207708],[71.613676,40.207607],[71.616257,40.207712],[71.618164,40.207309],[71.61919,40.207446],[71.620996,40.213312],[71.619017,40.214771],[71.618833,40.21506],[71.618426,40.21531],[71.617745,40.215436],[71.617653,40.216438],[71.617207,40.216566],[71.616714,40.216384],[71.615621,40.21646],[71.615336,40.218172],[71.619216,40.217769],[71.621722,40.216926],[71.624746,40.216213],[71.624597,40.215664],[71.626665,40.214861],[71.628692,40.217518],[71.628238,40.217727],[71.627297,40.218724],[71.626311,40.219291],[71.625957,40.219767],[71.626235,40.22003],[71.625533,40.220674],[71.625148,40.221418],[71.625293,40.222305],[71.624221,40.224283],[71.624672,40.226009],[71.624468,40.226423],[71.624034,40.230761],[71.622414,40.231923],[71.621435,40.236172],[71.619682,40.237739],[71.619585,40.238052],[71.620677,40.244058],[71.621061,40.244855],[71.621333,40.245949],[71.621375,40.247055],[71.622333,40.248954],[71.62066,40.249121],[71.6201,40.249351],[71.618994,40.250257],[71.618662,40.250827],[71.618599,40.252191],[71.61824,40.252449],[71.618416,40.25299],[71.619149,40.25382],[71.61908,40.254438],[71.618738,40.254851],[71.618323,40.255035],[71.618134,40.25538],[71.618172,40.25565],[71.619905,40.255732],[71.620242,40.25734],[71.618918,40.257543],[71.618851,40.258798],[71.619204,40.260014],[71.619987,40.264454],[71.619683,40.265261],[71.620106,40.266617],[71.620075,40.267129],[71.623134,40.267511],[71.626501,40.267546],[71.629282,40.26785],[71.630723,40.266259],[71.631178,40.265958],[71.631641,40.264876],[71.633865,40.264694],[71.634956,40.265007],[71.636708,40.26517],[71.640603,40.266584],[71.643739,40.267177],[71.643596,40.267971],[71.644257,40.268682],[71.644524,40.268727],[71.645192,40.269771],[71.649561,40.270477],[71.652835,40.271306],[71.658027,40.271026],[71.668061,40.270969],[71.672768,40.269628],[71.673108,40.269652],[71.680149,40.261084],[71.680005,40.2597],[71.680416,40.25935],[71.68059,40.258598],[71.681119,40.258027],[71.681322,40.257252],[71.681044,40.256711],[71.681529,40.255919],[71.685607,40.252001],[71.687377,40.250652],[71.688791,40.250174],[71.689979,40.249083],[71.690617,40.248799],[71.694234,40.248296],[71.696901,40.246026],[71.698155,40.244555],[71.698708,40.244275],[71.699308,40.242228],[71.699768,40.241565],[71.700044,40.240562],[71.699801,40.240108],[71.70076,40.237321],[71.700818,40.235768],[71.700084,40.23336],[71.699608,40.232512],[71.698283,40.23166],[71.697919,40.230945],[71.696662,40.229523],[71.695867,40.228046],[71.69506,40.227457],[71.69498,40.226925],[71.694688,40.226754],[71.694578,40.225794],[71.6942,40.224745],[71.695506,40.223881],[71.697251,40.221197],[71.697683,40.220859],[71.698298,40.217974],[71.698023,40.217031],[71.698133,40.216736],[71.698899,40.215975],[71.699006,40.214955],[71.699665,40.214322],[71.700244,40.213168],[71.701601,40.211482],[71.702171,40.210614],[71.702525,40.209672],[71.704015,40.208142],[71.70394,40.207154],[71.704317,40.2064],[71.704318,40.205482],[71.704998,40.204212],[71.705763,40.203769],[71.706558,40.202748],[71.706217,40.202018],[71.706161,40.201383],[71.701638,40.203706],[71.699791,40.207586],[71.698621,40.20722],[71.697794,40.206564],[71.697937,40.20634],[71.697394,40.206133],[71.692787,40.20518],[71.693396,40.202795],[71.69411,40.201622],[71.694526,40.200258],[71.694562,40.199655],[71.694762,40.199285],[71.695123,40.199149],[71.695603,40.197974],[71.695562,40.197683],[71.695176,40.197373],[71.695123,40.197102],[71.696725,40.195768],[71.69696,40.195182],[71.6979,40.194269],[71.69893,40.193778],[71.699228,40.193379],[71.700664,40.192716],[71.702588,40.191498],[71.702385,40.191188],[71.701216,40.19153],[71.700211,40.191357],[71.695331,40.193646],[71.691311,40.1945],[71.69031,40.194488],[71.690136,40.194797],[71.68978,40.194627],[71.687577,40.195188],[71.683248,40.195337],[71.683471,40.194171],[71.683308,40.192353],[71.683161,40.191853],[71.682818,40.191504],[71.681367,40.188957],[71.682483,40.189045],[71.682732,40.188861],[71.684524,40.189198],[71.68497,40.189125],[71.685488,40.186928],[71.686416,40.18679],[71.687242,40.186987],[71.68794,40.186841],[71.689306,40.187338],[71.689924,40.186706],[71.691882,40.185572],[71.692356,40.184278],[71.692641,40.183953],[71.697203,40.181446],[71.698452,40.18025],[71.699469,40.179004],[71.700475,40.179052],[71.70161,40.178075],[71.702552,40.178268],[71.704596,40.177954],[71.705704,40.178028],[71.707005,40.177673],[71.707804,40.177747],[71.708291,40.177358],[71.709053,40.177507],[71.711452,40.177493],[71.715304,40.177287],[71.718544,40.174163],[71.721722,40.171396],[71.723371,40.16753],[71.723721,40.165987],[71.723691,40.163597],[71.723514,40.159042],[71.723185,40.155726],[71.722665,40.154566],[71.721819,40.153708],[71.723026,40.152385],[71.723623,40.151168],[71.723865,40.151082],[71.723764,40.150019],[71.725199,40.149774],[71.725397,40.149575],[71.726427,40.149565],[71.726351,40.149953],[71.728094,40.149137],[71.730718,40.148572],[71.735358,40.148701],[71.735283,40.150341],[71.734692,40.153154],[71.732129,40.153994],[71.733135,40.155817],[71.733768,40.157531],[71.734765,40.160641],[71.734722,40.162202],[71.735055,40.162565],[71.7398,40.164502],[71.749318,40.169482],[71.749907,40.170024],[71.751162,40.171844],[71.752156,40.173642],[71.753546,40.175699],[71.754761,40.176111],[71.756042,40.176015],[71.75666,40.176119],[71.757739,40.177049],[71.760286,40.176416],[71.760625,40.17734],[71.762418,40.17744],[71.763344,40.1778],[71.764228,40.177909],[71.765469,40.177795],[71.768644,40.178906],[71.767727,40.180609],[71.768044,40.181105],[71.767813,40.181521],[71.768408,40.181787],[71.768357,40.183285],[71.768867,40.183548],[71.768612,40.184629],[71.770313,40.185634],[71.772225,40.186197],[71.777519,40.186256],[71.778483,40.190191],[71.778424,40.193489],[71.78036,40.194118],[71.780867,40.193227],[71.782112,40.192869],[71.79829,40.196982],[71.797607,40.192987],[71.798468,40.19084],[71.801507,40.192733],[71.803427,40.193459],[71.804768,40.194348],[71.805739,40.19561],[71.808052,40.196704],[71.813497,40.204987],[71.814876,40.204455],[71.815748,40.204401],[71.823155,40.204929],[71.823989,40.204618],[71.826894,40.205062],[71.828911,40.204844],[71.830646,40.205199],[71.831886,40.205945],[71.83258,40.207025],[71.836503,40.21055],[71.831283,40.218443],[71.828576,40.241103],[71.83068,40.242489],[71.831505,40.243247],[71.831312,40.245808],[71.838252,40.247942],[71.83854,40.248202],[71.839187,40.252195],[71.839348,40.252538],[71.840013,40.253153],[71.841153,40.253799],[71.842228,40.254131],[71.843036,40.253055],[71.844865,40.253286],[71.85092,40.254478],[71.854493,40.255549],[71.857185,40.256536],[71.858171,40.257098],[71.859597,40.257447],[71.860308,40.257272],[71.865431,40.257737],[71.867251,40.258509],[71.868908,40.25897],[71.870159,40.259127],[71.87073,40.25942],[71.871004,40.260039],[71.871767,40.26093],[71.872408,40.261416],[71.873753,40.262039],[71.876437,40.262194],[71.878164,40.262773],[71.878756,40.26249],[71.879449,40.261842],[71.882065,40.262377],[71.884632,40.262582],[71.885263,40.26221],[71.885934,40.261425],[71.886452,40.260043],[71.887658,40.260222],[71.888213,40.260074],[71.888697,40.260171],[71.889351,40.259912],[71.890033,40.260032],[71.889992,40.260522],[71.890646,40.260545],[71.890789,40.260395],[71.891376,40.260555],[71.892318,40.260256],[71.892799,40.259332],[71.893369,40.259275],[71.894814,40.259737],[71.896742,40.258401],[71.897049,40.258673],[71.897849,40.25818],[71.898264,40.25827],[71.89869,40.258644],[71.899357,40.258701],[71.899621,40.258577],[71.900593,40.257324],[71.902201,40.25735],[71.903983,40.257057],[71.905606,40.257711],[71.907403,40.257711],[71.91195,40.257321],[71.915709,40.256482],[71.916578,40.255323],[71.917711,40.254739],[71.920647,40.254684],[71.921415,40.254812],[71.922145,40.254291],[71.922676,40.253473],[71.924025,40.253395],[71.926083,40.252624],[71.926865,40.251467],[71.92714,40.248984],[71.926997,40.247198],[71.927203,40.244507],[71.927023,40.241949],[71.928068,40.242606],[71.93026,40.242453],[71.931485,40.242189],[71.931722,40.241959],[71.933332,40.241347],[71.934191,40.240654],[71.93703,40.239573],[71.937577,40.238997],[71.937417,40.238313],[71.938329,40.238264],[71.939455,40.239169],[71.940886,40.237878],[71.941948,40.237708],[71.945393,40.2379],[71.946544,40.238118],[71.949349,40.239175],[71.951902,40.239879],[71.954106,40.240114],[71.954813,40.240339],[71.957657,40.240503],[71.959077,40.240298],[71.963109,40.24081],[71.964918,40.241834],[71.965438,40.242639],[71.965807,40.243715],[71.966756,40.244698],[71.962342,40.24578],[71.961406,40.24582],[71.959313,40.246262],[71.958922,40.245787],[71.957265,40.246238],[71.956196,40.24802],[71.951499,40.248694],[71.950786,40.24836],[71.93948,40.250168],[71.949248,40.256184],[71.952248,40.256077],[71.958815,40.256554],[71.971894,40.256361],[71.978526,40.256584],[71.979467,40.25847],[71.980937,40.2588],[71.982925,40.259746],[71.984983,40.261263],[71.986317,40.263762],[71.99003,40.268357],[71.992597,40.269709],[71.997331,40.272666],[72.00163,40.274285],[72.004361,40.275832],[72.007989,40.274749],[72.012384,40.272711],[72.016259,40.269349],[72.017161,40.268731],[72.018769,40.268757],[72.020643,40.266436],[72.024367,40.264733],[72.024888,40.265448],[72.025454,40.266922],[72.024436,40.268507],[72.02919,40.270801],[72.030758,40.271293],[72.031961,40.272631],[72.034212,40.273559],[72.035238,40.274216],[72.039883,40.275082],[72.042917,40.275027],[72.043455,40.275936],[72.044788,40.275727],[72.046906,40.276121],[72.050207,40.277157],[72.051206,40.277773],[72.052099,40.278771],[72.052302,40.279553],[72.052178,40.282826],[72.052779,40.284608],[72.051306,40.286828],[72.04998,40.287483],[72.04422,40.288896],[72.038801,40.289814],[72.037659,40.29035],[72.035788,40.290835],[72.032841,40.292007],[72.032085,40.2919],[72.030951,40.291407],[72.029507,40.29147],[72.029216,40.292113],[72.027833,40.292783],[72.026464,40.292834],[72.024019,40.293249],[72.019461,40.293252],[72.014601,40.294139],[72.012694,40.295025],[72.011163,40.294868],[72.008615,40.295058],[72.004136,40.296976],[72.002324,40.298009],[71.998251,40.298515],[71.996545,40.298302],[71.994799,40.297489],[71.993993,40.297442],[71.993537,40.297686],[71.990063,40.300919],[71.98862,40.300957],[71.98647,40.301738],[71.985005,40.302075],[71.98468,40.301837],[71.984065,40.302235],[71.983722,40.302201],[71.983666,40.302351],[71.983992,40.302878],[71.983626,40.303226],[71.98369,40.303424],[71.982359,40.303767],[71.982601,40.304415],[71.982872,40.304695],[71.97224,40.310687],[71.972162,40.312198],[71.970961,40.31298],[71.96907,40.314592],[71.967125,40.315582],[71.966568,40.317012],[71.96509,40.31914],[71.96541,40.320443],[71.965261,40.320899],[71.965338,40.32119],[71.967072,40.321851],[71.967154,40.322613],[71.968204,40.322909],[71.968303,40.3236],[71.96855,40.323946],[71.969765,40.324353],[71.972165,40.325547],[71.974121,40.326315],[71.977984,40.328669],[71.981666,40.330224],[71.985328,40.332338],[71.987497,40.333256],[71.990405,40.335905],[71.995462,40.337675],[71.998425,40.337841],[71.998024,40.338936],[72.000747,40.340751],[71.999774,40.341651],[72.00228,40.343504],[72.008508,40.3475],[72.015235,40.351314],[72.019465,40.354324],[72.026455,40.360285],[72.032351,40.36276],[72.033492,40.363502],[72.034147,40.364399],[72.039348,40.366456],[72.045489,40.369125],[72.048289,40.370808],[72.048454,40.37143],[72.047166,40.373752],[72.043848,40.378333],[72.047556,40.379957],[72.054468,40.380694],[72.055124,40.380976],[72.057061,40.385718],[72.061154,40.385799],[72.063298,40.390172],[72.066447,40.395404],[72.068036,40.395702],[72.076825,40.400741],[72.079594,40.401035],[72.08209,40.401078],[72.087496,40.404041],[72.089105,40.405082],[72.088944,40.405622],[72.088289,40.406482],[72.087891,40.407655],[72.088712,40.408191],[72.092019,40.408568],[72.092965,40.410347],[72.092979,40.41127],[72.093368,40.411232],[72.094386,40.410725],[72.094822,40.410753],[72.095429,40.411063],[72.096515,40.410801],[72.098662,40.411762],[72.097547,40.413116],[72.100608,40.417056],[72.103575,40.418979],[72.107669,40.42099],[72.111523,40.425484],[72.112666,40.426994],[72.113095,40.427903],[72.110964,40.429835],[72.109906,40.429049],[72.10942,40.428933],[72.108127,40.429151],[72.107437,40.429099],[72.105774,40.429698],[72.105062,40.429704],[72.104792,40.429458],[72.10342,40.429622],[72.102766,40.430472],[72.101717,40.43097],[72.10088,40.433036],[72.100376,40.433787],[72.10112,40.434416],[72.101368,40.439323],[72.10291,40.440623],[72.103803,40.441938],[72.104548,40.442632],[72.106058,40.443444],[72.106761,40.444082],[72.1096,40.447132],[72.110846,40.447808],[72.113772,40.44984],[72.115852,40.45295],[72.117244,40.454446],[72.118378,40.454705],[72.119486,40.455184],[72.121153,40.45674],[72.121363,40.457487],[72.122925,40.457104],[72.125245,40.457285],[72.125997,40.45716],[72.12618,40.457661],[72.130186,40.456794],[72.128103,40.459679],[72.129643,40.461067],[72.131231,40.462078],[72.132288,40.462478],[72.148133,40.473269],[72.159206,40.483172],[72.172102,40.485746],[72.172451,40.494594],[72.172986,40.495476],[72.173947,40.495859],[72.176191,40.495128],[72.176496,40.492481],[72.186279,40.496056],[72.186892,40.492367],[72.187507,40.485447],[72.188254,40.483946],[72.193111,40.481122],[72.19868,40.481253],[72.200346,40.48547],[72.200518,40.486931],[72.203308,40.48644],[72.214331,40.486415],[72.227081,40.484347],[72.240227,40.483551],[72.241845,40.483032],[72.242547,40.484959],[72.242757,40.486546],[72.243081,40.48663],[72.244211,40.485771],[72.246467,40.484907],[72.246563,40.4843],[72.25106,40.481394],[72.253706,40.481015],[72.25395,40.480237],[72.253294,40.478751],[72.250775,40.474803],[72.247841,40.470857],[72.247419,40.468965],[72.243501,40.460299],[72.252914,40.457313],[72.254271,40.457299],[72.254334,40.45688],[72.261553,40.454108],[72.261919,40.453727],[72.263841,40.453263],[72.265384,40.453726],[72.271899,40.451218],[72.272169,40.450982],[72.273283,40.43906],[72.272701,40.438407],[72.277808,40.434242],[72.303114,40.438025],[72.305692,40.439803],[72.308192,40.443542],[72.309816,40.444686],[72.31174,40.445136],[72.312132,40.445506],[72.313455,40.444979],[72.314694,40.443296],[72.318337,40.439297],[72.319281,40.438462],[72.325719,40.437922],[72.329918,40.436372],[72.331203,40.434792],[72.362197,40.418758],[72.368766,40.412067],[72.378541,40.407518],[72.38642,40.404972],[72.399017,40.404149],[72.410508,40.401239],[72.417038,40.402317],[72.420815,40.404926],[72.422157,40.415479],[72.416177,40.429272],[72.41735,40.445603],[72.41788,40.447207],[72.418646,40.448689],[72.419061,40.45042],[72.421083,40.451709],[72.427384,40.453308],[72.432675,40.45505],[72.433566,40.455858],[72.43536,40.456459],[72.434875,40.459039],[72.432372,40.464873],[72.432988,40.468381],[72.433913,40.469778],[72.434887,40.473647],[72.434461,40.475331],[72.434728,40.476931],[72.436645,40.480144],[72.435369,40.480875],[72.43041,40.482513],[72.424421,40.484834],[72.424387,40.486077],[72.423563,40.487051],[72.423977,40.490511],[72.423383,40.491346],[72.423432,40.491824],[72.42261,40.492815],[72.422031,40.495637],[72.419635,40.500341],[72.419392,40.501746],[72.419625,40.502424],[72.419492,40.503796],[72.414948,40.506222],[72.414802,40.506487],[72.415425,40.507511],[72.415089,40.508093],[72.41508,40.508438],[72.414221,40.508845],[72.411189,40.50944],[72.409811,40.509399],[72.408988,40.50918],[72.40793,40.509294],[72.406722,40.508973],[72.40627,40.508579],[72.405308,40.508619],[72.403603,40.508188],[72.400448,40.507905],[72.399552,40.50734],[72.393696,40.50695],[72.388769,40.508287],[72.387864,40.50895],[72.386958,40.50908],[72.38563,40.509595],[72.383796,40.511146],[72.378574,40.511828],[72.378639,40.516361],[72.37997,40.516453],[72.38225,40.517956],[72.383965,40.518585],[72.382169,40.522434],[72.382583,40.52274],[72.384509,40.522957],[72.387646,40.522368],[72.389807,40.522604],[72.392837,40.523294],[72.395349,40.523082],[72.396788,40.523328],[72.403168,40.525202],[72.405448,40.526088],[72.404984,40.527935],[72.404442,40.528212],[72.404255,40.528477],[72.404467,40.528831],[72.406053,40.529551],[72.407786,40.53139],[72.408799,40.533331],[72.409702,40.533658],[72.412585,40.532946],[72.417696,40.534493],[72.421691,40.537621],[72.422448,40.538508],[72.422721,40.539869],[72.424365,40.539661],[72.425081,40.539937],[72.425989,40.539577],[72.426283,40.540562],[72.425715,40.541346],[72.42444,40.541844],[72.422015,40.542082],[72.419645,40.542847],[72.419516,40.544949],[72.418736,40.547413],[72.418018,40.54795],[72.419875,40.549216],[72.416062,40.551725],[72.416968,40.55273],[72.415615,40.556343],[72.418241,40.560228],[72.420181,40.561493],[72.419065,40.562151],[72.414235,40.563096],[72.412335,40.562648],[72.409456,40.561218],[72.408949,40.561254],[72.407135,40.561563],[72.405193,40.562806],[72.403902,40.563226],[72.398703,40.563146],[72.396093,40.564073],[72.394135,40.56401],[72.389862,40.56588],[72.388728,40.570548],[72.387634,40.571667],[72.389362,40.572697],[72.391675,40.571123],[72.396257,40.573986],[72.394751,40.575341],[72.392965,40.575795],[72.382797,40.576346],[72.379843,40.576816],[72.372497,40.580135],[72.368369,40.584046],[72.366919,40.586583],[72.365802,40.587616],[72.365157,40.588474],[72.357294,40.593077],[72.356489,40.593206],[72.354996,40.594041],[72.354989,40.595113],[72.354023,40.595769],[72.353365,40.596681],[72.351462,40.597148],[72.344489,40.601022],[72.346207,40.602497],[72.346236,40.603002],[72.348156,40.603726],[72.349933,40.603927],[72.350788,40.603629],[72.352036,40.602659],[72.354332,40.602166],[72.355079,40.602207],[72.355892,40.602788],[72.35736,40.602664],[72.35836,40.603215],[72.35938,40.602967],[72.361222,40.603159],[72.362051,40.603709],[72.366891,40.602983],[72.367639,40.603909],[72.368649,40.604149],[72.373879,40.604085],[72.374816,40.604333],[72.375973,40.604085],[72.377162,40.602519],[72.378518,40.602424],[72.379605,40.603147],[72.38084,40.603458],[72.382051,40.602965],[72.383349,40.601516],[72.384225,40.602203],[72.385415,40.603995],[72.385097,40.610602],[72.383898,40.611369],[72.386275,40.613406],[72.389877,40.612099],[72.394226,40.61615],[72.395702,40.616941],[72.398128,40.617461],[72.401655,40.617156],[72.4049,40.617839],[72.405318,40.617371],[72.406699,40.617907],[72.40834,40.618184],[72.410476,40.616684],[72.41288,40.616391],[72.413984,40.614959],[72.413663,40.613964],[72.414167,40.611997],[72.414934,40.611724],[72.415283,40.611423],[72.415058,40.610388],[72.415464,40.60951],[72.416468,40.608975],[72.416973,40.608955],[72.418029,40.608535],[72.421318,40.606652],[72.423088,40.605859],[72.43057,40.601861],[72.436206,40.595659],[72.441874,40.587185],[72.446222,40.578316],[72.449051,40.576654],[72.449527,40.575952],[72.449528,40.575144],[72.450598,40.573021],[72.453455,40.569808],[72.472966,40.553295],[72.473994,40.552817],[72.476018,40.550555],[72.479702,40.549499],[72.480634,40.551632],[72.481252,40.551962],[72.485967,40.552014],[72.488027,40.552188],[72.488873,40.55278],[72.49102,40.552895],[72.493383,40.555077],[72.493553,40.560981],[72.493191,40.56474],[72.492232,40.568782],[72.495282,40.570679],[72.499722,40.569855],[72.50073,40.567821],[72.501851,40.566847],[72.502194,40.565839],[72.503819,40.5633],[72.505696,40.562344],[72.507321,40.56064],[72.506726,40.559353],[72.507642,40.558031],[72.508443,40.557266],[72.509473,40.557336],[72.510617,40.556223],[72.511052,40.555336],[72.511647,40.553406],[72.512197,40.551023],[72.511785,40.54958],[72.512952,40.548328],[72.514394,40.547545],[72.518102,40.545962],[72.519269,40.546501],[72.521489,40.54664],[72.524213,40.54591],[72.526493,40.546189],[72.52789,40.545546],[72.528782,40.543546],[72.52956,40.543493],[72.53059,40.543841],[72.533474,40.543424],[72.536656,40.540554],[72.537777,40.54038],[72.539837,40.540919],[72.541233,40.540449],[72.542979,40.540503],[72.55117,40.537057],[72.570618,40.537747],[72.582977,40.535981],[72.603314,40.523503],[72.608634,40.518716],[72.607938,40.516991],[72.610117,40.515814],[72.615028,40.515029],[72.616286,40.514157],[72.621298,40.513649],[72.623993,40.513039],[72.62511,40.513153],[72.632911,40.510976],[72.645706,40.510352],[72.654567,40.510322],[72.655308,40.510487],[72.656548,40.512866],[72.658882,40.512473],[72.66935,40.523383],[72.66955,40.529282],[72.669386,40.549088],[72.668662,40.550288],[72.668635,40.55176],[72.668121,40.554107],[72.667784,40.554582],[72.667778,40.555177],[72.667458,40.555503],[72.667683,40.556445],[72.668376,40.557544],[72.663689,40.561471],[72.66385,40.56189],[72.665754,40.562719],[72.66645,40.564421],[72.668036,40.563169],[72.669022,40.562934],[72.672738,40.563992],[72.673215,40.565079],[72.67337,40.567107],[72.672883,40.568823],[72.668754,40.57374],[72.668861,40.574883],[72.669208,40.575493],[72.668531,40.577426],[72.667927,40.578604],[72.667286,40.579226],[72.665452,40.579227],[72.665099,40.579404],[72.665099,40.579724],[72.664865,40.579897],[72.664148,40.579992],[72.663497,40.580278],[72.665702,40.581993],[72.665429,40.582369],[72.665133,40.582516],[72.663619,40.582313],[72.663192,40.58192],[72.662452,40.581652],[72.66198,40.582503],[72.663027,40.583044],[72.663208,40.583375],[72.664262,40.58415],[72.664808,40.584297],[72.664871,40.584474],[72.663773,40.585196],[72.663739,40.585403],[72.665975,40.5852],[72.666783,40.585637],[72.667039,40.586052],[72.666425,40.586588],[72.666522,40.586817],[72.667176,40.587124],[72.668192,40.58792],[72.668849,40.588036],[72.66947,40.588485],[72.670289,40.589643],[72.671587,40.589924],[72.672122,40.590197],[72.672685,40.590828],[72.67476,40.590768],[72.67655,40.59167],[72.677033,40.592146],[72.678206,40.592751],[72.682975,40.594237],[72.684961,40.595396],[72.685576,40.595586],[72.687388,40.595184],[72.688023,40.595452],[72.68841,40.595862],[72.690817,40.596433],[72.6926,40.597214],[72.692677,40.598051],[72.694782,40.597921],[72.693658,40.596931],[72.693926,40.595978],[72.693878,40.595367],[72.694162,40.595076],[72.696802,40.593086],[72.697309,40.592961],[72.698284,40.593418],[72.698898,40.593323],[72.699733,40.592745],[72.699732,40.592429],[72.699458,40.592167],[72.699645,40.591954],[72.700135,40.591814],[72.701152,40.591974],[72.70204,40.59166],[72.702344,40.590914],[72.701701,40.589464],[72.701164,40.589057],[72.700795,40.588495],[72.701072,40.587832],[72.702921,40.58742],[72.704072,40.587844],[72.704345,40.587149],[72.708342,40.585852],[72.709217,40.585956],[72.710195,40.586306],[72.71307,40.586295],[72.714258,40.586941],[72.715006,40.588356],[72.715775,40.589281],[72.716284,40.589578],[72.717555,40.589848],[72.719141,40.588977],[72.720057,40.588267],[72.723201,40.588],[72.724642,40.58763],[72.725092,40.587448],[72.725866,40.586732],[72.726623,40.586483],[72.727015,40.586061],[72.728045,40.58666],[72.728538,40.586644],[72.729987,40.585957],[72.730379,40.584942],[72.731341,40.583898],[72.734636,40.582242],[72.735369,40.582402],[72.736335,40.582863],[72.737512,40.583999],[72.738556,40.584312],[72.739473,40.584384],[72.739926,40.58426],[72.74047,40.583748],[72.741098,40.583823],[72.741601,40.583695],[72.742215,40.582548],[72.742801,40.582648],[72.743894,40.581865],[72.746376,40.580939],[72.747866,40.579995],[72.74752,40.579834],[72.74761,40.579471],[72.747089,40.579063],[72.746745,40.578142],[72.747283,40.577869],[72.74762,40.577316],[72.746814,40.576712],[72.746325,40.575789],[72.7449,40.574628],[72.746464,40.574591],[72.747794,40.573719],[72.747826,40.573275],[72.747355,40.572067],[72.747606,40.571403],[72.748984,40.57132],[72.749622,40.571551],[72.750303,40.571182],[72.750786,40.571244],[72.75164,40.571945],[72.752032,40.572532],[72.752595,40.572799],[72.752952,40.57358],[72.753501,40.574147],[72.754044,40.574108],[72.754822,40.573059],[72.755659,40.572568],[72.75682,40.572473],[72.7591,40.571945],[72.760355,40.572808],[72.760411,40.573085],[72.760154,40.573537],[72.760177,40.575296],[72.760712,40.577331],[72.758934,40.577856],[72.758885,40.578222],[72.756792,40.579329],[72.755826,40.580409],[72.755148,40.580918],[72.755243,40.581178],[72.756456,40.581799],[72.756503,40.582281],[72.752828,40.588765],[72.752444,40.591351],[72.750843,40.592944],[72.750567,40.593444],[72.750379,40.594514],[72.7494,40.595471],[72.749002,40.596319],[72.749026,40.597375],[72.749357,40.598159],[72.749559,40.599597],[72.749874,40.599977],[72.749865,40.600554],[72.750313,40.602349],[72.750208,40.603079],[72.749411,40.605196],[72.749418,40.607534],[72.749889,40.608504],[72.750027,40.609311],[72.750611,40.610433],[72.751261,40.611159],[72.752338,40.612938],[72.752731,40.613889],[72.753436,40.614199],[72.754724,40.617328],[72.755733,40.618135],[72.756619,40.618489],[72.756923,40.61948],[72.756833,40.621836],[72.757792,40.623569],[72.761031,40.626642],[72.762879,40.627775],[72.763806,40.628058],[72.765103,40.629264],[72.765415,40.62988],[72.76592,40.630303],[72.766774,40.631756],[72.768739,40.634298],[72.770037,40.63549],[72.771434,40.636687],[72.77357,40.638191],[72.774986,40.63854],[72.768858,40.646823],[72.781272,40.648405],[72.779259,40.660862],[72.784509,40.663921],[72.787455,40.66841],[72.789551,40.670363],[72.792792,40.674253],[72.795129,40.672985],[72.798203,40.671853],[72.800256,40.674764],[72.801371,40.677258],[72.806236,40.676397],[72.809499,40.676148],[72.810772,40.67702],[72.812631,40.677088],[72.814786,40.675936],[72.819945,40.676871],[72.83017,40.675465],[72.836746,40.673936],[72.846604,40.672633],[72.855249,40.685711],[72.86541,40.70068],[72.865259,40.701031],[72.858439,40.7007],[72.858488,40.703543],[72.859591,40.703594],[72.859687,40.707568],[72.858546,40.707636],[72.858555,40.708266],[72.855006,40.708085],[72.853289,40.708271],[72.853318,40.712331],[72.859736,40.711716],[72.867638,40.711614],[72.87068,40.711096],[72.872748,40.711249],[72.879854,40.71286],[72.881647,40.713779],[72.884927,40.714879],[72.885243,40.715046],[72.88603,40.7161],[72.888144,40.715933],[72.889229,40.71618],[72.891836,40.717675],[72.896226,40.719251],[72.904622,40.721504],[72.916878,40.723366],[72.92238,40.725882],[72.923318,40.727096],[72.92441,40.727786],[72.926205,40.72824],[72.933986,40.731177],[72.946131,40.731957],[72.967295,40.750441],[72.990384,40.764361],[72.991056,40.764627],[72.999658,40.763641],[73.004546,40.763733],[73.006869,40.764693],[73.020205,40.767724],[73.029332,40.76639],[73.030966,40.766335],[73.031102,40.765785],[73.032039,40.765466],[73.035885,40.764856],[73.036835,40.764552],[73.039483,40.764375],[73.043292,40.765382],[73.044014,40.76575],[73.044998,40.765486],[73.045678,40.765038],[73.047197,40.764616],[73.047951,40.764812],[73.052356,40.76455],[73.053012,40.764632],[73.057211,40.767629],[73.057385,40.767544],[73.057375,40.767174],[73.05761,40.766824],[73.058225,40.766425],[73.060825,40.76376],[73.062426,40.76321],[73.063249,40.763317],[73.064038,40.762536],[73.064847,40.760058],[73.064414,40.759555],[73.063788,40.759285],[73.062797,40.75922],[73.062605,40.759001],[73.062797,40.7568],[73.062922,40.756559],[73.063509,40.756217],[73.064885,40.756195],[73.065424,40.755852],[73.065751,40.755415],[73.065107,40.752535],[73.065059,40.75166],[73.065482,40.751099],[73.065453,40.750632],[73.06451,40.750005],[73.064577,40.749809],[73.065463,40.749153],[73.066204,40.748766],[73.066897,40.74776],[73.06714,40.746706],[73.067617,40.746495],[73.067896,40.746145],[73.067773,40.745758],[73.066827,40.745139],[73.066698,40.743856],[73.067201,40.743309],[73.067344,40.742912],[73.066991,40.74185],[73.067093,40.741242],[73.067807,40.740757],[73.068522,40.740597],[73.068712,40.740675],[73.06876,40.740896],[73.068644,40.741953],[73.068821,40.743902],[73.068583,40.744624],[73.069515,40.745634],[73.06957,40.745938],[73.069379,40.746851],[73.069617,40.747681],[73.069501,40.748186],[73.068869,40.749078],[73.068909,40.749464],[73.069379,40.749897],[73.070246,40.749868],[73.070859,40.750182],[73.071614,40.750167],[73.072492,40.7516],[73.071362,40.753538],[73.069709,40.754683],[73.069389,40.75511],[73.069273,40.755605],[73.070274,40.757172],[73.070491,40.757775],[73.06992,40.759595],[73.069382,40.76045],[73.069028,40.761548],[73.06945,40.762713],[73.069369,40.763373],[73.068926,40.764419],[73.068879,40.765439],[73.069491,40.766548],[73.071655,40.767388],[73.072043,40.767114],[73.07207,40.766635],[73.071104,40.766166],[73.071227,40.76566],[73.071804,40.764388],[73.072471,40.764037],[73.073151,40.762409],[73.073492,40.76212],[73.073818,40.762223],[73.07424,40.763264],[73.074676,40.763656],[73.075098,40.763759],[73.076037,40.762976],[73.076785,40.762883],[73.076499,40.763656],[73.076799,40.764109],[73.078377,40.76445],[73.081739,40.763419],[73.082161,40.762914],[73.084216,40.762738],[73.084964,40.762233],[73.085985,40.761883],[73.086475,40.761512],[73.086802,40.760708],[73.086162,40.759966],[73.085536,40.75877],[73.085359,40.757863],[73.08574,40.75779],[73.087346,40.759481],[73.088054,40.759945],[73.088598,40.760069],[73.089401,40.759976],[73.09015,40.759636],[73.090476,40.759275],[73.090735,40.758595],[73.090463,40.757388],[73.090667,40.756358],[73.091606,40.75777],[73.09196,40.759028],[73.092341,40.75977],[73.093253,40.760429],[73.095131,40.760388],[73.096138,40.760687],[73.096723,40.760687],[73.097363,40.760254],[73.097648,40.759842],[73.101241,40.760213],[73.103596,40.759244],[73.104276,40.758162],[73.104766,40.757935],[73.105161,40.757502],[73.105202,40.756492],[73.106127,40.756089],[73.106372,40.755749],[73.107229,40.755409],[73.107733,40.755028],[73.107638,40.75445],[73.10561,40.752244],[73.105725,40.751831],[73.104992,40.751138],[73.104786,40.750566],[73.104237,40.750115],[73.102955,40.748259],[73.103276,40.747687],[73.10371,40.74819],[73.104443,40.748537],[73.104992,40.749109],[73.105931,40.749109],[73.108151,40.751484],[73.109089,40.751675],[73.109684,40.750964],[73.109936,40.749976],[73.109867,40.748034],[73.111241,40.746681],[73.112225,40.745953],[73.112408,40.74493],[73.113232,40.742901],[73.113186,40.742537],[73.112477,40.741306],[73.112339,40.740369],[73.112751,40.73952],[73.112545,40.738548],[73.111584,40.737959],[73.110302,40.736467],[73.110096,40.735132],[73.109066,40.733016],[73.109135,40.73038],[73.108837,40.730276],[73.108471,40.728784],[73.109226,40.726876],[73.109089,40.725263],[73.109501,40.723754],[73.110394,40.722349],[73.11055,40.721275],[73.110344,40.720078],[73.110482,40.718725],[73.112267,40.717788],[73.113205,40.71758],[73.114304,40.717927],[73.114258,40.718638],[73.114991,40.71817],[73.115929,40.718551],[73.116135,40.719453],[73.116547,40.719852],[73.118492,40.719852],[73.118744,40.719332],[73.118859,40.718499],[73.119133,40.71817],[73.11998,40.718256],[73.121033,40.717372],[73.121216,40.718118],[73.120804,40.718829],[73.12172,40.719002],[73.121949,40.719245],[73.122612,40.719158],[73.123047,40.718551],[73.122818,40.718048],[73.123253,40.717615],[73.123711,40.716192],[73.124329,40.712375],[73.124901,40.711282],[73.124329,40.709009],[73.124535,40.708385],[73.124352,40.707778],[73.125107,40.706997],[73.125176,40.706285],[73.125725,40.70606],[73.125977,40.706615],[73.125748,40.707327],[73.126526,40.709287],[73.125908,40.709565],[73.125931,40.710033],[73.127076,40.709721],[73.127488,40.709235],[73.128769,40.709096],[73.128403,40.709894],[73.128449,40.710397],[73.129273,40.710172],[73.129547,40.709756],[73.128678,40.707361],[73.12909,40.707066],[73.130074,40.707014],[73.130509,40.707569],[73.130303,40.70809],[73.130349,40.70861],[73.131424,40.708368],[73.131653,40.707864],[73.130509,40.706858],[73.130806,40.706181],[73.131562,40.705661],[73.131791,40.705279],[73.13234,40.705192],[73.133919,40.706615],[73.133576,40.70783],[73.132958,40.708073],[73.133004,40.70868],[73.13353,40.709547],[73.133919,40.709842],[73.134377,40.709495],[73.133919,40.7092],[73.134354,40.708229],[73.135201,40.708732],[73.137719,40.707934],[73.13852,40.708263],[73.138474,40.709339],[73.139252,40.709686],[73.141953,40.709964],[73.142365,40.711022],[73.141518,40.711647],[73.141587,40.712184],[73.142319,40.712115],[73.143189,40.711525],[73.14383,40.711456],[73.145203,40.711751],[73.145111,40.712427],[73.144654,40.71274],[73.14589,40.713121],[73.145501,40.713919],[73.146599,40.714752],[73.145317,40.716556],[73.146073,40.716817],[73.148133,40.716921],[73.147698,40.719176],[73.14859,40.71921],[73.149689,40.720043],[73.150055,40.720893],[73.149575,40.721674],[73.148705,40.722368],[73.149208,40.723356],[73.14914,40.724172],[73.149346,40.72549],[73.148545,40.726773],[73.146759,40.72771],[73.146347,40.7283],[73.144333,40.728994],[73.14264,40.729896],[73.14175,40.731202],[73.141134,40.732836],[73.138921,40.734965],[73.138593,40.735724],[73.138362,40.737065],[73.13715,40.739224],[73.137419,40.741163],[73.137265,40.7416],[73.136765,40.742082],[73.135514,40.742811],[73.134648,40.743875],[73.134167,40.744094],[73.133647,40.744677],[73.13305,40.744911],[73.132396,40.746033],[73.131164,40.746544],[73.130356,40.747302],[73.129355,40.747039],[73.128181,40.747419],[73.127719,40.748162],[73.127065,40.748643],[73.126968,40.749154],[73.126526,40.74946],[73.125775,40.74946],[73.124774,40.749985],[73.124274,40.750991],[73.12412,40.752449],[73.123543,40.754067],[73.123908,40.75503],[73.123504,40.755496],[73.123042,40.757114],[73.122619,40.757493],[73.121868,40.757697],[73.121579,40.758456],[73.12079,40.75901],[73.120174,40.759695],[73.118346,40.76022],[73.117749,40.760948],[73.11773,40.762188],[73.120906,40.763456],[73.122099,40.763616],[73.124697,40.764462],[73.125409,40.764331],[73.127527,40.764403],[73.128489,40.764972],[73.129663,40.765016],[73.131491,40.764374],[73.132415,40.763645],[73.132742,40.763121],[73.13305,40.763398],[73.133243,40.764228],[73.13307,40.764505],[73.131915,40.765016],[73.131568,40.765599],[73.131761,40.765934],[73.132685,40.766969],[73.133974,40.76764],[73.1374,40.770642],[73.13867,40.771196],[73.139325,40.770832],[73.13971,40.770832],[73.141846,40.771663],[73.143174,40.771692],[73.148043,40.773149],[73.154568,40.774097],[73.155877,40.773689],[73.156223,40.773047],[73.157744,40.772158],[73.15861,40.771254],[73.159688,40.770628],[73.16117,40.770365],[73.162016,40.77054],[73.16269,40.77105],[73.164153,40.770978],[73.166058,40.770496],[73.169734,40.767071],[73.170062,40.766065],[73.169176,40.765059],[73.168945,40.76452],[73.168964,40.763922],[73.169831,40.76366],[73.171062,40.761575],[73.172467,40.760934],[73.172891,40.760526],[73.173969,40.760307],[73.174546,40.759155],[73.175297,40.758543],[73.175682,40.75847],[73.176182,40.759082],[73.176836,40.758791],[73.176702,40.757756],[73.176451,40.757552],[73.176933,40.756998],[73.177702,40.756779],[73.178492,40.757435],[73.179088,40.757289],[73.179165,40.756735],[73.178665,40.756342],[73.178684,40.756123],[73.179473,40.755584],[73.181793,40.754792],[73.183738,40.755104],[73.18415,40.754965],[73.184059,40.754411],[73.185386,40.753405],[73.186004,40.753925],[73.188156,40.753578],[73.188774,40.753734],[73.19001,40.75259],[73.191085,40.753058],[73.190742,40.75363],[73.191383,40.753752],[73.191314,40.754549],[73.190307,40.754931],[73.190216,40.755295],[73.191887,40.755295],[73.192093,40.755659],[73.19207,40.756231],[73.191085,40.756266],[73.190696,40.757011],[73.189964,40.757029],[73.188179,40.756422],[73.187904,40.756855],[73.186508,40.758051],[73.185867,40.758398],[73.185546,40.759698],[73.185043,40.759681],[73.184951,40.760063],[73.185501,40.760375],[73.185775,40.760375],[73.186004,40.760028],[73.187263,40.760236],[73.187652,40.760011],[73.188751,40.758832],[73.18946,40.758693],[73.189689,40.759092],[73.189094,40.759508],[73.188591,40.760167],[73.189369,40.76034],[73.191543,40.760305],[73.193122,40.761085],[73.193649,40.760583],[73.194267,40.760583],[73.195133,40.760949],[73.195843,40.761678],[73.195843,40.76199],[73.195293,40.763134],[73.194447,40.763429],[73.19376,40.76277],[73.192821,40.763134],[73.192478,40.762943],[73.19202,40.762146],[73.190327,40.76218],[73.189892,40.761695],[73.189297,40.761747],[73.189045,40.761314],[73.18861,40.761001],[73.186298,40.761574],[73.185635,40.761504],[73.18465,40.762856],[73.183872,40.763151],[73.183483,40.764157],[73.183758,40.764642],[73.184582,40.765127],[73.185612,40.764885],[73.186047,40.765179],[73.186665,40.765127],[73.186916,40.765457],[73.186916,40.766011],[73.187214,40.766254],[73.18774,40.766289],[73.188473,40.764902],[73.189114,40.764902],[73.189274,40.765907],[73.189526,40.765977],[73.189068,40.767086],[73.188473,40.767641],[73.188724,40.768334],[73.187603,40.768941],[73.188061,40.769513],[73.188976,40.769721],[73.18948,40.770102],[73.190556,40.769964],[73.190716,40.770276],[73.189503,40.770518],[73.189777,40.771073],[73.19051,40.77168],[73.190762,40.772234],[73.191677,40.772633],[73.192432,40.772668],[73.19257,40.77213],[73.19202,40.771541],[73.192181,40.771056],[73.19392,40.771541],[73.19383,40.772306],[73.193258,40.772549],[73.19296,40.773],[73.193006,40.77371],[73.193624,40.773953],[73.195432,40.774092],[73.196211,40.77508],[73.196096,40.775444],[73.195112,40.776172],[73.195112,40.777073],[73.194471,40.777922],[73.194471,40.778581],[73.194906,40.778893],[73.19502,40.779222],[73.193922,40.779465],[73.193762,40.779967],[73.191885,40.780678],[73.190077,40.779846],[73.188223,40.780401],[73.187238,40.78021],[73.185728,40.780921],[73.185362,40.781302],[73.18543,40.78229],[73.183256,40.784006],[73.181608,40.784214],[73.180875,40.784785],[73.180372,40.785808],[73.179388,40.785877],[73.178678,40.786276],[73.177053,40.786276],[73.171858,40.787194],[73.169157,40.7869],[73.167188,40.7869],[73.16625,40.787472],[73.165472,40.787541],[73.164785,40.788719],[73.164098,40.789083],[73.164648,40.790158],[73.166914,40.791353],[73.166502,40.79248],[73.166685,40.792999],[73.166662,40.794212],[73.168424,40.794507],[73.169935,40.797314],[73.17156,40.798648],[73.173803,40.799185],[73.175382,40.800727],[73.176984,40.801368],[73.177259,40.802269],[73.177511,40.802495],[73.178106,40.802598],[73.178587,40.802269],[73.17909,40.802477],[73.179502,40.803101],[73.182615,40.803465],[73.184858,40.80421],[73.188062,40.804747],[73.190122,40.805284],[73.192182,40.806653],[73.194036,40.806739],[73.199186,40.809927],[73.200147,40.810984],[73.203146,40.8123],[73.204725,40.81379],[73.204473,40.814517],[73.204931,40.814916],[73.205961,40.814933],[73.207655,40.815349],[73.209577,40.817012],[73.213354,40.818155],[73.214224,40.818883],[73.214773,40.819801],[73.214368,40.82011],[73.21375,40.819868],[73.213567,40.819486],[73.212949,40.819175],[73.211486,40.818778],[73.211074,40.819506],[73.209952,40.819765],[73.209449,40.819592],[73.208007,40.820753],[73.207984,40.821099],[73.20835,40.821688],[73.208327,40.822034],[73.207526,40.822312],[73.205558,40.822312],[73.2051,40.822519],[73.204184,40.822],[73.203338,40.822623],[73.202605,40.8229],[73.202491,40.821879],[73.204368,40.820389],[73.204368,40.8198],[73.204116,40.819575],[73.203658,40.820181],[73.202834,40.820666],[73.201781,40.820805],[73.200934,40.821238],[73.199653,40.821116],[73.196837,40.819956],[73.193908,40.820718],[73.192306,40.821792],[73.190749,40.821532],[73.189307,40.821498],[73.187018,40.820753],[73.184363,40.820406],[73.182189,40.819419],[73.180724,40.818553],[73.177245,40.818207],[73.176513,40.81767],[73.175528,40.817635],[73.174705,40.816855],[73.172736,40.816509],[73.172461,40.815695],[73.172049,40.815314],[73.170768,40.814881],[73.170218,40.814326],[73.167792,40.814257],[73.16706,40.813096],[73.16619,40.812611],[73.16429,40.810862],[73.162871,40.810862],[73.161704,40.809026],[73.159667,40.808003],[73.158065,40.80641],[73.156966,40.805994],[73.156257,40.805387],[73.155501,40.804123],[73.154334,40.802979],[73.152984,40.801957],[73.15216,40.801801],[73.148795,40.799271],[73.147765,40.798163],[73.147399,40.797036],[73.145751,40.795148],[73.143554,40.793138],[73.143279,40.79293],[73.1416,40.793037],[73.139655,40.805235],[73.139656,40.808081],[73.139931,40.808589],[73.13993,40.809127],[73.141408,40.810139],[73.141136,40.81087],[73.141728,40.811617],[73.142052,40.811744],[73.142942,40.811705],[73.143779,40.812687],[73.148502,40.816076],[73.145739,40.82724],[73.146487,40.832325],[73.138742,40.841521],[73.132152,40.84149],[73.121294,40.838404],[73.114492,40.844299],[73.083728,40.842646],[73.077965,40.842896],[73.068382,40.842503],[73.064011,40.841215],[73.063069,40.84154],[73.062365,40.841225],[73.05758,40.843088],[73.057369,40.84336],[73.057639,40.844069],[73.057499,40.844212],[73.054807,40.843255],[73.04678,40.844081],[73.043564,40.846919],[73.039495,40.844737],[73.039081,40.844351],[73.038245,40.844111],[73.03729,40.844229],[73.036466,40.843819],[73.033707,40.841168],[73.030964,40.839032],[73.029267,40.838957],[73.029007,40.83959],[73.028323,40.840333],[73.02616,40.8411],[73.025601,40.841769],[73.025499,40.842147],[73.025747,40.842899],[73.02565,40.843888],[73.025213,40.844549],[73.02467,40.844766],[73.023805,40.845613],[73.021625,40.846543],[73.020629,40.846294],[73.01842,40.846375],[73.014054,40.845357],[73.012937,40.844301],[73.012417,40.84459],[73.011325,40.843549],[73.008312,40.841449],[73.008029,40.84132],[73.007405,40.841446],[73.006441,40.840998],[73.00588,40.839611],[72.999938,40.842898],[72.999738,40.840441],[72.999149,40.838097],[72.997773,40.833925],[72.996956,40.833955],[72.996293,40.833311],[72.995434,40.832098],[72.994688,40.831433],[72.992997,40.830422],[72.990533,40.830284],[72.989706,40.83049],[72.985026,40.830457],[72.983755,40.830722],[72.983107,40.83026],[72.981181,40.829484],[72.980596,40.829351],[72.979914,40.829493],[72.980469,40.826654],[72.979473,40.824705],[72.97932,40.82408],[72.978427,40.824191],[72.977965,40.822879],[72.977082,40.822873],[72.977011,40.822747],[72.975945,40.822559],[72.976192,40.819738],[72.973567,40.819759],[72.973274,40.820583],[72.972622,40.820561],[72.972441,40.821312],[72.971712,40.820594],[72.969626,40.820138],[72.969223,40.82201],[72.966032,40.821397],[72.964697,40.820914],[72.963552,40.819327],[72.962265,40.818502],[72.962492,40.817202],[72.962164,40.817073],[72.961163,40.817565],[72.960973,40.817512],[72.960521,40.81642],[72.958772,40.815853],[72.958065,40.814611],[72.958465,40.812617],[72.957746,40.811634],[72.957933,40.808924],[72.95706,40.807771],[72.957209,40.807069],[72.958134,40.805],[72.955261,40.804681],[72.947763,40.803367],[72.939054,40.800424],[72.927353,40.803988],[72.916085,40.806604],[72.900312,40.815544],[72.899783,40.821948],[72.892266,40.829857],[72.880691,40.83741],[72.867523,40.843719],[72.834007,40.85598],[72.829296,40.856816],[72.82142,40.853949],[72.802193,40.853225],[72.786503,40.852921],[72.772214,40.853117],[72.752212,40.851567],[72.719579,40.849827],[72.712603,40.848693],[72.697721,40.854615],[72.691693,40.850963],[72.676363,40.851661],[72.659703,40.854823],[72.642462,40.859858],[72.631649,40.861842],[72.629767,40.862328],[72.622214,40.865616],[72.620452,40.865911],[72.61901,40.866447],[72.616584,40.866828],[72.613654,40.86887],[72.611068,40.871415],[72.608527,40.87318],[72.606444,40.873561],[72.598433,40.870584],[72.596167,40.87029],[72.594313,40.870844],[72.589942,40.873249],[72.587287,40.873872],[72.578521,40.875101],[72.576506,40.875551],[72.573806,40.876728],[72.572821,40.877541],[72.572844,40.878943],[72.573371,40.87993],[72.574767,40.88031],[72.577056,40.882127],[72.577948,40.883339],[72.584003,40.889366],[72.586711,40.894238],[72.587413,40.896476],[72.590832,40.900932],[72.591875,40.903869],[72.592935,40.905052],[72.591246,40.906844],[72.589159,40.91241],[72.584035,40.918001],[72.580297,40.920611],[72.577045,40.922586],[72.573837,40.928139],[72.570932,40.931425],[72.57071,40.932555],[72.56938,40.934437],[72.567394,40.936376],[72.564106,40.938644],[72.56307,40.940259],[72.563573,40.941975],[72.563169,40.942607],[72.561328,40.942953],[72.560635,40.943427],[72.562446,40.946239],[72.561862,40.94721],[72.561395,40.948797],[72.560319,40.949495],[72.559307,40.950414],[72.558894,40.951113],[72.558767,40.951897],[72.55672,40.95477],[72.555983,40.954843],[72.550701,40.956266],[72.549698,40.957543],[72.549927,40.958597],[72.551521,40.959891],[72.551656,40.961403],[72.551467,40.961821],[72.546328,40.96476],[72.544827,40.965802],[72.54263,40.964768],[72.543376,40.964177],[72.542193,40.963248],[72.540142,40.962233],[72.538096,40.961661],[72.531547,40.961331],[72.53124,40.961456],[72.529195,40.963928],[72.525272,40.959593],[72.525116,40.959578],[72.521071,40.961867],[72.523813,40.963621],[72.525093,40.965426],[72.524873,40.966041],[72.522265,40.967608],[72.521946,40.967994],[72.51968,40.969452],[72.519247,40.969372],[72.517909,40.96862],[72.517718,40.968861],[72.515861,40.969272],[72.515259,40.969137],[72.514268,40.969401],[72.514004,40.969682],[72.512736,40.969518],[72.511374,40.969673],[72.509282,40.969114],[72.507576,40.968423],[72.506407,40.969389],[72.506073,40.970712],[72.505568,40.971001],[72.503929,40.970475],[72.503623,40.970004],[72.500881,40.968338],[72.500135,40.967523],[72.499711,40.967288],[72.49925,40.967268],[72.498719,40.967897],[72.49754,40.968539],[72.49708,40.96839],[72.49604,40.967468],[72.495789,40.967473],[72.495241,40.968211],[72.49082,40.970068],[72.489439,40.971902],[72.48865,40.972453],[72.487808,40.973661],[72.487804,40.974516],[72.488546,40.975706],[72.494906,40.979756],[72.496679,40.981649],[72.500254,40.984324],[72.501649,40.986997],[72.501605,40.987155],[72.501403,40.987232],[72.499875,40.986919],[72.498573,40.986285],[72.498158,40.986282],[72.497022,40.986708],[72.496671,40.987107],[72.496834,40.9883],[72.494229,40.988395],[72.49097,40.989923],[72.487139,40.989917],[72.485489,40.990855],[72.488015,40.998423],[72.487873,41.000874],[72.486465,41.002644],[72.480389,41.008335],[72.473436,41.011917],[72.467367,41.015433],[72.453905,41.026389],[72.453014,41.027477],[72.450089,41.029005],[72.447795,41.029484],[72.446432,41.030236],[72.445112,41.031298],[72.444374,41.031603],[72.444115,41.031645],[72.443345,41.030476],[72.442492,41.031709],[72.441643,41.031415],[72.440543,41.031288],[72.43712,41.031602],[72.435803,41.031938],[72.434919,41.03261],[72.434184,41.032623],[72.432848,41.032962],[72.431036,41.033597],[72.428371,41.03367],[72.426122,41.034454],[72.42573,41.032885],[72.425228,41.032433],[72.423864,41.031791],[72.423506,41.030884],[72.423081,41.03058],[72.422878,41.030041],[72.422031,41.029076],[72.421029,41.028683],[72.418266,41.028449],[72.41678,41.026396],[72.410878,41.027114],[72.408308,41.027836],[72.405063,41.028069],[72.399406,41.027735],[72.396968,41.027833],[72.395118,41.027543],[72.393147,41.027556],[72.390033,41.028411],[72.388807,41.029067],[72.381361,41.03157],[72.377156,41.040965],[72.375746,41.040978],[72.374596,41.04125],[72.373501,41.041196],[72.37264,41.041567],[72.370628,41.041373],[72.368063,41.041532],[72.366027,41.041854],[72.364306,41.042597],[72.361909,41.043323],[72.360577,41.044238],[72.360472,41.04465],[72.360646,41.044634],[72.361446,41.0455],[72.361967,41.045715],[72.359596,41.046597],[72.35894,41.047615],[72.358236,41.04804],[72.357929,41.048535],[72.357121,41.049151],[72.357012,41.04961],[72.354693,41.053195],[72.353642,41.054171],[72.352821,41.055322],[72.352179,41.055782],[72.350944,41.057416],[72.350392,41.060351],[72.347698,41.060021],[72.347192,41.059425],[72.344913,41.055571],[72.34162,41.048416],[72.340127,41.045529],[72.339445,41.044615],[72.338523,41.043688],[72.337527,41.043043],[72.33538,41.043148],[72.334043,41.041783],[72.332548,41.041672],[72.329719,41.039138],[72.329596,41.038174],[72.330288,41.036926],[72.322542,41.034863],[72.321646,41.03398],[72.317175,41.031729],[72.315786,41.030857],[72.31238,41.030109],[72.310959,41.029848],[72.310434,41.030083],[72.310538,41.03082],[72.310069,41.030987],[72.309016,41.030613],[72.308625,41.031534],[72.308723,41.032162],[72.308233,41.032456],[72.307385,41.03237],[72.30676,41.031652],[72.306169,41.030119],[72.305721,41.029927],[72.305211,41.030287],[72.304901,41.030269],[72.304114,41.02956],[72.303,41.029747],[72.30178,41.029051],[72.300649,41.02922],[72.29983,41.028993],[72.294496,41.029812],[72.292234,41.028597],[72.289731,41.028427],[72.289567,41.027843],[72.290762,41.027537],[72.290921,41.027321],[72.290419,41.026777],[72.288696,41.026505],[72.287899,41.025908],[72.28887,41.025183],[72.28889,41.024785],[72.288337,41.024105],[72.287257,41.023445],[72.286913,41.022749],[72.286347,41.022182],[72.284075,41.020479],[72.282343,41.020379],[72.281807,41.019804],[72.279941,41.018785],[72.279788,41.016996],[72.279121,41.016482],[72.279014,41.015993],[72.278467,41.015634],[72.276419,41.014997],[72.275492,41.01424],[72.272857,41.01328],[72.272237,41.012413],[72.271421,41.011978],[72.271548,41.011532],[72.270761,41.011091],[72.269321,41.010833],[72.268362,41.010925],[72.267036,41.011297],[72.266546,41.011642],[72.265906,41.011527],[72.264505,41.010415],[72.26445,41.010006],[72.263143,41.009666],[72.262855,41.009138],[72.262405,41.008945],[72.261751,41.00904],[72.260571,41.007892],[72.259634,41.007667],[72.259435,41.006842],[72.259895,41.006213],[72.259857,41.005929],[72.256978,41.004998],[72.256917,41.004856],[72.25499,41.004486],[72.254346,41.004148],[72.253637,41.004136],[72.252103,41.003266],[72.249587,41.002511],[72.24837,41.002302],[72.24808,41.002077],[72.247282,41.001878],[72.246049,41.001043],[72.245804,41.001232],[72.244996,41.001326],[72.244995,41.001766],[72.244293,41.002575],[72.244415,41.002819],[72.244918,41.003096],[72.246606,41.00378],[72.245145,41.004598],[72.24471,41.004678],[72.242827,41.004298],[72.242022,41.005083],[72.241742,41.004683],[72.240289,41.003727],[72.239666,41.002761],[72.238485,41.00208],[72.236781,41.001801],[72.236134,41.001994],[72.234578,41.001992],[72.233686,41.00165],[72.23018,41.00119],[72.227009,41.001017],[72.225857,41.000807],[72.223708,41.000039],[72.223107,41.000201],[72.221581,41.00017],[72.21998,41.000921],[72.218,41.000212],[72.216693,41.000027],[72.213566,40.999966],[72.209016,40.998814],[72.20883,40.998706],[72.208796,40.998357],[72.209071,40.997627],[72.208911,40.997594],[72.200386,40.998694],[72.196506,40.997296],[72.195024,40.997284],[72.193351,40.997512],[72.192028,40.997253],[72.188108,40.997432],[72.184524,40.996875],[72.183593,40.994573],[72.181847,40.993952],[72.182239,40.992637],[72.177472,40.990089],[72.177234,40.989331],[72.17536,40.988639],[72.175305,40.988094],[72.172003,40.987872],[72.171764,40.988032],[72.171551,40.988737],[72.171359,40.990843],[72.171434,40.991508],[72.171017,40.991766],[72.171616,40.9924],[72.171537,40.994843],[72.166733,41.000071],[72.166423,41.000588],[72.166169,41.001654],[72.165758,41.002144],[72.163219,41.003129],[72.159031,41.005322],[72.161534,41.013401],[72.182398,41.006903],[72.183274,41.008834],[72.184036,41.009346],[72.185967,41.012369],[72.190837,41.021286],[72.193045,41.024441],[72.196947,41.028122],[72.196818,41.028632],[72.197114,41.028855],[72.197471,41.031068],[72.201794,41.029724],[72.202052,41.028891],[72.205148,41.027872],[72.205908,41.027694],[72.20663,41.028218],[72.207758,41.028469],[72.208465,41.030985],[72.208213,41.032],[72.208789,41.033412],[72.208781,41.035075],[72.209347,41.037466],[72.209284,41.03792],[72.208521,41.039218],[72.2088,41.040376],[72.208583,41.041477],[72.208694,41.042907],[72.209639,41.046097],[72.210115,41.050817],[72.208661,41.053726],[72.208262,41.054936],[72.208477,41.059503],[72.207383,41.061917],[72.20622,41.062848],[72.203197,41.064518],[72.203128,41.065083],[72.203691,41.066774],[72.201489,41.072944],[72.198209,41.076569],[72.193111,41.086137],[72.190028,41.102164],[72.189854,41.102238],[72.186579,41.101634],[72.185832,41.104],[72.179542,41.106428],[72.179571,41.107912],[72.178873,41.116658],[72.168704,41.118998],[72.166699,41.12068],[72.163212,41.122552],[72.159702,41.123084],[72.158256,41.123765],[72.156852,41.123455],[72.150032,41.12534],[72.150873,41.136892],[72.149007,41.13637],[72.146148,41.136653],[72.14567,41.137611],[72.148071,41.137853],[72.149649,41.138253],[72.151512,41.138349],[72.164895,41.144645],[72.16952,41.148393],[72.171105,41.150081],[72.172837,41.151489],[72.176357,41.155837],[72.176188,41.156116],[72.17674,41.156771],[72.175043,41.158125],[72.168559,41.163996],[72.166454,41.162113],[72.16384,41.164107],[72.155379,41.160201],[72.146919,41.159219],[72.139318,41.16142],[72.136966,41.16235],[72.133933,41.161538],[72.130652,41.159189],[72.126345,41.155725],[72.120354,41.153339],[72.110558,41.153985],[72.10738,41.152835],[72.104513,41.150538],[72.102176,41.148062],[72.099606,41.146381],[72.095441,41.141084],[72.094688,41.137007],[72.093697,41.134766],[72.079041,41.125202],[72.074165,41.121683],[72.07109,41.117437],[72.068599,41.118075],[72.067353,41.119472],[72.064296,41.121297],[72.062506,41.123555],[72.061871,41.124729],[72.06019,41.126025],[72.057815,41.12685],[72.05774,41.127482],[72.056838,41.127543],[72.055549,41.127203],[72.053985,41.129473],[72.052954,41.129776],[72.050537,41.129813],[72.049183,41.131779],[72.047684,41.132423],[72.045283,41.132459],[72.041953,41.133241],[72.036721,41.135705],[72.035726,41.135946],[72.0309,41.136602],[72.026387,41.136528],[72.021826,41.137887],[72.019466,41.139653],[72.016315,41.140764],[72.01281,41.142358],[72.010287,41.145757],[72.006253,41.152008],[72.006605,41.156521],[71.992877,41.157443],[71.987374,41.156994],[71.960175,41.15697],[71.95164,41.146104],[71.942625,41.145358],[71.93688,41.150357],[71.935844,41.150613],[71.934982,41.151673],[71.933807,41.151621],[71.932712,41.152015],[71.931374,41.15212],[71.930489,41.152401],[71.93064,41.153198],[71.930047,41.153584],[71.926857,41.154382],[71.925426,41.155065],[71.923994,41.156389],[71.92212,41.155547],[71.920467,41.156066],[71.918579,41.155966],[71.917649,41.156227],[71.916843,41.158005],[71.914933,41.159933],[71.91374,41.16053],[71.912069,41.159933],[71.907394,41.159214],[71.904571,41.159334],[71.895373,41.161875],[71.886365,41.167813],[71.883353,41.17883],[71.885163,41.190551],[71.883811,41.193257],[71.871643,41.194268],[71.863602,41.197459],[71.862007,41.200848],[71.869319,41.21761],[71.87855,41.225155],[71.88981,41.233026],[71.890401,41.235301],[71.89127,41.236414],[71.890755,41.238448],[71.895432,41.241255],[71.895196,41.243159],[71.89538,41.250092],[71.896731,41.251443],[71.898688,41.252561],[71.899174,41.25456],[71.900232,41.255458],[71.903967,41.256011],[71.911197,41.256765],[71.913455,41.257966],[71.913149,41.261061],[71.913371,41.262582],[71.909258,41.277933],[71.910039,41.278669],[71.910329,41.280061],[71.912584,41.282479],[71.913446,41.283741],[71.914487,41.284095],[71.915796,41.284176],[71.916438,41.284601],[71.914247,41.285362],[71.918815,41.288604],[71.920443,41.290457],[71.922726,41.292008],[71.925132,41.294222],[71.92519,41.294563],[71.923556,41.295938],[71.920507,41.297424],[71.914045,41.301045],[71.909081,41.302967],[71.906642,41.305303],[71.90256,41.307419],[71.900315,41.309064],[71.89356,41.317712],[71.890616,41.321946],[71.88744,41.325805],[71.880415,41.337847],[71.893439,41.34268],[71.892079,41.350474],[71.883126,41.357322],[71.883184,41.358593],[71.884374,41.360214],[71.882619,41.362],[71.879734,41.362548],[71.878939,41.363616],[71.878928,41.3643],[71.878555,41.364369],[71.878599,41.363574],[71.878172,41.362255],[71.876375,41.361098],[71.87509,41.35916],[71.874312,41.357629],[71.872621,41.355613],[71.870765,41.354004],[71.868777,41.35372],[71.867541,41.35298],[71.867119,41.351535],[71.867458,41.350097],[71.866674,41.349155],[71.857536,41.35136],[71.845829,41.352439],[71.843194,41.352499],[71.840179,41.354287],[71.838267,41.354729],[71.83799,41.355857],[71.836853,41.357516],[71.835372,41.35874],[71.834192,41.359046],[71.833482,41.362232],[71.833849,41.363781],[71.834943,41.365005],[71.834879,41.365891],[71.835523,41.366277],[71.835523,41.368548],[71.836381,41.368701],[71.840669,41.374477],[71.835791,41.37674],[71.833774,41.377034],[71.830813,41.376728],[71.830241,41.379376],[71.831137,41.379987],[71.831275,41.380518],[71.831754,41.380866],[71.831607,41.381145],[71.830798,41.381184],[71.830279,41.381548],[71.830323,41.38198],[71.831668,41.384255],[71.831561,41.384497],[71.83082,41.384714],[71.830595,41.384931],[71.830467,41.386282],[71.830967,41.38765],[71.829683,41.38795],[71.827454,41.386899],[71.825835,41.388658],[71.820147,41.391537],[71.816935,41.392632],[71.815618,41.39202],[71.815074,41.392053],[71.814472,41.392205],[71.813913,41.392743],[71.813381,41.392664],[71.812443,41.393191],[71.812704,41.395814],[71.811759,41.395791],[71.809763,41.397779],[71.807859,41.401067],[71.807249,41.40125],[71.806952,41.401162],[71.80686,41.399963],[71.806339,41.399449],[71.805499,41.39927],[71.804474,41.399881],[71.799713,41.408059],[71.79702,41.40851],[71.796506,41.41109],[71.794595,41.413237],[71.792786,41.417196],[71.794584,41.419991],[71.793805,41.425566],[71.794886,41.42883],[71.793223,41.433731],[71.792086,41.439477],[71.786271,41.441922],[71.782147,41.443894],[71.777392,41.446673],[71.77362,41.447963],[71.769856,41.446162],[71.763284,41.43951],[71.75956,41.43528],[71.75293,41.434159],[71.748305,41.440885],[71.74531,41.4417],[71.742057,41.443169],[71.739356,41.442754],[71.735944,41.442614],[71.729817,41.444244],[71.725439,41.439822],[71.72245,41.435962],[71.724566,41.434958],[71.720234,41.43374],[71.728207,41.425697],[71.72091,41.41857],[71.720695,41.415692],[71.728369,41.412804],[71.727833,41.40889],[71.724891,41.402335],[71.717166,41.401938],[71.714296,41.399639],[71.712155,41.399033],[71.71005,41.399982],[71.708012,41.401484],[71.706396,41.401883],[71.705494,41.404483],[71.701241,41.407141],[71.698448,41.410409],[71.695758,41.412964],[71.692156,41.415415],[71.689445,41.416252],[71.689377,41.418189],[71.688161,41.419509],[71.6886,41.420245],[71.689678,41.421221],[71.690004,41.42278],[71.69078,41.425147],[71.694351,41.428734],[71.69521,41.433421],[71.695186,41.433974],[71.696078,41.43653],[71.695715,41.438019],[71.696516,41.438827],[71.697532,41.441116],[71.698683,41.443163],[71.698768,41.443902],[71.698615,41.443974],[71.697008,41.443815],[71.696798,41.444015],[71.697063,41.444441],[71.696881,41.44533],[71.699278,41.448606],[71.703448,41.451528],[71.702942,41.45218],[71.704006,41.452419],[71.705443,41.45385],[71.707477,41.454148],[71.708145,41.454626],[71.707949,41.456812],[71.707059,41.457552],[71.706962,41.458591],[71.7084,41.457881],[71.70971,41.457944],[71.711523,41.458605],[71.711566,41.458993],[71.71192,41.459333],[71.715095,41.460829],[71.716364,41.460798],[71.717526,41.460445],[71.7188,41.461333],[71.719474,41.463478],[71.721015,41.464358],[71.721962,41.466851],[71.720126,41.467849],[71.719971,41.468488],[71.720889,41.469514],[71.71985,41.470503],[71.719005,41.471037],[71.71619,41.471833],[71.716387,41.472124],[71.717802,41.473105],[71.714368,41.478377],[71.711995,41.484497],[71.710992,41.487653],[71.71156,41.487655],[71.712861,41.487151],[71.714983,41.487562],[71.712651,41.492305],[71.71272,41.493268],[71.716437,41.492181],[71.717568,41.493381],[71.717669,41.494356],[71.718751,41.494479],[71.720811,41.494145],[71.72132,41.49366],[71.722237,41.493346],[71.723347,41.492417],[71.72433,41.491985],[71.725158,41.493138],[71.726053,41.49301],[71.727785,41.493236],[71.727563,41.493901],[71.726143,41.49579],[71.724534,41.497364],[71.723028,41.500654],[71.723918,41.502192],[71.725637,41.502154],[71.729761,41.504776],[71.729834,41.505225],[71.729219,41.506598],[71.729255,41.507473],[71.728113,41.508749],[71.729059,41.509374],[71.731275,41.509568],[71.729788,41.511269],[71.731726,41.515046],[71.73393,41.516063],[71.732371,41.516691],[71.729347,41.517282],[71.728174,41.517991],[71.724951,41.521363],[71.724004,41.521048],[71.723602,41.520241],[71.722788,41.520027],[71.720881,41.520192],[71.720117,41.520754],[71.719859,41.521532],[71.720455,41.522049],[71.720249,41.522599],[71.720838,41.523615],[71.722571,41.523563],[71.723909,41.524036],[71.724441,41.525019],[71.725538,41.525203],[71.726508,41.526295],[71.726915,41.526324],[71.727174,41.52524],[71.727551,41.525116],[71.728606,41.52542],[71.732141,41.527162],[71.734787,41.530004],[71.73545,41.531001],[71.7358,41.532317],[71.736934,41.533443],[71.73527,41.535871],[71.735495,41.536519],[71.737151,41.538762],[71.737032,41.538991],[71.736084,41.539584],[71.735243,41.541444],[71.733574,41.543483],[71.729256,41.545629],[71.723157,41.547834],[71.717435,41.548241],[71.716934,41.547142],[71.714544,41.54523],[71.712159,41.544029],[71.710737,41.542846],[71.708316,41.542254],[71.706053,41.542327],[71.706214,41.535571],[71.699435,41.535299],[71.697766,41.53209],[71.6979,41.530508],[71.698361,41.528769],[71.69349,41.528088],[71.692166,41.527275],[71.692355,41.524955],[71.683006,41.520162],[71.676582,41.514934],[71.677797,41.512612],[71.678429,41.509001],[71.673894,41.505669],[71.673844,41.504729],[71.67348,41.503775],[71.672485,41.50288],[71.67144,41.501529],[71.670979,41.500305],[71.670837,41.498554],[71.670271,41.497757],[71.66945,41.497427],[71.666223,41.497701],[71.665728,41.497638],[71.665196,41.497349],[71.663646,41.495083],[71.660956,41.492369],[71.657704,41.492107],[71.646358,41.487992],[71.643159,41.487075],[71.639425,41.487287],[71.63509,41.489037],[71.632146,41.488195],[71.630393,41.486452],[71.62833,41.487031],[71.627475,41.486599],[71.624107,41.488771],[71.619928,41.487143],[71.618051,41.487566],[71.61825,41.485628],[71.612896,41.481243],[71.610855,41.480496],[71.610682,41.480315],[71.609931,41.480295],[71.607199,41.47836],[71.604415,41.477447],[71.603537,41.477455],[71.60249,41.477725],[71.601593,41.476798],[71.605899,41.473416],[71.611711,41.472078],[71.617327,41.472512],[71.620093,41.472451],[71.621169,41.473267],[71.624069,41.475987],[71.625522,41.476373],[71.627198,41.476598],[71.629405,41.477696],[71.633597,41.478016],[71.636267,41.478634],[71.639162,41.479049],[71.641532,41.477896],[71.642161,41.478752],[71.643691,41.478909],[71.646938,41.479887],[71.649516,41.481421],[71.651087,41.481973],[71.657077,41.468364],[71.659392,41.465092],[71.661076,41.464466],[71.66287,41.464395],[71.664502,41.463656],[71.664483,41.461936],[71.665268,41.460574],[71.665594,41.458034],[71.664759,41.455139],[71.663137,41.451992],[71.67203,41.443917],[71.672795,41.440571],[71.673146,41.437962],[71.674365,41.436472],[71.675293,41.435836],[71.675978,41.43513],[71.675413,41.433689],[71.67784,41.432699],[71.67688,41.428141],[71.677136,41.42596],[71.68079,41.422047],[71.680207,41.420732],[71.679538,41.418462],[71.679346,41.416998],[71.678879,41.415816],[71.677891,41.415619],[71.675692,41.414534],[71.673548,41.412945],[71.672362,41.412404],[71.67125,41.411196],[71.671493,41.410143],[71.671977,41.409146],[71.674574,41.408251],[71.675206,41.407693],[71.675138,41.40715],[71.674914,41.406995],[71.672553,41.407407],[71.671895,41.407942],[71.671373,41.407884],[71.670661,41.407173],[71.669343,41.40698],[71.667686,41.406275],[71.667234,41.405556],[71.666114,41.405148],[71.665388,41.404434],[71.666422,41.402409],[71.665701,41.401563],[71.661611,41.400021],[71.658987,41.399175],[71.657384,41.399258],[71.653851,41.400104],[71.653188,41.399937],[71.651495,41.398978],[71.650613,41.39825],[71.650799,41.395061],[71.650568,41.393778],[71.650834,41.393141],[71.659161,41.389601],[71.658253,41.387289],[71.659686,41.385053],[71.661493,41.383519],[71.662341,41.382118],[71.661217,41.380758],[71.660202,41.380129],[71.66002,41.378997],[71.660246,41.37834],[71.659769,41.377548],[71.658143,41.376164],[71.657268,41.37488],[71.655792,41.371651],[71.654768,41.370543],[71.654875,41.369765],[71.654657,41.36859],[71.652296,41.367149],[71.652023,41.365696],[71.650463,41.365518],[71.65043,41.362138],[71.64842,41.3599],[71.646594,41.359345],[71.64638,41.358266],[71.646679,41.357202],[71.644988,41.354428],[71.642203,41.352796],[71.63966,41.352651],[71.638325,41.350508],[71.637997,41.345583],[71.636351,41.342503],[71.630787,41.340081],[71.62824,41.339717],[71.625617,41.337648],[71.620301,41.335516],[71.614646,41.336249],[71.610921,41.335016],[71.606938,41.328316],[71.604957,41.327053],[71.604671,41.32476],[71.603203,41.322023],[71.601292,41.322013],[71.600105,41.319489],[71.596638,41.31657],[71.594711,41.315254],[71.592899,41.313276],[71.591855,41.310787],[71.586221,41.308024],[71.582347,41.306832],[71.581092,41.304901],[71.57954,41.303126],[71.569811,41.295508],[71.563132,41.291142],[71.560267,41.289988],[71.550837,41.291279],[71.537034,41.294415],[71.535047,41.293855],[71.533518,41.293124],[71.532476,41.292865],[71.532487,41.292738],[71.530948,41.292773],[71.529746,41.293356],[71.529562,41.293635],[71.523601,41.291507],[71.521869,41.294057],[71.521817,41.295492],[71.522335,41.296293],[71.522633,41.297214],[71.519983,41.30064],[71.519876,41.303898],[71.518913,41.305765],[71.516423,41.307385],[71.511397,41.306617],[71.499758,41.299388],[71.498152,41.296535],[71.492076,41.295215],[71.489353,41.29478],[71.483067,41.295899],[71.476683,41.295245],[71.470515,41.296831],[71.465347,41.295755],[71.45983,41.293352],[71.449548,41.287472],[71.446611,41.285035],[71.447449,41.280975],[71.448533,41.280167],[71.452352,41.278018],[71.450281,41.268582],[71.453827,41.267524],[71.456871,41.262557],[71.447752,41.258214],[71.444347,41.254185],[71.442359,41.248133],[71.448189,41.244906],[71.451842,41.242153],[71.452186,41.238862],[71.454159,41.236506],[71.45109,41.230441],[71.448042,41.227055],[71.448433,41.225347],[71.451451,41.224942],[71.456112,41.22189],[71.458057,41.218016],[71.457225,41.215199],[71.460238,41.213375],[71.457856,41.210084],[71.458705,41.207342],[71.452859,41.202708],[71.448505,41.201079],[71.448627,41.200483],[71.446609,41.198858],[71.445032,41.198052],[71.444196,41.197362],[71.443535,41.195846],[71.442507,41.194596],[71.44134,41.194057],[71.440544,41.193995],[71.439495,41.193528],[71.436098,41.191541],[71.431084,41.189222],[71.430625,41.188192],[71.430984,41.187579],[71.430457,41.185155],[71.431809,41.184026],[71.432077,41.182974],[71.431917,41.182552],[71.432404,41.182115],[71.43242,41.180339],[71.432954,41.178441],[71.433259,41.178166],[71.436047,41.178738],[71.436152,41.178452],[71.435565,41.17821],[71.43542,41.17792],[71.435421,41.177118],[71.436344,41.17668],[71.436465,41.17649],[71.435517,41.174128],[71.435302,41.17268],[71.436254,41.171873],[71.436244,41.170976],[71.437075,41.170143],[71.437418,41.169981],[71.438073,41.170106],[71.439351,41.170696],[71.440802,41.172037],[71.441463,41.172301],[71.441892,41.172201],[71.442495,41.171465],[71.442444,41.170796],[71.443117,41.1703],[71.443297,41.169992],[71.443367,41.169588],[71.443042,41.168718],[71.443322,41.168532],[71.444691,41.168314],[71.444935,41.168174],[71.445178,41.167607],[71.445675,41.16743],[71.446121,41.167022],[71.446025,41.166127],[71.446163,41.165666],[71.445988,41.165409],[71.445507,41.165206],[71.445502,41.164925],[71.447607,41.164786],[71.4494,41.164956],[71.449692,41.164452],[71.44923,41.163996],[71.449267,41.163712],[71.450037,41.163396],[71.450261,41.162258],[71.451182,41.162024],[71.451893,41.161052],[71.451916,41.160683],[71.451216,41.159222],[71.45113,41.157768],[71.451653,41.156998],[71.440971,41.146184],[71.439043,41.143592],[71.433025,41.133962],[71.432007,41.132604],[71.42996,41.131079],[71.427131,41.129346],[71.412564,41.119036],[71.401803,41.112529],[71.396153,41.107567],[71.395693,41.107307],[71.387765,41.120843],[71.382937,41.119065],[71.378678,41.118865],[71.378785,41.120099],[71.38135,41.125207],[71.381412,41.126033],[71.378011,41.1256],[71.37681,41.126428],[71.375791,41.125993],[71.373224,41.125402],[71.373159,41.120983],[71.368882,41.120962],[71.356708,41.12512],[71.352246,41.124797],[71.351221,41.127224],[71.350417,41.127542],[71.346704,41.127237],[71.335089,41.12353],[71.322318,41.12182],[71.316099,41.116279],[71.311124,41.112625],[71.303626,41.110943],[71.303252,41.110498],[71.303827,41.109334],[71.293138,41.105281],[71.293475,41.102474],[71.283015,41.101653],[71.279983,41.100161],[71.277235,41.099419],[71.279381,41.101909],[71.279807,41.10587],[71.277713,41.109687],[71.275084,41.113326],[71.278197,41.150012],[71.272515,41.173389],[71.266938,41.180286],[71.257469,41.18636],[71.251843,41.183154],[71.239899,41.19123],[71.233464,41.191792],[71.232507,41.192276],[71.231859,41.192126],[71.232089,41.19168],[71.231439,41.191421],[71.230425,41.192024],[71.226707,41.188822],[71.224353,41.186309],[71.223642,41.179894],[71.224503,41.170998],[71.217766,41.16732],[71.211646,41.168248],[71.202384,41.185539],[71.195403,41.185744],[71.187836,41.180892],[71.177674,41.169082],[71.167358,41.169396],[71.161758,41.166905],[71.143906,41.152519],[71.127122,41.14358],[71.124063,41.143416],[71.123913,41.143249],[71.122623,41.143541],[71.122522,41.143338],[71.121027,41.143798],[71.12113,41.144138],[71.119823,41.14555],[71.116351,41.145105],[71.111914,41.147329],[71.10625,41.154596],[71.101937,41.154823],[71.100825,41.153961],[71.100049,41.153589],[71.097803,41.155827],[71.096603,41.155858],[71.096427,41.156851],[71.096184,41.157072],[71.094736,41.157448],[71.094484,41.158985],[71.091675,41.160746],[71.090393,41.161869],[71.088927,41.161943],[71.086521,41.164085],[71.084911,41.166742],[71.084424,41.168081],[71.083088,41.168769],[71.081414,41.168753],[71.08002,41.167816],[71.078937,41.167694],[71.077466,41.171596],[71.077402,41.17221],[71.076436,41.17313],[71.075084,41.173227],[71.075363,41.173825],[71.074011,41.17565],[71.073132,41.175634],[71.072742,41.176134],[71.071308,41.176748],[71.070857,41.177362],[71.067381,41.177152],[71.061974,41.178234],[71.058324,41.179883],[71.05794,41.180253],[71.055687,41.180519],[71.05471,41.181206],[71.05412,41.180907],[71.049399,41.181456],[71.045255,41.184239],[71.044732,41.18492],[71.043724,41.185162],[71.042115,41.187504],[71.041342,41.187746],[71.038938,41.190423],[71.035688,41.190814],[71.035055,41.190632],[71.03454,41.189833],[71.033236,41.189147],[71.032555,41.187649],[71.029799,41.18693],[71.025814,41.187717],[71.013387,41.185271],[71.008158,41.183063],[70.996499,41.176714],[70.991945,41.177865],[70.978289,41.169286],[70.966744,41.166734],[70.966744,41.164053],[70.965779,41.163536],[70.9626,41.165755],[70.950644,41.169279],[70.942326,41.175908],[70.937683,41.186585],[70.934129,41.191282],[70.931168,41.192962],[70.928228,41.192881],[70.920514,41.194819],[70.919763,41.196231],[70.917424,41.197753],[70.915214,41.198064],[70.913272,41.19877],[70.912247,41.199565],[70.912172,41.200276],[70.911504,41.200989],[70.907468,41.202689],[70.905097,41.204699],[70.904152,41.20675],[70.899079,41.208639],[70.896712,41.20859],[70.894775,41.210769],[70.891857,41.211899],[70.888875,41.214111],[70.888617,41.215386],[70.886085,41.2175],[70.88572,41.219292],[70.884237,41.221956],[70.882437,41.223173],[70.882201,41.223036],[70.880538,41.22323],[70.880227,41.223876],[70.88049,41.224537],[70.880125,41.225284],[70.880066,41.225943],[70.880222,41.226464],[70.879085,41.227491],[70.879943,41.228503],[70.879849,41.229391],[70.879385,41.22996],[70.878671,41.230169],[70.878586,41.230775],[70.877064,41.232377],[70.876472,41.23351],[70.872431,41.235582],[70.871601,41.236753],[70.86879,41.23806],[70.863794,41.242875],[70.862852,41.242905],[70.861816,41.24324],[70.858727,41.245386],[70.855243,41.250264],[70.853341,41.249758],[70.852515,41.249935],[70.851404,41.249076],[70.850091,41.248618],[70.846249,41.249282],[70.84446,41.250048],[70.840884,41.250992],[70.839275,41.250621],[70.837934,41.250814],[70.834225,41.2502],[70.82905,41.247354],[70.827516,41.246293],[70.824437,41.241352],[70.818794,41.2399],[70.814656,41.238454],[70.811369,41.235382],[70.809631,41.233316],[70.80725,41.231807],[70.802035,41.231444],[70.799571,41.230547],[70.797232,41.227206],[70.796224,41.223317],[70.79749,41.215586],[70.79592,41.211271],[70.794096,41.21043],[70.787671,41.200464],[70.787335,41.196008],[70.786333,41.194854],[70.782555,41.198377],[70.781535,41.202964],[70.781418,41.20724],[70.775962,41.21655],[70.77517,41.220083],[70.775471,41.224666],[70.773668,41.233445],[70.773471,41.240162],[70.772682,41.244155],[70.773106,41.251052],[70.773964,41.253053],[70.773449,41.25625],[70.774002,41.257759],[70.773702,41.258694],[70.773047,41.259606],[70.770285,41.261809],[70.769458,41.262896],[70.768444,41.265162],[70.768573,41.266904],[70.770166,41.271089],[70.773435,41.276437],[70.775634,41.277783],[70.777182,41.280196],[70.778446,41.287576],[70.777931,41.291123],[70.776397,41.295452],[70.77321,41.30565],[70.775211,41.311302],[70.776815,41.313175],[70.776713,41.315573],[70.777445,41.316803],[70.783837,41.320408],[70.784718,41.322834],[70.784762,41.323733],[70.785313,41.325658],[70.782754,41.330406],[70.781962,41.330823],[70.77782,41.331057],[70.777029,41.331685],[70.777059,41.333063],[70.778968,41.335043],[70.77914,41.335882],[70.780698,41.338597],[70.780355,41.340208],[70.779962,41.344808],[70.781299,41.346168],[70.784207,41.34728],[70.786132,41.347338],[70.787071,41.348722],[70.785247,41.350783],[70.784561,41.353055],[70.781176,41.354379],[70.779379,41.359433],[70.779116,41.366064],[70.777678,41.367932],[70.77572,41.369659],[70.775071,41.370825],[70.775865,41.37192],[70.777587,41.373749],[70.778753,41.375555],[70.779121,41.378531],[70.779024,41.380069],[70.778638,41.380874],[70.778724,41.383064],[70.779857,41.384894],[70.779507,41.386614],[70.77837,41.388384],[70.771391,41.392646],[70.769787,41.394566],[70.768521,41.396932],[70.76665,41.398971],[70.762934,41.401781],[70.757355,41.403535],[70.754389,41.407201],[70.754378,41.409577],[70.752465,41.413465],[70.749912,41.416104],[70.747181,41.418427],[70.742542,41.419588],[70.742351,41.421678],[70.738915,41.425664],[70.738113,41.426818],[70.73664,41.42708],[70.734401,41.427204],[70.734315,41.42899],[70.733617,41.429352],[70.733336,41.430386],[70.73357,41.431694],[70.73307,41.435055],[70.729949,41.436991],[70.728383,41.437473],[70.727073,41.438184],[70.724134,41.440272],[70.720879,41.442129],[70.717256,41.448905],[70.715912,41.451703],[70.715309,41.453595],[70.716494,41.455593],[70.716934,41.457814],[70.717765,41.459866],[70.716878,41.464359],[70.717165,41.465792],[70.715376,41.465742],[70.714131,41.465517],[70.707844,41.465886],[70.701573,41.465689],[70.696284,41.467627],[70.689771,41.468519],[70.688065,41.470055],[70.6868,41.471872],[70.68263,41.471606],[70.67812,41.46987],[70.674901,41.469725],[70.670803,41.470577],[70.66758,41.47043],[70.665996,41.470175],[70.663301,41.468532],[70.661951,41.467998],[70.65858,41.465775],[70.656957,41.464946],[70.65365,41.462857],[70.652644,41.460636],[70.649547,41.458609],[70.648085,41.45789],[70.641228,41.456919],[70.63826,41.457104],[70.636797,41.45839],[70.634243,41.459339],[70.630776,41.461119],[70.626926,41.4595],[70.622967,41.459418],[70.619712,41.459563],[70.617542,41.457977],[70.615933,41.456578],[70.612178,41.454061],[70.608136,41.452485],[70.603662,41.452905],[70.601116,41.454141],[70.599199,41.455852],[70.596231,41.456179],[70.594263,41.456817],[70.592298,41.455745],[70.590937,41.454147],[70.590916,41.452813],[70.591538,41.45085],[70.591735,41.446585],[70.590692,41.445492],[70.585872,41.442951],[70.582844,41.443234],[70.580848,41.44288],[70.577724,41.442876],[70.577026,41.443536],[70.57402,41.44374],[70.571856,41.443263],[70.569834,41.442547],[70.568548,41.440541],[70.568616,41.438545],[70.569628,41.437407],[70.568222,41.436002],[70.567245,41.434364],[70.566419,41.432366],[70.566331,41.431631],[70.566931,41.429588],[70.567854,41.428556],[70.567988,41.427669],[70.567568,41.426843],[70.564794,41.42604],[70.560202,41.425469],[70.554741,41.422186],[70.552906,41.420907],[70.552052,41.419393],[70.551831,41.416977],[70.552327,41.415339],[70.552238,41.413217],[70.551512,41.410238],[70.551018,41.409747],[70.549108,41.408693],[70.54295,41.40947],[70.541094,41.410242],[70.538712,41.408878],[70.535228,41.408856],[70.532449,41.406989],[70.529198,41.406168],[70.526004,41.404489],[70.523432,41.404474],[70.519278,41.402258],[70.517595,41.401879],[70.516243,41.400382],[70.513735,41.398875],[70.509838,41.399473],[70.507295,41.400865],[70.504557,41.402948],[70.501265,41.401161],[70.499528,41.400572],[70.498069,41.399341],[70.497455,41.399206],[70.49527,41.397547],[70.488009,41.398174],[70.48328,41.401027],[70.479169,41.404151],[70.476538,41.405885],[70.473368,41.408398],[70.46988,41.408794],[70.469173,41.40944],[70.469122,41.410174],[70.47014,41.416197],[70.468564,41.419538],[70.467147,41.420746],[70.465163,41.422941],[70.464906,41.425253],[70.463876,41.426907],[70.455604,41.432653],[70.45204,41.433508],[70.448513,41.436967],[70.447569,41.438418],[70.442144,41.440141],[70.441458,41.442896],[70.438566,41.446369],[70.433884,41.448241],[70.426573,41.451486],[70.423915,41.451912],[70.42225,41.451966],[70.418768,41.454377],[70.41753,41.456467],[70.416585,41.457662],[70.413245,41.458862],[70.411025,41.460712],[70.407418,41.467977],[70.407456,41.470356],[70.401073,41.470123],[70.396141,41.471025],[70.395053,41.469982],[70.392501,41.468351],[70.38966,41.46818],[70.380882,41.466599],[70.378062,41.468348],[70.375567,41.471661],[70.371963,41.477592],[70.372845,41.479606],[70.372991,41.481798],[70.372665,41.482623],[70.369295,41.487065],[70.366648,41.489353],[70.365105,41.490277],[70.363933,41.4917],[70.363472,41.492685],[70.357816,41.493057],[70.354591,41.492623],[70.352466,41.492993],[70.350294,41.492758],[70.348009,41.492982],[70.344966,41.494281],[70.342859,41.495797],[70.340042,41.496438],[70.338891,41.497279],[70.338386,41.500405],[70.335048,41.499438],[70.333288,41.499566],[70.331399,41.499982],[70.329233,41.499999],[70.325038,41.500482],[70.323498,41.501439],[70.323073,41.503202],[70.320488,41.506759],[70.310941,41.510567],[70.305836,41.516191],[70.306126,41.518114],[70.303138,41.520614],[70.299034,41.520651],[70.291968,41.517747],[70.287737,41.514863],[70.281747,41.51293],[70.276333,41.511734],[70.275139,41.510976],[70.27446,41.505641],[70.273545,41.504262],[70.27321,41.502865],[70.271235,41.500231],[70.267304,41.498123],[70.26154,41.496477],[70.255434,41.495648],[70.252771,41.495591],[70.240439,41.491385],[70.229164,41.491648],[70.222622,41.494201],[70.219264,41.495852],[70.217651,41.499556],[70.21505,41.502174],[70.211166,41.504201],[70.208392,41.504232],[70.206041,41.505603],[70.20363,41.506073],[70.194787,41.506647],[70.186218,41.509167],[70.177498,41.513512],[70.173218,41.51642],[70.172296,41.516822],[70.171452,41.516675],[70.17007,41.515548],[70.168958,41.515354],[70.169146,41.516797],[70.17043,41.518228],[70.171369,41.520222],[70.173953,41.523022],[70.174915,41.525175],[70.177059,41.525597],[70.181367,41.527349],[70.183338,41.53546],[70.184531,41.542351],[70.187573,41.544956],[70.186333,41.547416],[70.185344,41.550348],[70.184079,41.552466],[70.182232,41.554471],[70.180435,41.555876],[70.179287,41.557496],[70.180821,41.558755],[70.187952,41.562249],[70.189843,41.564523],[70.189823,41.566877],[70.190146,41.568104],[70.191723,41.569083],[70.194478,41.570105],[70.197533,41.570241],[70.202877,41.572743],[70.205619,41.572731],[70.208619,41.573304],[70.20982,41.574641],[70.210112,41.579071],[70.214713,41.585841],[70.214959,41.591148],[70.215782,41.595034],[70.214215,41.596489],[70.211057,41.600987],[70.208284,41.604197],[70.210798,41.607328],[70.21058,41.607667],[70.210411,41.608622],[70.209668,41.60913],[70.210041,41.609688],[70.20984,41.610767],[70.209246,41.611957],[70.210792,41.612128],[70.211831,41.611946],[70.214045,41.611155],[70.216917,41.611192],[70.218527,41.610549],[70.219244,41.610557],[70.221426,41.611025],[70.223151,41.611784],[70.225799,41.611445],[70.227234,41.610679],[70.229577,41.611931],[70.230367,41.611973],[70.232591,41.613884],[70.235021,41.614986],[70.240656,41.617115],[70.245301,41.615992],[70.248515,41.613772],[70.248884,41.613311],[70.248898,41.61292],[70.24934,41.612574],[70.24986,41.612538],[70.251069,41.613579],[70.252237,41.613817],[70.254215,41.61345],[70.257158,41.612442],[70.257973,41.612087],[70.258839,41.610722],[70.261874,41.608828],[70.263204,41.607381],[70.265843,41.607463],[70.266576,41.608332],[70.269936,41.610867],[70.271938,41.611445],[70.272864,41.612183],[70.275203,41.613018],[70.276457,41.617186],[70.277872,41.618021],[70.278948,41.619734],[70.281138,41.620077],[70.282792,41.621152],[70.28358,41.621242],[70.284314,41.620942],[70.289469,41.621744],[70.292614,41.621687],[70.294955,41.624007],[70.298464,41.628845],[70.301846,41.631225],[70.304986,41.63203],[70.307152,41.633169],[70.315159,41.635464],[70.322028,41.63684],[70.326984,41.636554],[70.330078,41.636575],[70.3419,41.638155],[70.344632,41.640658],[70.350387,41.642928],[70.355628,41.644721],[70.359337,41.645794],[70.367074,41.647485],[70.371701,41.651618],[70.375815,41.657224],[70.377053,41.661803],[70.382791,41.668408],[70.385335,41.671564],[70.385669,41.673881],[70.388059,41.675849],[70.3931,41.681468],[70.396569,41.684177],[70.400408,41.685775],[70.403403,41.686537],[70.40752,41.689045],[70.410284,41.689841],[70.414339,41.690874],[70.419729,41.690411],[70.421351,41.692762],[70.424022,41.693938],[70.427314,41.695078],[70.430749,41.696787],[70.436398,41.700423],[70.44467,41.701133],[70.449813,41.702546],[70.453541,41.707633],[70.456779,41.711007],[70.464876,41.716915],[70.465251,41.718182],[70.466804,41.720628],[70.468545,41.720726],[70.470604,41.721485],[70.475837,41.722338],[70.482563,41.721048],[70.485436,41.720655],[70.496693,41.719687],[70.4985,41.721554],[70.499973,41.726662],[70.503434,41.734161],[70.506704,41.736587],[70.505747,41.741851],[70.505934,41.742897],[70.506722,41.744522],[70.50889,41.746796],[70.505843,41.748436],[70.504745,41.750642],[70.505699,41.754165],[70.50669,41.755864],[70.508903,41.761306],[70.508004,41.765705],[70.508693,41.772054],[70.510603,41.774078],[70.5126,41.77786],[70.514927,41.780327],[70.51546,41.781977],[70.515246,41.784311],[70.517484,41.786001],[70.519014,41.78796],[70.521127,41.789874],[70.524127,41.794305],[70.527502,41.798576],[70.531125,41.798088],[70.535694,41.799256],[70.543048,41.801422],[70.545646,41.803966],[70.550234,41.805434],[70.552946,41.806708],[70.55427,41.807759],[70.560465,41.807854],[70.562943,41.809032],[70.56431,41.810752],[70.566659,41.810879],[70.56911,41.810646],[70.571899,41.813601],[70.573409,41.815847],[70.574947,41.817184],[70.5764,41.818935],[70.57853,41.819753],[70.584346,41.819253],[70.589031,41.818251],[70.594153,41.817951],[70.596691,41.818221],[70.597325,41.818874],[70.599324,41.819827],[70.596661,41.824367],[70.596624,41.826405],[70.597613,41.828693],[70.597748,41.835307],[70.599259,41.837422],[70.602124,41.848541],[70.603361,41.850717],[70.609801,41.851553],[70.61411,41.853112],[70.61768,41.8515],[70.619146,41.851287],[70.626859,41.851756],[70.628754,41.853324],[70.629812,41.855471],[70.631219,41.859907],[70.634199,41.861392],[70.635779,41.863354],[70.636139,41.865783],[70.637869,41.867545],[70.639736,41.868308],[70.637967,41.872136],[70.640906,41.872287],[70.643531,41.872789],[70.645931,41.87418],[70.647764,41.876399],[70.648265,41.879284],[70.649186,41.882237],[70.652729,41.883296],[70.654347,41.884351],[70.65576,41.885647],[70.657864,41.888453],[70.658741,41.890234],[70.660038,41.892262],[70.661982,41.893897],[70.662484,41.895512],[70.662742,41.897271],[70.660976,41.89943],[70.660779,41.901127],[70.664961,41.906951],[70.669672,41.907297],[70.673424,41.908416],[70.674136,41.909584],[70.676493,41.911798],[70.67829,41.912871],[70.679136,41.91308],[70.683037,41.913267],[70.68639,41.914735],[70.687245,41.915567],[70.689677,41.914507],[70.693905,41.914558],[70.699377,41.916465],[70.702799,41.917165],[70.70494,41.91814],[70.707664,41.919804],[70.713739,41.920496],[70.721042,41.919989],[70.730363,41.920501],[70.730574,41.919128],[70.731502,41.917672],[70.738473,41.913893],[70.741907,41.914003],[70.745072,41.913107],[70.749041,41.912333],[70.752685,41.912736],[70.7544,41.913362],[70.75571,41.914751],[70.756431,41.915614],[70.757326,41.918148],[70.757296,41.920013],[70.758197,41.92389],[70.758267,41.932276],[70.758139,41.93379],[70.757233,41.936424],[70.76305,41.936048],[70.766662,41.935587],[70.767832,41.93377],[70.771031,41.931109],[70.773278,41.928382],[70.77796,41.927975],[70.780332,41.926627],[70.781702,41.926413],[70.784108,41.926425],[70.790015,41.929111],[70.795439,41.927198],[70.796517,41.926413],[70.797314,41.926346],[70.80686,41.920621],[70.814153,41.926342],[70.815578,41.926549],[70.820277,41.926355],[70.824155,41.926546],[70.826101,41.92641],[70.828965,41.924757],[70.830536,41.924765],[70.834805,41.923105],[70.837772,41.926785],[70.844719,41.933618],[70.845595,41.93626],[70.845808,41.938892],[70.847576,41.940043],[70.850234,41.94034],[70.853915,41.941517],[70.853003,41.945399],[70.851923,41.94789],[70.855498,41.95055],[70.855936,41.952956],[70.855776,41.955327],[70.852944,41.957261],[70.852409,41.958871],[70.852458,41.96106],[70.853017,41.963176],[70.850665,41.966502],[70.850731,41.97141],[70.848673,41.974273],[70.84857,41.976546],[70.84989,41.97862],[70.849822,41.981395],[70.851771,41.984295],[70.852305,41.985601],[70.85229,41.987632],[70.852034,41.988985],[70.84824,41.990518],[70.845324,41.992086],[70.843141,41.995397],[70.840515,41.997066],[70.837876,41.999701],[70.840365,42.002062],[70.842262,42.005604],[70.842441,42.008431],[70.84279,42.009315],[70.842441,42.010745],[70.84228,42.012568],[70.845013,42.014067],[70.847293,42.015761],[70.846957,42.01748],[70.846924,42.018502],[70.848017,42.019487],[70.852208,42.022466],[70.859114,42.0268],[70.859832,42.02948],[70.858398,42.031775],[70.857331,42.032726],[70.856244,42.033291],[70.856463,42.035444],[70.856428,42.036902],[70.855632,42.039898],[70.861334,42.042792],[70.860759,42.048291],[70.861684,42.049436],[70.863628,42.050862],[70.864505,42.052464],[70.86517,42.054132],[70.870764,42.05095],[70.872187,42.049964],[70.873467,42.048485],[70.875958,42.046954],[70.877593,42.046883],[70.878992,42.046126],[70.882857,42.046233],[70.885323,42.047324],[70.888135,42.051924],[70.893482,42.050341],[70.89611,42.048194],[70.896699,42.043998],[70.900594,42.040931],[70.906001,42.040313],[70.910333,42.04028],[70.914452,42.041914],[70.926244,42.036799],[70.929747,42.034518],[70.939639,42.032426],[70.942203,42.031181],[70.954674,42.031081],[70.961092,42.030802],[70.973482,42.032841],[70.979237,42.032925],[70.98304,42.03187],[70.985476,42.030856],[70.992746,42.030407],[70.994164,42.031109],[70.997646,42.034729],[70.999266,42.03761],[71.002161,42.041017],[71.001933,42.04371],[71.002089,42.044104],[71.010596,42.048821],[71.012475,42.050861],[71.013478,42.05236],[71.012257,42.054443],[71.009447,42.056087],[71.006447,42.056985],[71.015355,42.061115],[71.018133,42.061326],[71.022719,42.060985],[71.024667,42.061181],[71.025298,42.064217],[71.027868,42.066033],[71.028627,42.066841],[71.028957,42.067723],[71.032489,42.065567],[71.034415,42.064721],[71.040143,42.063652],[71.041777,42.065822],[71.04226,42.066842],[71.044238,42.069058],[71.046076,42.070485],[71.046727,42.071203],[71.046865,42.072325],[71.046083,42.075122],[71.047693,42.076853],[71.048596,42.079337],[71.049428,42.081063],[71.056452,42.082827],[71.056369,42.085239],[71.061516,42.085079],[71.068161,42.085207],[71.069437,42.085977],[71.070259,42.086104],[71.073827,42.089502],[71.07588,42.090697],[71.078495,42.09103],[71.079398,42.091848],[71.080832,42.091907],[71.084569,42.094361],[71.096077,42.094377],[71.099666,42.094619],[71.100938,42.09786],[71.102677,42.103967],[71.102717,42.106979],[71.102268,42.110349],[71.103555,42.112895],[71.105636,42.114829],[71.107632,42.115819],[71.11009,42.114731],[71.113591,42.112766],[71.117081,42.11271],[71.119174,42.11292],[71.119858,42.113958],[71.121329,42.114678],[71.125359,42.115308],[71.126763,42.116001],[71.129843,42.116503],[71.131946,42.118154],[71.136066,42.123417],[71.13643,42.12641],[71.1372,42.128348],[71.13882,42.130316],[71.141124,42.133966],[71.145839,42.132582],[71.148548,42.131217],[71.152712,42.130284],[71.163278,42.137092],[71.164701,42.1391],[71.167052,42.14024],[71.170896,42.141329],[71.173882,42.143764],[71.175549,42.144058],[71.176539,42.143813],[71.178689,42.142301],[71.183191,42.141663],[71.186483,42.141799],[71.188085,42.142559],[71.191184,42.142745],[71.195373,42.143549],[71.198318,42.140282],[71.199519,42.137639],[71.204022,42.137676],[71.210176,42.13604],[71.211455,42.136111],[71.212475,42.136555],[71.217871,42.13721],[71.218688,42.137663],[71.220444,42.138282],[71.222736,42.139569],[71.224321,42.141479],[71.226594,42.143679],[71.22456,42.144971],[71.221708,42.146058],[71.220914,42.1469],[71.22021,42.148769],[71.223625,42.149377],[71.225245,42.150086],[71.228007,42.150244],[71.232921,42.15257],[71.234141,42.152785],[71.235592,42.152616],[71.237754,42.153178],[71.23841,42.154119],[71.239376,42.156722],[71.241469,42.158703],[71.244287,42.160858],[71.245196,42.161807],[71.247215,42.166021],[71.250369,42.165836],[71.253639,42.165146],[71.256941,42.166851],[71.258362,42.167936],[71.25921,42.172625],[71.254394,42.17531],[71.253006,42.176807],[71.251749,42.179572],[71.250495,42.181822],[71.251115,42.182515],[71.254533,42.18272],[71.256201,42.18352],[71.258092,42.188],[71.258539,42.189584],[71.260879,42.191392],[71.263009,42.193489],[71.265805,42.194966],[71.269093,42.19637],[71.269021,42.196881],[71.267421,42.197372],[71.266131,42.19872],[71.265449,42.200202],[71.265713,42.201513],[71.26719,42.205329],[71.260888,42.207101],[71.256482,42.209153],[71.250527,42.211002],[71.251244,42.213466],[71.246111,42.217926],[71.245351,42.219158],[71.245094,42.220019],[71.2455,42.224287],[71.245016,42.227787],[71.244481,42.227904],[71.238387,42.227254],[71.235825,42.227903],[71.233281,42.229377],[71.230679,42.227211],[71.229297,42.225431],[71.227116,42.223676],[71.221893,42.222863],[71.215081,42.22253],[71.214213,42.222577],[71.211895,42.223516],[71.209472,42.224275],[71.207001,42.225666],[71.206226,42.225934],[71.205148,42.227647],[71.206003,42.229386],[71.207561,42.234834],[71.208964,42.237095],[71.202745,42.240933],[71.200172,42.243593],[71.199294,42.243788],[71.196267,42.241452],[71.193314,42.240613],[71.191176,42.241208],[71.18978,42.24213],[71.186995,42.245086],[71.186112,42.245768],[71.184309,42.247788],[71.181336,42.248534],[71.179591,42.249802],[71.17839,42.251582],[71.177225,42.251154],[71.176107,42.250998],[71.174038,42.251009],[71.171336,42.252172],[71.169904,42.25386],[71.169417,42.254821],[71.16833,42.255335],[71.165589,42.258806],[71.159255,42.261013],[71.155917,42.262402],[71.153503,42.262697],[71.151758,42.263556],[71.149276,42.265803],[71.147576,42.26829],[71.145839,42.268511],[71.144251,42.269599],[71.142978,42.270825],[71.140269,42.27266],[71.13983,42.273211],[71.139935,42.275035],[71.140375,42.276801],[71.137794,42.278413],[71.133466,42.282177],[71.129912,42.282162],[71.124535,42.283465],[71.1234,42.278867],[71.121596,42.27779],[71.119626,42.277681],[71.117756,42.277242],[71.113096,42.274658],[71.110352,42.274143],[71.106577,42.273936],[71.103842,42.275347],[71.102084,42.277064],[71.097783,42.279283],[71.095316,42.280985],[71.092027,42.282524],[71.089003,42.283328],[71.081517,42.284324],[71.080078,42.284271],[71.077938,42.28352],[71.076374,42.283454],[71.074423,42.284901],[71.07235,42.287219],[71.070479,42.288427],[71.068624,42.288558],[71.067788,42.289247],[71.066318,42.290733],[71.065247,42.292833],[71.063694,42.294904],[71.058392,42.295078],[71.05397,42.292849],[71.051667,42.291164],[71.049196,42.290555],[71.045421,42.291421],[71.043296,42.29056],[71.039771,42.290506],[71.039066,42.290982],[71.039343,42.291535],[71.040609,42.292276],[71.040181,42.294421],[71.039093,42.294177],[71.037314,42.292325],[71.035699,42.291472],[71.032766,42.293203],[71.028483,42.293568],[71.02605,42.292959],[71.025074,42.292407],[71.021958,42.288961],[71.019137,42.282167],[71.017742,42.280907],[71.013576,42.27938],[71.009406,42.278404],[71.008594,42.277708],[71.0077,42.273319],[71.006852,42.272318],[71.005364,42.271115],[71.004453,42.270775],[71.004425,42.270141],[71.007141,42.26708],[71.007712,42.266252],[71.007886,42.265425],[71.007151,42.264947],[71.004811,42.264356],[71.004385,42.261834],[71.004389,42.260083],[71.001828,42.257875],[71.000498,42.256076],[70.999386,42.255923],[70.996322,42.256134],[70.993134,42.253971],[70.988482,42.25271],[70.984587,42.254363],[70.980896,42.254182],[70.976188,42.254959],[70.974191,42.255507],[70.966955,42.255559],[70.962858,42.256345],[70.955613,42.26],[70.950879,42.260987],[70.945571,42.264259],[70.943305,42.263467],[70.942764,42.26272],[70.942054,42.261058],[70.940109,42.259179],[70.93826,42.255535],[70.936017,42.253479],[70.934802,42.250647],[70.933689,42.249775],[70.930285,42.248326],[70.929588,42.247859],[70.92893,42.245884],[70.925501,42.242931],[70.925424,42.241548],[70.925692,42.240329],[70.926366,42.239149],[70.926506,42.237537],[70.92366,42.236317],[70.921697,42.235996],[70.916168,42.237091],[70.913587,42.236044],[70.912498,42.235218],[70.911581,42.233888],[70.91056,42.231708],[70.911507,42.22999],[70.911692,42.228367],[70.909794,42.226767],[70.905338,42.225646],[70.901512,42.225547],[70.898318,42.222618],[70.896041,42.22178],[70.894918,42.221104],[70.8879,42.220003],[70.887316,42.219189],[70.887478,42.217099],[70.888843,42.215131],[70.88862,42.213648],[70.88742,42.212405],[70.885908,42.211589],[70.883651,42.210691],[70.880209,42.211332],[70.878989,42.211835],[70.874809,42.212207],[70.872469,42.211816],[70.866109,42.211839],[70.86289,42.211116],[70.860655,42.210118],[70.854552,42.207905],[70.852877,42.20567],[70.85264,42.203049],[70.850763,42.199997],[70.850536,42.198626],[70.849556,42.197589],[70.843818,42.196322],[70.839187,42.19585],[70.835952,42.194446],[70.831558,42.195191],[70.829932,42.19669],[70.826393,42.199289],[70.823755,42.199385],[70.82068,42.200459],[70.819792,42.201827],[70.817248,42.203278],[70.815494,42.203583],[70.804863,42.206306],[70.79845,42.207465],[70.793843,42.209453],[70.792074,42.209115],[70.791525,42.208618],[70.790014,42.206454],[70.789108,42.205975],[70.786212,42.205979],[70.784133,42.205497],[70.780966,42.204067],[70.778953,42.202776],[70.775893,42.202509],[70.774468,42.201847],[70.773111,42.201813],[70.771799,42.201101],[70.770638,42.200963],[70.769914,42.200148],[70.76918,42.198687],[70.768011,42.19357],[70.761328,42.191809],[70.756632,42.192131],[70.752128,42.1938],[70.75159,42.193708],[70.750926,42.193305],[70.747949,42.190813],[70.747551,42.190225],[70.745918,42.188678],[70.739688,42.184389],[70.73918,42.183156],[70.739094,42.181906],[70.739817,42.180154],[70.740956,42.178944],[70.746869,42.177714],[70.748977,42.177749],[70.752258,42.176727],[70.753478,42.175964],[70.753953,42.17466],[70.754063,42.172744],[70.755554,42.170948],[70.752659,42.170017],[70.751583,42.168977],[70.751028,42.166511],[70.749365,42.165778],[70.747024,42.16652],[70.744227,42.167055],[70.737571,42.165771],[70.736503,42.164428],[70.730656,42.160277],[70.725992,42.157259],[70.724555,42.154833],[70.72432,42.153698],[70.724572,42.15266],[70.725341,42.151391],[70.726208,42.150563],[70.726268,42.148571],[70.725801,42.147815],[70.722739,42.146005],[70.71988,42.145274],[70.717796,42.144201],[70.716487,42.143166],[70.714629,42.142113],[70.714897,42.140194],[70.714677,42.138626],[70.71395,42.138009],[70.7118,42.137182],[70.711158,42.135589],[70.707858,42.133773],[70.707508,42.13302],[70.707561,42.132282],[70.707241,42.130318],[70.706488,42.129772],[70.705563,42.129539],[70.704702,42.129343],[70.702671,42.129414],[70.695048,42.127345],[70.694263,42.126712],[70.693317,42.125257],[70.691287,42.123666],[70.687171,42.121088],[70.686512,42.119063],[70.686617,42.11698],[70.686295,42.115394],[70.684024,42.109729],[70.68234,42.106717],[70.681717,42.104954],[70.680462,42.100143],[70.678698,42.098197],[70.67827,42.096107],[70.677982,42.09351],[70.679287,42.090605],[70.678779,42.088375],[70.677356,42.087356],[70.674377,42.08576],[70.672697,42.084382],[70.671241,42.08152],[70.668616,42.079741],[70.666168,42.07759],[70.665687,42.075474],[70.665069,42.071103],[70.663581,42.069776],[70.660262,42.067956],[70.658149,42.06319],[70.65571,42.061395],[70.655357,42.056655],[70.655462,42.053585],[70.654515,42.05232],[70.65468,42.050855],[70.652404,42.04816],[70.651554,42.041416],[70.648171,42.039281],[70.647431,42.038585],[70.643363,42.0335],[70.641736,42.029614],[70.637874,42.027278],[70.636422,42.026942],[70.636439,42.025416],[70.636766,42.024798],[70.636516,42.023869],[70.635044,42.022182],[70.634811,42.020614],[70.635481,42.019391],[70.637047,42.018322],[70.637325,42.017222],[70.63896,42.016644],[70.639316,42.016236],[70.639168,42.014857],[70.637809,42.015034],[70.636339,42.014659],[70.63503,42.015153],[70.630825,42.015361],[70.62693,42.015167],[70.624988,42.015281],[70.623252,42.014592],[70.612838,42.011329],[70.610076,42.008747],[70.607589,42.007713],[70.606556,42.006851],[70.592933,42.010227],[70.588539,42.010013],[70.587039,42.010186],[70.582407,42.014472],[70.579656,42.016136],[70.577492,42.019433],[70.576518,42.020431],[70.571942,42.020357],[70.570767,42.020623],[70.567608,42.022042],[70.564636,42.022689],[70.560524,42.023088],[70.559429,42.023513],[70.558223,42.026092],[70.555181,42.02893],[70.552415,42.030368],[70.548702,42.035013],[70.551758,42.037071],[70.553204,42.039619],[70.55642,42.041132],[70.558529,42.043026],[70.557899,42.045094],[70.557555,42.048092],[70.556534,42.050021],[70.557518,42.052154],[70.556523,42.05414],[70.554801,42.055542],[70.551629,42.057765],[70.550917,42.059926],[70.550819,42.061258],[70.550064,42.06501],[70.549922,42.067706],[70.547411,42.070439],[70.545532,42.073982],[70.539596,42.079319],[70.536922,42.081115],[70.53486,42.08198],[70.529809,42.084894],[70.527503,42.08522],[70.522285,42.083275],[70.517418,42.082035],[70.514692,42.083187],[70.513616,42.084313],[70.513228,42.088095],[70.511885,42.088604],[70.506762,42.08953],[70.5062,42.092044],[70.502389,42.095851],[70.501838,42.096795],[70.50181,42.09769],[70.501984,42.098345],[70.501384,42.099139],[70.498918,42.099325],[70.497384,42.099228],[70.495851,42.099369],[70.494758,42.099676],[70.491621,42.104181],[70.490988,42.104713],[70.488383,42.105075],[70.48472,42.106157],[70.483305,42.106863],[70.480123,42.107865],[70.478923,42.10853],[70.478109,42.109185],[70.477107,42.109363],[70.47598,42.109308],[70.474303,42.101353],[70.472887,42.099906],[70.469201,42.097733],[70.467365,42.094275],[70.463868,42.093099],[70.462994,42.091256],[70.459019,42.084992],[70.456208,42.085569],[70.454337,42.085699],[70.450055,42.088613],[70.445703,42.090528],[70.444442,42.091347],[70.442123,42.091824],[70.438889,42.08936],[70.432496,42.087988],[70.427448,42.085443],[70.422927,42.083438],[70.41957,42.079917],[70.416366,42.078056],[70.414986,42.077743],[70.411698,42.077677],[70.41163,42.076828],[70.410171,42.074743],[70.40499,42.071491],[70.400877,42.069404],[70.396353,42.068241],[70.392295,42.068416],[70.387199,42.071109],[70.380968,42.071089],[70.377908,42.069625],[70.373515,42.069325],[70.372549,42.068609],[70.372346,42.068013],[70.372233,42.0644],[70.369438,42.062561],[70.364725,42.059087],[70.363999,42.058391],[70.362165,42.057763],[70.355614,42.057553],[70.354738,42.056942],[70.353232,42.054279],[70.352385,42.053364],[70.352247,42.052285],[70.350949,42.050774],[70.347339,42.050173],[70.342909,42.050147],[70.340384,42.048552],[70.335674,42.047445],[70.332782,42.047249],[70.332863,42.045437],[70.332102,42.042505],[70.331318,42.04174],[70.326839,42.040134],[70.325757,42.04052],[70.324842,42.040406],[70.323407,42.038844],[70.321002,42.038683],[70.319647,42.036794],[70.319769,42.036289],[70.321062,42.034624],[70.321233,42.03397],[70.321582,42.033574],[70.323221,42.030199],[70.323305,42.027354],[70.324409,42.026157],[70.331207,42.022075],[70.331609,42.021257],[70.332048,42.019415],[70.332765,42.018194],[70.333039,42.01497],[70.330671,42.006382],[70.330062,41.997066],[70.333798,41.989422],[70.334297,41.986904],[70.336853,41.98471],[70.336784,41.9836],[70.335495,41.981555],[70.336242,41.977649],[70.33525,41.974706],[70.329078,41.972995],[70.328076,41.970747],[70.325355,41.970142],[70.320828,41.97007],[70.318183,41.970443],[70.317092,41.968093],[70.316146,41.967956],[70.314399,41.968502],[70.308866,41.968176],[70.307792,41.966625],[70.306015,41.965698],[70.304924,41.964206],[70.300904,41.963858],[70.298371,41.963031],[70.295621,41.9631],[70.291057,41.962462],[70.289932,41.959426],[70.28807,41.95787],[70.284477,41.957489],[70.281215,41.956726],[70.279524,41.955013],[70.276718,41.954566],[70.27391,41.952903],[70.271308,41.953193],[70.268065,41.952058],[70.265467,41.952394],[70.261438,41.95432],[70.260829,41.953531],[70.260296,41.952407],[70.260331,41.950687],[70.259478,41.950056],[70.258979,41.949313],[70.253494,41.948387],[70.251612,41.946426],[70.246043,41.943637],[70.244499,41.94333],[70.240966,41.942973],[70.240566,41.941036],[70.239798,41.93945],[70.234498,41.937967],[70.232933,41.936233],[70.23162,41.935512],[70.228045,41.934625],[70.227681,41.930724],[70.225947,41.929394],[70.223518,41.928379],[70.223625,41.926452],[70.224708,41.923683],[70.225275,41.923044],[70.228423,41.92119],[70.2285,41.918688],[70.227385,41.917235],[70.225463,41.916238],[70.223466,41.914708],[70.220484,41.913274],[70.216697,41.912953],[70.214495,41.908488],[70.214159,41.907242],[70.209267,41.903686],[70.207802,41.903318],[70.206154,41.903696],[70.202909,41.904039],[70.200629,41.904782],[70.197998,41.90529],[70.196479,41.904483],[70.195358,41.903148],[70.195077,41.901862],[70.19598,41.900912],[70.198905,41.899707],[70.196816,41.897518],[70.195407,41.894301],[70.194816,41.890876],[70.195375,41.889551],[70.197056,41.887265],[70.194816,41.886402],[70.191774,41.885855],[70.189122,41.885072],[70.185121,41.882984],[70.181112,41.883104],[70.181263,41.881316],[70.180996,41.879627],[70.181917,41.875546],[70.181938,41.873938],[70.181124,41.872253],[70.181769,41.870638],[70.182848,41.869346],[70.183495,41.866792],[70.184532,41.864395],[70.183349,41.861923],[70.18064,41.859863],[70.175865,41.855308],[70.17412,41.854807],[70.172604,41.854924],[70.170098,41.856129],[70.169592,41.856136],[70.168846,41.85526],[70.165816,41.853219],[70.16319,41.850104],[70.161648,41.849601],[70.157722,41.849461],[70.156955,41.848208],[70.156215,41.844448],[70.153837,41.841998],[70.153214,41.839773],[70.148192,41.837524],[70.146756,41.836579],[70.146769,41.837143],[70.146271,41.83747],[70.14565,41.838613],[70.141897,41.842269],[70.139177,41.843291],[70.138477,41.843945],[70.13737,41.844235],[70.135519,41.844346],[70.134569,41.844319],[70.127472,41.842651],[70.120203,41.840566],[70.118703,41.838937],[70.118524,41.837721],[70.118043,41.837456],[70.115608,41.837437],[70.110267,41.838195],[70.106565,41.838214],[70.104118,41.838108],[70.102737,41.837307],[70.100404,41.83521],[70.099496,41.833714],[70.097982,41.830426],[70.09614,41.827891],[70.095183,41.825797],[70.094419,41.822312],[70.091087,41.82134],[70.089485,41.821335],[70.086588,41.818597],[70.084102,41.814188],[70.080204,41.813353],[70.078416,41.812012],[70.076929,41.808669],[70.073215,41.807448],[70.070389,41.805755],[70.067821,41.804702],[70.065168,41.804599],[70.058631,41.804878],[70.056435,41.804308],[70.055246,41.803325],[70.053934,41.801841],[70.050963,41.799388],[70.051804,41.797219],[70.051546,41.793782],[70.051191,41.792484],[70.049804,41.789788],[70.049304,41.788374],[70.049887,41.785677],[70.050468,41.784194],[70.051418,41.780193],[70.051359,41.779674],[70.047681,41.779479],[70.044359,41.777189],[70.043557,41.776126],[70.042505,41.775703],[70.038639,41.777642],[70.036204,41.776123],[70.034773,41.776526],[70.035358,41.777862],[70.034686,41.781052],[70.028386,41.784877],[70.026512,41.785461],[70.023071,41.784729],[70.021316,41.785115],[70.021367,41.788149],[70.02273,41.790007],[70.021347,41.791588],[70.02123,41.793043],[70.021427,41.795859],[70.019243,41.797096],[70.017658,41.796373],[70.013209,41.79678],[70.006293,41.800705],[70.003971,41.801641],[70.002358,41.803932],[70.003414,41.806383],[69.999214,41.806387],[69.995289,41.803924],[69.992466,41.800289],[69.997831,41.799445],[69.998428,41.798482],[69.996929,41.796833],[69.998287,41.793974],[69.999877,41.788674],[69.99424,41.787253],[69.990409,41.788172],[69.989507,41.785206],[69.986345,41.783878],[69.980782,41.780787],[69.98209,41.778985],[69.981071,41.777726],[69.979608,41.772377],[69.979507,41.77105],[69.972667,41.770366],[69.972411,41.769589],[69.972384,41.765496],[69.97185,41.764007],[69.975458,41.760855],[69.975327,41.758364],[69.971833,41.75649],[69.96922,41.756408],[69.966704,41.756113],[69.962558,41.756272],[69.958107,41.751717],[69.957328,41.750328],[69.958015,41.748531],[69.959838,41.746398],[69.960586,41.744384],[69.960666,41.741591],[69.960335,41.740512],[69.959764,41.739791],[69.959542,41.738054],[69.957626,41.735935],[69.957683,41.733774],[69.948051,41.729785],[69.943214,41.728412],[69.938989,41.725461],[69.937251,41.725356],[69.933631,41.726098],[69.931169,41.726176],[69.929875,41.725909],[69.926201,41.726631],[69.924738,41.726541],[69.924583,41.72583],[69.924057,41.725258],[69.921908,41.724602],[69.921836,41.724222],[69.922447,41.722247],[69.922233,41.721233],[69.921612,41.720322],[69.92149,41.719233],[69.921658,41.718341],[69.922026,41.717729],[69.922943,41.717169],[69.922556,41.716838],[69.922593,41.716344],[69.922185,41.715874],[69.921318,41.716058],[69.921024,41.715885],[69.920879,41.715571],[69.92018,41.715304],[69.920108,41.715093],[69.919233,41.714555],[69.917966,41.714049],[69.917542,41.713687],[69.91551,41.713082],[69.914752,41.713106],[69.914462,41.712964],[69.913868,41.712998],[69.913432,41.713257],[69.91254,41.713416],[69.91189,41.713364],[69.911762,41.713159],[69.911441,41.71309],[69.911385,41.712835],[69.910789,41.712583],[69.909679,41.712957],[69.909175,41.712752],[69.907986,41.712778],[69.907116,41.712585],[69.906484,41.711903],[69.904696,41.71116],[69.903658,41.710035],[69.902351,41.709919],[69.902006,41.709754],[69.901405,41.709064],[69.900077,41.709007],[69.899373,41.708803],[69.899123,41.708928],[69.898268,41.708701],[69.897306,41.708766],[69.896366,41.709077],[69.895683,41.708911],[69.895286,41.708393],[69.895317,41.707473],[69.895118,41.706985],[69.894317,41.70676],[69.891252,41.707705],[69.88961,41.707927],[69.887664,41.707622],[69.885856,41.707641],[69.882286,41.706604],[69.881111,41.706676],[69.87754,41.708015],[69.875747,41.709331],[69.874275,41.709762],[69.869682,41.709468],[69.867236,41.710524],[69.866292,41.710763],[69.86607,41.710694],[69.865065,41.711415],[69.864076,41.711846],[69.863266,41.712835],[69.861572,41.713775],[69.858848,41.71733],[69.853721,41.718614],[69.851075,41.719119],[69.847887,41.72044],[69.84514,41.720687],[69.84471,41.720003],[69.842568,41.719709],[69.84055,41.720339],[69.839122,41.720459],[69.837655,41.719533],[69.833612,41.718456],[69.832351,41.717982],[69.830035,41.716443],[69.829205,41.716213],[69.829107,41.715757],[69.82722,41.714717],[69.826656,41.714163],[69.824982,41.71426],[69.82399,41.713635],[69.822707,41.713579],[69.822049,41.71322],[69.821389,41.712238],[69.821238,41.711757],[69.820174,41.711769],[69.819555,41.711523],[69.818582,41.711883],[69.817601,41.711819],[69.815013,41.710569],[69.813048,41.709322],[69.812866,41.708186],[69.811231,41.708162],[69.808086,41.709023],[69.804252,41.709053],[69.799412,41.707931],[69.797474,41.707345],[69.792167,41.704576],[69.792316,41.702823],[69.791059,41.701923],[69.788244,41.701137],[69.788189,41.700845],[69.786035,41.700037],[69.782707,41.700233],[69.782071,41.700128],[69.780149,41.698488],[69.778928,41.698274],[69.777428,41.698738],[69.774668,41.697326],[69.774308,41.696705],[69.773932,41.696533],[69.773114,41.696557],[69.770545,41.698551],[69.766344,41.699601],[69.764869,41.699337],[69.762382,41.698147],[69.761862,41.696831],[69.760935,41.696596],[69.758842,41.697029],[69.757352,41.697941],[69.754827,41.699125],[69.751106,41.699256],[69.749117,41.699881],[69.747444,41.700095],[69.745617,41.700828],[69.743321,41.699104],[69.741415,41.698604],[69.737305,41.698589],[69.730935,41.694447],[69.727058,41.692924],[69.725622,41.689608],[69.725143,41.687926],[69.722572,41.686302],[69.720619,41.685825],[69.717614,41.686216],[69.715316,41.683471],[69.715408,41.678276],[69.712944,41.676876],[69.710296,41.676876],[69.707969,41.67818],[69.705359,41.67807],[69.697508,41.674002],[69.695445,41.674813],[69.691213,41.675178],[69.689915,41.673843],[69.682403,41.677471],[69.68116,41.677486],[69.679519,41.676982],[69.675582,41.674304],[69.6735,41.672016],[69.67308,41.670902],[69.671913,41.669849],[69.669776,41.669666],[69.668525,41.668655],[69.665657,41.670463],[69.664947,41.670471],[69.663963,41.669879],[69.65863,41.669895],[69.655014,41.668525],[69.65364,41.669197],[69.651886,41.669322],[69.649397,41.670365],[69.641504,41.668525],[69.630284,41.663404],[69.621204,41.663483],[69.617911,41.663339],[69.616554,41.662577],[69.614057,41.658217],[69.611335,41.655306],[69.610562,41.651955],[69.607529,41.648405],[69.604941,41.646351],[69.59818,41.643155],[69.597086,41.642471],[69.591444,41.640687],[69.583223,41.634222],[69.576469,41.629512],[69.575683,41.627975],[69.575614,41.625484],[69.571563,41.61716],[69.565856,41.614734],[69.565345,41.613349],[69.565948,41.611717],[69.563911,41.606258],[69.561943,41.604049],[69.560173,41.603553],[69.559661,41.599453],[69.55706,41.596969],[69.554763,41.597217],[69.552757,41.596317],[69.551025,41.595237],[69.549797,41.591781],[69.540573,41.589958],[69.538887,41.588661],[69.53759,41.584594],[69.538841,41.581512],[69.537659,41.578532],[69.537703,41.578318],[69.546784,41.573743],[69.54931,41.572706],[69.549538,41.572536],[69.549326,41.569705],[69.541155,41.56713],[69.532058,41.564565],[69.528793,41.563721],[69.527393,41.563537],[69.52766,41.563049],[69.526956,41.56283],[69.517728,41.55738],[69.517456,41.556899],[69.51668,41.556358],[69.514802,41.555922],[69.514148,41.555588],[69.509401,41.552481],[69.501404,41.547738],[69.500272,41.547591],[69.499861,41.547682],[69.499665,41.547906],[69.498591,41.547864],[69.496331,41.54857],[69.494117,41.548968],[69.492333,41.549514],[69.491418,41.549989],[69.487191,41.550177],[69.481231,41.551018],[69.480651,41.551566],[69.478517,41.555226],[69.477782,41.557108],[69.476614,41.558885],[69.474109,41.560281],[69.468796,41.562199],[69.467986,41.562635],[69.460924,41.568843],[69.460617,41.568946],[69.454758,41.569314],[69.452586,41.565956],[69.448517,41.564237],[69.445121,41.563162],[69.441191,41.559406],[69.432068,41.546613],[69.427656,41.540705],[69.419373,41.535106],[69.406683,41.524173],[69.402819,41.517983],[69.401618,41.51416],[69.399735,41.510371],[69.397982,41.508191],[69.397684,41.507016],[69.398774,41.505994],[69.398768,41.505112],[69.39939,41.504114],[69.400338,41.503239],[69.411144,41.5012],[69.412773,41.500629],[69.4244,41.498519],[69.427376,41.496792],[69.42808,41.495957],[69.432908,41.493125],[69.433032,41.492803],[69.432807,41.491991],[69.437605,41.489446],[69.438196,41.488106],[69.438475,41.487877],[69.439078,41.487749],[69.441477,41.487924],[69.445547,41.489694],[69.446945,41.489009],[69.450372,41.488004],[69.451369,41.487874],[69.454264,41.488138],[69.454433,41.485034],[69.456183,41.480962],[69.457592,41.476678],[69.458455,41.47184],[69.456915,41.470586],[69.456903,41.468842],[69.45728,41.468565],[69.459558,41.468534],[69.460584,41.467399],[69.459407,41.466363],[69.45767,41.46546],[69.457324,41.464935],[69.456848,41.464599],[69.45568,41.46462],[69.453541,41.463151],[69.451832,41.46251],[69.450441,41.462643],[69.449796,41.463056],[69.449992,41.463703],[69.449823,41.463996],[69.4486,41.464283],[69.447255,41.464052],[69.445564,41.464192],[69.444696,41.463654],[69.444126,41.463724],[69.44294,41.463528],[69.441922,41.463185],[69.441408,41.463479],[69.440941,41.463493],[69.440343,41.462842],[69.43968,41.462737],[69.438559,41.462275],[69.437672,41.462366],[69.436794,41.462002],[69.436084,41.461197],[69.434097,41.461033],[69.433855,41.461152],[69.433817,41.461803],[69.433509,41.461866],[69.431697,41.461579],[69.429437,41.462111],[69.428615,41.462132],[69.427503,41.461684],[69.427167,41.461992],[69.42401,41.462314],[69.422796,41.463798],[69.422469,41.463924],[69.421386,41.46391],[69.419905,41.464141],[69.417416,41.4637],[69.416781,41.463427],[69.415586,41.463574],[69.415147,41.46398],[69.415156,41.464134],[69.415408,41.464393],[69.416454,41.464841],[69.416633,41.46583],[69.416278,41.466208],[69.41597,41.466299],[69.414503,41.46604],[69.413644,41.466229],[69.413532,41.466523],[69.414074,41.467167],[69.413971,41.467496],[69.412196,41.467937],[69.411215,41.468497],[69.411029,41.468693],[69.411038,41.469126],[69.412168,41.470204],[69.412047,41.470428],[69.411823,41.47047],[69.409404,41.470064],[69.408059,41.470232],[69.40691,41.469882],[69.404868,41.469578],[69.403995,41.468853],[69.402244,41.468114],[69.400635,41.467681],[69.396743,41.46746],[69.394622,41.46784],[69.389215,41.466489],[69.384436,41.466158],[69.383835,41.466231],[69.382905,41.46589],[69.379717,41.465339],[69.378251,41.465668],[69.375733,41.465904],[69.374855,41.465814],[69.372458,41.466104],[69.371277,41.466443],[69.37132,41.466654],[69.371054,41.466836],[69.365703,41.468047],[69.363298,41.469545],[69.359967,41.469516],[69.359561,41.470641],[69.359076,41.470788],[69.359192,41.471197],[69.358677,41.471398],[69.358826,41.471617],[69.35464,41.472605],[69.354184,41.468403],[69.354749,41.467543],[69.354165,41.467354],[69.353745,41.466691],[69.353142,41.466232],[69.352451,41.46605],[69.351821,41.465604],[69.35049,41.465426],[69.34962,41.464669],[69.34977,41.464324],[69.349788,41.463914],[69.349657,41.463782],[69.348007,41.463661],[69.347078,41.463417],[69.34607,41.462663],[69.345716,41.462252],[69.345216,41.4611],[69.345283,41.460484],[69.345095,41.459646],[69.345326,41.459253],[69.345211,41.459034],[69.344706,41.458789],[69.344228,41.458824],[69.343924,41.459115],[69.343742,41.45972],[69.343131,41.460441],[69.342581,41.460485],[69.342329,41.460376],[69.341571,41.459447],[69.341178,41.458686],[69.339926,41.458297],[69.339388,41.458457],[69.339188,41.459104],[69.338945,41.459303],[69.338299,41.458982],[69.337591,41.459154],[69.337005,41.458422],[69.337094,41.457743],[69.336981,41.457513],[69.335868,41.457745],[69.334728,41.457454],[69.334576,41.457183],[69.334739,41.457029],[69.336046,41.456774],[69.336008,41.456509],[69.33495,41.455978],[69.334571,41.45519],[69.333802,41.454872],[69.332819,41.454713],[69.332785,41.454231],[69.332194,41.453866],[69.331865,41.453122],[69.331194,41.45282],[69.330475,41.451984],[69.329671,41.451747],[69.32921,41.451189],[69.327938,41.450508],[69.327162,41.449695],[69.326483,41.449717],[69.325933,41.450134],[69.325323,41.449791],[69.324693,41.449966],[69.322501,41.449923],[69.322452,41.448896],[69.322651,41.448407],[69.322528,41.44819],[69.32035,41.44738],[69.320356,41.446779],[69.319661,41.446243],[69.319014,41.446107],[69.318268,41.445463],[69.317873,41.444981],[69.318115,41.444553],[69.317195,41.443921],[69.316847,41.442792],[69.315207,41.441989],[69.314052,41.441739],[69.313644,41.441505],[69.313685,41.441202],[69.3143,41.440462],[69.31409,41.440047],[69.31366,41.440011],[69.31294,41.440593],[69.31243,41.440703],[69.310896,41.440292],[69.311281,41.439614],[69.310766,41.438953],[69.310536,41.438871],[69.308429,41.439084],[69.307754,41.439378],[69.305986,41.438547],[69.305224,41.438864],[69.305741,41.439763],[69.305799,41.440159],[69.305642,41.440216],[69.304861,41.439616],[69.303492,41.438995],[69.303341,41.438874],[69.303389,41.438497],[69.30313,41.438312],[69.302814,41.438413],[69.301938,41.439361],[69.30102,41.439476],[69.300903,41.439071],[69.301103,41.438692],[69.301152,41.43775],[69.301065,41.437479],[69.30065,41.437288],[69.300807,41.436783],[69.299902,41.436841],[69.299793,41.437391],[69.299496,41.437515],[69.29734,41.437433],[69.297049,41.436898],[69.297203,41.436348],[69.296463,41.435622],[69.296217,41.435752],[69.295943,41.43648],[69.295509,41.436566],[69.295881,41.437145],[69.295362,41.437829],[69.294074,41.437811],[69.293125,41.43746],[69.292815,41.437073],[69.29258,41.437226],[69.292364,41.437722],[69.291769,41.438109],[69.291695,41.438329],[69.29189,41.438513],[69.293029,41.438851],[69.292906,41.439737],[69.291739,41.439719],[69.290763,41.439257],[69.290381,41.439356],[69.290283,41.440025],[69.290838,41.44031],[69.29127,41.441065],[69.291149,41.441378],[69.290437,41.44132],[69.290243,41.441442],[69.290479,41.442048],[69.2896,41.442139],[69.289583,41.440979],[69.28933,41.440825],[69.286649,41.441638],[69.28623,41.442626],[69.285465,41.443251],[69.28575,41.44354],[69.285652,41.444023],[69.285235,41.444445],[69.284718,41.444497],[69.283753,41.444908],[69.283431,41.445221],[69.282176,41.44535],[69.2815,41.445768],[69.281257,41.446105],[69.281332,41.446958],[69.281107,41.447424],[69.280313,41.448228],[69.278275,41.449764],[69.277148,41.450102],[69.276569,41.450512],[69.27453,41.450834],[69.272385,41.451598],[69.27202,41.452056],[69.271322,41.452362],[69.269476,41.452126],[69.268639,41.45219],[69.267909,41.451901],[69.266611,41.452311],[69.264948,41.45202],[69.264036,41.452102],[69.262428,41.452654],[69.261583,41.453312],[69.261334,41.453707],[69.261538,41.453871],[69.259511,41.455045],[69.258355,41.455499],[69.25744,41.456508],[69.255956,41.457732],[69.255242,41.458737],[69.255111,41.459155],[69.254794,41.459552],[69.25442,41.459658],[69.254345,41.460016],[69.253447,41.460834],[69.252291,41.462356],[69.251805,41.464295],[69.250064,41.46632],[69.248866,41.465663],[69.247613,41.465496],[69.245707,41.464126],[69.244901,41.463412],[69.244583,41.462222],[69.242901,41.462125],[69.241321,41.462499],[69.240369,41.462325],[69.239982,41.461971],[69.239382,41.460788],[69.238918,41.460485],[69.23854,41.459656],[69.234867,41.45862],[69.233143,41.458745],[69.23209,41.459326],[69.231408,41.459192],[69.230577,41.459348],[69.229876,41.459873],[69.228322,41.462329],[69.227767,41.462689],[69.226756,41.462846],[69.225994,41.462693],[69.224175,41.46174],[69.22344,41.460982],[69.222984,41.459982],[69.222364,41.459518],[69.221721,41.459473],[69.220489,41.459835],[69.219393,41.459577],[69.218117,41.459529],[69.217066,41.459211],[69.216345,41.458504],[69.215349,41.458035],[69.213512,41.457604],[69.210207,41.45764],[69.209339,41.456957],[69.209124,41.455725],[69.208935,41.455448],[69.207555,41.454976],[69.20632,41.454097],[69.20582,41.45391],[69.204957,41.453789],[69.204233,41.453987],[69.204115,41.454204],[69.204172,41.454804],[69.203783,41.455283],[69.202996,41.455576],[69.202476,41.455452],[69.20164,41.454855],[69.201114,41.454235],[69.200924,41.453963],[69.200772,41.453131],[69.200455,41.452748],[69.198529,41.452003],[69.197195,41.452106],[69.196615,41.452548],[69.195568,41.452869],[69.195266,41.453271],[69.195002,41.4541],[69.193907,41.454321],[69.19338,41.454024],[69.192809,41.45324],[69.192427,41.453066],[69.191696,41.453257],[69.191181,41.453079],[69.191021,41.452857],[69.190984,41.451957],[69.19007,41.451517],[69.188117,41.451995],[69.186591,41.452676],[69.186137,41.452657],[69.185397,41.452123],[69.184506,41.450773],[69.184714,41.449966],[69.185804,41.449033],[69.185863,41.448375],[69.185308,41.448045],[69.184083,41.447881],[69.182792,41.447081],[69.182433,41.445781],[69.180759,41.445048],[69.180184,41.4436],[69.180194,41.442853],[69.179746,41.441787],[69.179035,41.441065],[69.177538,41.438546],[69.177556,41.438183],[69.17869,41.43766],[69.178738,41.437321],[69.178557,41.437193],[69.17708,41.436426],[69.176232,41.436365],[69.175609,41.43655],[69.175158,41.436954],[69.174878,41.438128],[69.175336,41.438872],[69.174959,41.440102],[69.17529,41.440965],[69.174438,41.441257],[69.173507,41.440959],[69.172717,41.441013],[69.171443,41.440705],[69.166212,41.438438],[69.165895,41.43795],[69.167113,41.435332],[69.166921,41.435002],[69.16659,41.435037],[69.165617,41.434738],[69.164882,41.434117],[69.163743,41.433925],[69.161934,41.433218],[69.161273,41.433167],[69.16057,41.43334],[69.159543,41.434155],[69.15919,41.434204],[69.1587,41.434049],[69.15865,41.433782],[69.158266,41.433368],[69.157663,41.433286],[69.15738,41.433454],[69.157485,41.434014],[69.157388,41.434492],[69.1568,41.434558],[69.156383,41.434416],[69.156166,41.433928],[69.156246,41.433396],[69.156094,41.432909],[69.155654,41.432643],[69.155111,41.432601],[69.154207,41.432841],[69.153985,41.432762],[69.153445,41.432025],[69.152896,41.431694],[69.1536,41.431406],[69.154201,41.430909],[69.154267,41.430092],[69.153874,41.429648],[69.152285,41.428763],[69.151551,41.428782],[69.151057,41.429506],[69.151343,41.431365],[69.150999,41.431687],[69.149637,41.431868],[69.148716,41.430998],[69.148796,41.430612],[69.149882,41.430168],[69.150416,41.429607],[69.150427,41.429139],[69.150101,41.428586],[69.150281,41.428213],[69.149964,41.427093],[69.15418,41.426386],[69.157014,41.425659],[69.158088,41.425195],[69.159421,41.42497],[69.160423,41.423892],[69.160564,41.422668],[69.161113,41.420476],[69.162736,41.416643],[69.16313,41.41519],[69.163992,41.413263],[69.164237,41.413044],[69.16513,41.410524],[69.16597,41.409072],[69.165915,41.408438],[69.166646,41.407517],[69.167157,41.406447],[69.168364,41.404683],[69.170798,41.402895],[69.173121,41.403823],[69.174537,41.403208],[69.175206,41.403199],[69.175409,41.402942],[69.175126,41.402013],[69.174678,41.401533],[69.173779,41.400971],[69.173611,41.40068],[69.170809,41.400711],[69.170293,41.400425],[69.169071,41.400181],[69.168587,41.399336],[69.167836,41.399031],[69.167453,41.398095],[69.167752,41.39773],[69.168003,41.39675],[69.167678,41.396402],[69.167801,41.396077],[69.167568,41.395405],[69.16701,41.394885],[69.166347,41.394666],[69.165514,41.394967],[69.165021,41.394815],[69.163919,41.394977],[69.163423,41.394558],[69.162158,41.394494],[69.161057,41.393894],[69.160341,41.393162],[69.160479,41.392706],[69.160025,41.392287],[69.159592,41.390968],[69.15883,41.390331],[69.157895,41.389837],[69.157313,41.388754],[69.155135,41.386574],[69.153957,41.386269],[69.151928,41.386581],[69.151617,41.387292],[69.151688,41.388974],[69.150722,41.392399],[69.149935,41.393049],[69.149128,41.393454],[69.147834,41.393055],[69.146192,41.393393],[69.145345,41.393305],[69.145152,41.39283],[69.144089,41.393265],[69.143349,41.393192],[69.142984,41.392685],[69.142105,41.3925],[69.141557,41.392918],[69.140646,41.392951],[69.140377,41.392178],[69.139583,41.391945],[69.139401,41.392025],[69.139401,41.392339],[69.138983,41.392484],[69.138618,41.39246],[69.13791,41.391953],[69.136665,41.392291],[69.136311,41.392065],[69.136236,41.391462],[69.135882,41.391132],[69.135324,41.391446],[69.134358,41.391389],[69.133328,41.392114],[69.132921,41.392178],[69.132513,41.391912],[69.132457,41.390807],[69.129387,41.391035],[69.129058,41.390389],[69.127598,41.388932],[69.125188,41.39036],[69.124216,41.390718],[69.121956,41.392126],[69.119817,41.392007],[69.116072,41.392259],[69.113755,41.391474],[69.11285,41.3909],[69.112149,41.390087],[69.112071,41.389319],[69.111174,41.388401],[69.109773,41.38625],[69.10784,41.38468],[69.107046,41.383475],[69.105412,41.382802],[69.105346,41.381919],[69.105598,41.381569],[69.105254,41.381128],[69.105114,41.380581],[69.104306,41.379663],[69.103569,41.379425],[69.103139,41.378759],[69.10313,41.378226],[69.102943,41.377974],[69.103123,41.376869],[69.103024,41.376696],[69.10128,41.375878],[69.101308,41.37536],[69.101093,41.374687],[69.10129,41.374294],[69.101,41.373664],[69.101385,41.372828],[69.10105,41.372025],[69.10035,41.371563],[69.100067,41.371641],[69.099972,41.371375],[69.099392,41.37165],[69.09897,41.371468],[69.098979,41.370959],[69.099665,41.37023],[69.0996,41.370069],[69.09974,41.36995],[69.099151,41.369375],[69.098143,41.368878],[69.097816,41.368471],[69.098199,41.367917],[69.097844,41.367574],[69.097928,41.366431],[69.097806,41.365226],[69.096957,41.364637],[69.097237,41.36381],[69.097115,41.36327],[69.097732,41.362351],[69.097778,41.361973],[69.097424,41.361349],[69.097153,41.360164],[69.096569,41.359316],[69.096634,41.358627],[69.093169,41.358284],[69.092283,41.356903],[69.085703,41.357169],[69.084986,41.357697],[69.08278,41.358264],[69.080237,41.35765],[69.079249,41.357616],[69.078604,41.357945],[69.079589,41.359665],[69.080616,41.359476],[69.081288,41.359841],[69.081961,41.359637],[69.082689,41.359841],[69.082914,41.36024],[69.082633,41.361032],[69.082802,41.361846],[69.083278,41.361874],[69.083922,41.36261],[69.084156,41.362596],[69.084455,41.362259],[69.084875,41.362666],[69.08427,41.363814],[69.084887,41.364347],[69.08384,41.365179],[69.083733,41.365556],[69.084034,41.365814],[69.08485,41.366094],[69.08539,41.366691],[69.08656,41.36698],[69.087272,41.367401],[69.088661,41.368556],[69.085522,41.370569],[69.085259,41.370995],[69.084958,41.372165],[69.083902,41.373068],[69.08192,41.374175],[69.081784,41.374668],[69.08122,41.375438],[69.080078,41.376102],[69.07896,41.377052],[69.067081,41.373512],[69.066839,41.372048],[69.063987,41.371233],[69.060221,41.371547],[69.059661,41.36979],[69.05939,41.369634],[69.055666,41.369586],[69.055392,41.368481],[69.055204,41.368351],[69.05237,41.368675],[69.049692,41.365052],[69.049425,41.364939],[69.046133,41.364895],[69.043842,41.365408],[69.043768,41.365308],[69.043137,41.365411],[69.041535,41.366057],[69.040993,41.366059],[69.033696,41.363135],[69.032071,41.361313],[69.029969,41.359672],[69.028707,41.358397],[69.024088,41.357566],[69.021396,41.355476],[69.022637,41.354915],[69.022251,41.353931],[69.022363,41.353447],[69.024109,41.352522],[69.024614,41.351996],[69.024754,41.351631],[69.025109,41.351393],[69.035224,41.350208],[69.035728,41.349914],[69.036746,41.350278],[69.0384,41.350327],[69.039278,41.350173],[69.041687,41.350839],[69.043994,41.350699],[69.045367,41.350271],[69.045582,41.350005],[69.045613,41.349552],[69.046743,41.349523],[69.046854,41.348149],[69.046145,41.345601],[69.045277,41.341499],[69.04438,41.338632],[69.042557,41.334034],[69.040473,41.330168],[69.040294,41.328701],[69.039646,41.32743],[69.040067,41.325652],[69.039856,41.323067],[69.04067,41.321048],[69.041024,41.319468],[69.042017,41.317048],[69.04408,41.315952],[69.044276,41.312591],[69.044579,41.311345],[69.045431,41.310645],[69.045518,41.310065],[69.044965,41.309981],[69.04443,41.309667],[69.043655,41.309007],[69.043123,41.308292],[69.042095,41.30759],[69.041619,41.306566],[69.040685,41.305612],[69.039462,41.305415],[69.038565,41.304159],[69.03765,41.301647],[69.035828,41.301956],[69.031385,41.303146],[69.029962,41.303214],[69.029336,41.303033],[69.026604,41.298581],[69.026601,41.298104],[69.024295,41.298121],[69.022881,41.298546],[69.02219,41.298918],[69.021695,41.298967],[69.021209,41.29882],[69.020892,41.298399],[69.020443,41.298287],[69.019356,41.298357],[69.018694,41.298648],[69.01596,41.295005],[69.014522,41.291983],[69.013858,41.28953],[69.013946,41.289001],[69.015149,41.287064],[69.015714,41.284168],[69.015616,41.28182],[69.016095,41.279683],[69.016239,41.277931],[69.018232,41.276366],[69.017293,41.274999],[69.01707,41.273414],[69.018133,41.273086],[69.018506,41.273143],[69.019384,41.272658],[69.020262,41.272595],[69.021981,41.271963],[69.022541,41.271914],[69.023783,41.271072],[69.025156,41.270924],[69.025857,41.27018],[69.027015,41.270187],[69.027407,41.269949],[69.027342,41.269366],[69.028622,41.268636],[69.029217,41.268103],[69.03145,41.267864],[69.032346,41.267471],[69.033233,41.266671],[69.034205,41.266537],[69.035419,41.266825],[69.036362,41.266292],[69.03809,41.26632],[69.040261,41.264673],[69.040541,41.264097],[69.040308,41.263388],[69.040756,41.262405],[69.040822,41.261731],[69.041102,41.261359],[69.040383,41.260657],[69.040289,41.259828],[69.039831,41.258937],[69.039528,41.258812],[69.039393,41.258501],[69.039676,41.25514],[69.039187,41.254469],[69.035946,41.252432],[69.033686,41.251892],[69.032481,41.251842],[69.025691,41.250459],[69.025551,41.249841],[69.024449,41.249153],[69.024496,41.248563],[69.02387,41.247524],[69.023291,41.247074],[69.021031,41.245902],[69.022343,41.244728],[69.022866,41.244672],[69.02408,41.243801],[69.026434,41.24286],[69.027097,41.241933],[69.02719,41.241413],[69.02762,41.241287],[69.028246,41.240774],[69.029262,41.239268],[69.028164,41.23666],[69.028113,41.235341],[69.0277,41.23457],[69.027512,41.233693],[69.027163,41.233162],[69.027114,41.232562],[69.02647,41.230951],[69.027158,41.228541],[69.028903,41.227981],[69.030088,41.22506],[69.029453,41.224663],[69.027399,41.224195],[69.026835,41.224331],[69.024677,41.224345],[69.024266,41.224507],[69.023482,41.224514],[69.022651,41.224963],[69.021838,41.224872],[69.020969,41.225041],[69.020717,41.225237],[69.020362,41.225244],[69.019821,41.225722],[69.018336,41.225912],[69.017738,41.226389],[69.016486,41.226987],[69.014123,41.226994],[69.013161,41.227268],[69.012619,41.22764],[69.011891,41.227513],[69.011443,41.227633],[69.011125,41.228019],[69.0102,41.228623],[69.009883,41.229747],[69.00922,41.23026],[69.009117,41.230745],[69.0078,41.231728],[69.007389,41.232592],[69.00681,41.23288],[69.005502,41.232922],[69.005091,41.23314],[69.004559,41.23458],[69.0037,41.235465],[69.002878,41.235977],[69.002775,41.236574],[69.002252,41.236989],[69.001194,41.238884],[69.000407,41.238461],[68.998462,41.236975],[68.993631,41.230822],[68.99369,41.230495],[68.995438,41.229283],[68.996788,41.227722],[68.997374,41.225561],[68.997326,41.225091],[68.995498,41.221623],[68.995369,41.220804],[68.994511,41.219438],[68.993499,41.218527],[68.993171,41.217819],[68.992787,41.217434],[68.991885,41.216834],[68.991685,41.215913],[68.991966,41.214611],[68.991595,41.214105],[68.989336,41.213895],[68.988217,41.213593],[68.987977,41.213397],[68.986584,41.210856],[68.98634,41.210669],[68.98486,41.210817],[68.984001,41.209967],[68.981102,41.209591],[68.980547,41.209397],[68.978739,41.208213],[68.978572,41.207826],[68.977762,41.206996],[68.971961,41.204852],[68.965345,41.201085],[68.964747,41.201263],[68.960422,41.199368],[68.959681,41.199331],[68.959085,41.198935],[68.956523,41.197762],[68.955987,41.197693],[68.953692,41.196565],[68.943364,41.193475],[68.940874,41.191622],[68.938558,41.191555],[68.937826,41.191002],[68.936798,41.189071],[68.935742,41.188445],[68.93532,41.187749],[68.93358,41.186352],[68.93307,41.185419],[68.932165,41.182882],[68.931942,41.18277],[68.925865,41.182927],[68.918544,41.181824],[68.915483,41.182323],[68.91511,41.181937],[68.915119,41.181169],[68.914695,41.180289],[68.914458,41.180101],[68.914028,41.180161],[68.913899,41.179982],[68.914352,41.179461],[68.914383,41.178993],[68.914824,41.177829],[68.913674,41.175611],[68.913612,41.175162],[68.913782,41.174446],[68.913632,41.173489],[68.913216,41.172995],[68.911735,41.172094],[68.905161,41.169366],[68.902936,41.167754],[68.895835,41.164243],[68.885859,41.160376],[68.881815,41.159605],[68.875048,41.15523],[68.870304,41.151011],[68.864165,41.14718],[68.859657,41.143905],[68.859565,41.142956],[68.852316,41.140962],[68.849966,41.139387],[68.841648,41.134864],[68.840073,41.134208],[68.837419,41.134141],[68.836567,41.133869],[68.82831,41.128164],[68.815332,41.120858],[68.808877,41.1182],[68.808001,41.117591],[68.803267,41.115438],[68.80281,41.114615],[68.793082,41.106972],[68.791625,41.10605],[68.790794,41.105705],[68.787637,41.103312],[68.786843,41.102608],[68.785442,41.100905],[68.78505,41.099877],[68.78449,41.09935],[68.78434,41.099582],[68.783733,41.099357],[68.782976,41.098589],[68.780299,41.096722],[68.779888,41.09623],[68.779286,41.096278],[68.774584,41.092984],[68.768031,41.088987],[68.766748,41.087783],[68.76335,41.083935],[68.755444,41.077669],[68.746687,41.07039],[68.741948,41.066382],[68.738711,41.063232],[68.726028,41.053166],[68.721951,41.050258],[68.721211,41.048866],[68.720083,41.047407],[68.717667,41.04318],[68.716066,41.03984],[68.714367,41.037254],[68.713697,41.03593],[68.713555,41.034654],[68.712746,41.032584],[68.71283,41.032303],[68.713913,41.03103],[68.716439,41.030036],[68.721523,41.028914],[68.721854,41.028653],[68.733086,41.014794],[68.742342,41.00581],[68.746796,41.005491],[68.747455,41.005678],[68.753122,41.011492],[68.753393,41.011281],[68.753804,41.011302],[68.754869,41.011971],[68.755513,41.011654],[68.75555,41.010449],[68.755905,41.010076],[68.756298,41.010146],[68.757418,41.01109],[68.757857,41.010928],[68.757885,41.010202],[68.758203,41.009195],[68.75669,41.008328],[68.756606,41.008039],[68.756765,41.007827],[68.760781,41.006671],[68.761136,41.006361],[68.761052,41.006016],[68.760809,41.005811],[68.759286,41.005085],[68.758455,41.004895],[68.758091,41.004176],[68.757017,41.003429],[68.756475,41.003528],[68.755905,41.004832],[68.75556,41.004677],[68.755308,41.003817],[68.755149,41.003704],[68.753468,41.003979],[68.75287,41.003619],[68.752524,41.003119],[68.752618,41.002625],[68.75346,41.002242],[68.75411,41.00117],[68.755483,41.000648],[68.755875,41.000317],[68.755894,40.999873],[68.75538,40.999464],[68.755306,40.999069],[68.756679,40.998787],[68.758145,40.997645],[68.75822,40.997265],[68.758051,40.997067],[68.756707,40.997096],[68.755763,40.996651],[68.7544,40.996468],[68.754166,40.996257],[68.75411,40.995897],[68.754745,40.9946],[68.754839,40.994269],[68.75467,40.993973],[68.753942,40.993832],[68.752476,40.99398],[68.751429,40.993888],[68.750953,40.993677],[68.751159,40.992824],[68.750529,40.992267],[68.750411,40.991865],[68.750654,40.991089],[68.750355,40.990927],[68.749188,40.991054],[68.747619,40.990173],[68.747749,40.989989],[68.748506,40.9897],[68.748758,40.989108],[68.748627,40.988798],[68.747591,40.98822],[68.747553,40.98798],[68.747899,40.987712],[68.748702,40.987599],[68.748949,40.98732],[68.74815,40.986177],[68.747132,40.985296],[68.747057,40.984852],[68.748084,40.98426],[68.749102,40.984471],[68.749635,40.984182],[68.749579,40.9839],[68.748702,40.982977],[68.748618,40.982702],[68.748748,40.982378],[68.749617,40.982075],[68.749561,40.98168],[68.749066,40.981419],[68.745974,40.981066],[68.744097,40.980023],[68.742743,40.980939],[68.742369,40.981355],[68.741594,40.981489],[68.741155,40.980954],[68.741174,40.980552],[68.742145,40.979995],[68.742416,40.979191],[68.742145,40.978718],[68.741715,40.978556],[68.741398,40.978711],[68.741351,40.979021],[68.741575,40.979677],[68.741342,40.979868],[68.740286,40.979395],[68.73868,40.97716],[68.738418,40.976229],[68.737923,40.975933],[68.736868,40.976046],[68.73642,40.975848],[68.73627,40.975193],[68.736961,40.974311],[68.73684,40.973916],[68.736252,40.973733],[68.735125,40.974605],[68.73485,40.974633],[68.734057,40.974253],[68.732971,40.973555],[68.732749,40.972486],[68.732531,40.972205],[68.731025,40.97159],[68.730379,40.9708],[68.729315,40.970281],[68.728572,40.969653],[68.726531,40.969529],[68.721076,40.967838],[68.719986,40.968656],[68.719726,40.968627],[68.716973,40.967374],[68.713488,40.965376],[68.711909,40.964751],[68.711421,40.964314],[68.708405,40.965777],[68.7046,40.966964],[68.702156,40.965763],[68.701067,40.966006],[68.700008,40.966621],[68.697661,40.96732],[68.697241,40.966611],[68.696557,40.966083],[68.694913,40.966515],[68.693777,40.966539],[68.69211,40.965974],[68.691178,40.965433],[68.689879,40.965041],[68.684151,40.964019],[68.684117,40.962116],[68.684413,40.961721],[68.684175,40.961411],[68.680844,40.962459],[68.678435,40.962728],[68.677438,40.962604],[68.676638,40.962347],[68.673035,40.960436],[68.668028,40.958512],[68.665707,40.957206],[68.664186,40.955523],[68.659706,40.951266],[68.655543,40.946374],[68.650888,40.943028],[68.649261,40.94249],[68.646317,40.942445],[68.644121,40.942739],[68.642561,40.943339],[68.640399,40.944821],[68.636336,40.949058],[68.635449,40.95015],[68.628587,40.960525],[68.62761,40.96262],[68.627175,40.963938],[68.626946,40.966142],[68.627344,40.967638],[68.627839,40.968503],[68.628661,40.969615],[68.630981,40.971997],[68.633421,40.973304],[68.635364,40.973906],[68.638663,40.974686],[68.642267,40.975139],[68.650789,40.975416],[68.654016,40.975674],[68.656324,40.976037],[68.667207,40.979436],[68.670396,40.980882],[68.672625,40.982473],[68.673827,40.984069],[68.674116,40.984913],[68.674192,40.986564],[68.673917,40.987395],[68.67325,40.988386],[68.670708,40.990863],[68.668603,40.992201],[68.662192,40.994921],[68.654828,40.996008],[68.648812,40.996431],[68.642968,40.996206],[68.638359,40.99687],[68.636465,40.996923],[68.633242,40.996653],[68.630756,40.996883],[68.628523,40.997347],[68.626334,40.998242],[68.619428,41.001768],[68.617095,41.003664],[68.609403,41.011907],[68.608756,41.014292],[68.609323,41.020513],[68.609182,41.023188],[68.609904,41.025944],[68.609929,41.027118],[68.609402,41.028782],[68.608608,41.029608],[68.60745,41.030466],[68.605776,41.031016],[68.604574,41.031227],[68.600829,41.031288],[68.598299,41.031057],[68.595291,41.030549],[68.592468,41.029881],[68.589539,41.028847],[68.586039,41.026873],[68.583473,41.025041],[68.57865,41.020841],[68.577505,41.019513],[68.574954,41.015548],[68.573546,41.013824],[68.570896,41.011601],[68.567878,41.009839],[68.564507,41.008369],[68.562864,41.007814],[68.55981,41.007161],[68.557239,41.007178],[68.553011,41.007865],[68.546986,41.010436],[68.543286,41.01133],[68.53952,41.011853],[68.536285,41.012785],[68.533276,41.014381],[68.526521,41.020325],[68.522148,41.017327],[68.522354,41.017163],[68.519012,41.014949],[68.515842,41.011326],[68.515944,41.011168],[68.513299,41.0098],[68.506655,41.003139],[68.504381,40.999884],[68.504091,40.996969],[68.50423,40.992455],[68.503887,40.990511],[68.503056,40.989296],[68.503066,40.988912],[68.502444,40.987118],[68.501596,40.985381],[68.500078,40.983198],[68.498163,40.981165],[68.497251,40.979136],[68.498183,40.973444],[68.498328,40.973326],[68.5002,40.972784],[68.5066,40.973027],[68.506558,40.972782],[68.509593,40.972901],[68.509467,40.972568],[68.511016,40.964089],[68.510106,40.961269],[68.513401,40.962632],[68.514022,40.962502],[68.514971,40.960612],[68.514812,40.959589],[68.514877,40.958905],[68.515858,40.957593],[68.51696,40.956606],[68.516923,40.956056],[68.516557,40.955038],[68.516079,40.954615],[68.515804,40.954118],[68.515746,40.953055],[68.515974,40.952485],[68.517641,40.951368],[68.518775,40.950989],[68.520271,40.950757],[68.51983,40.950475],[68.517637,40.947816],[68.517517,40.9428],[68.51765,40.942532],[68.523106,40.942693],[68.529861,40.943986],[68.540553,40.945761],[68.544993,40.945768],[68.548095,40.946504],[68.548749,40.946915],[68.550683,40.945264],[68.550778,40.944325],[68.550907,40.944212],[68.552166,40.943929],[68.552937,40.943134],[68.555262,40.942566],[68.556273,40.94062],[68.558741,40.938004],[68.562335,40.935923],[68.568141,40.934482],[68.573441,40.92784],[68.575237,40.926702],[68.577669,40.925598],[68.578927,40.92519],[68.581003,40.924896],[68.582105,40.92495],[68.582783,40.924506],[68.581445,40.922785],[68.580748,40.920736],[68.581986,40.917659],[68.581135,40.916904],[68.576713,40.906637],[68.576712,40.897219],[68.577188,40.896503],[68.586296,40.886046],[68.588681,40.877555],[68.590483,40.865336],[68.590319,40.864876],[68.58692,40.860175],[68.586623,40.85981],[68.586017,40.859613],[68.585767,40.8593],[68.58596,40.858846],[68.585359,40.858102],[68.584959,40.857194],[68.58337,40.856328],[68.580731,40.854478],[68.573653,40.851076],[68.56465,40.849075],[68.564062,40.848545],[68.562478,40.841511],[68.562334,40.835026],[68.562316,40.830899],[68.562441,40.829669],[68.562311,40.806746],[68.562386,40.805729],[68.56667,40.799482],[68.569349,40.795685],[68.573224,40.791076],[68.585074,40.781532],[68.585673,40.780806],[68.585858,40.780266],[68.583975,40.708834],[68.584416,40.708279],[68.585206,40.708146],[68.609089,40.707767],[68.618895,40.699976],[68.618879,40.697929],[68.634167,40.697677],[68.634249,40.700417],[68.635053,40.701048],[68.643764,40.694131],[68.643942,40.693719],[68.643974,40.692093],[68.643734,40.69172],[68.636264,40.686291],[68.646273,40.686064],[68.646365,40.682273],[68.651027,40.682178],[68.651242,40.682013],[68.651275,40.680317],[68.653622,40.680135],[68.648871,40.676607],[68.648669,40.676266],[68.647874,40.649578],[68.642672,40.645748],[68.642413,40.638132],[68.637223,40.634369],[68.627177,40.634477],[68.622422,40.631059],[68.622168,40.630328],[68.651887,40.614055],[68.654662,40.612239],[68.657476,40.609678],[68.659343,40.607411],[68.660184,40.606066],[68.663185,40.599435],[68.662105,40.59924],[68.641228,40.599495],[68.610513,40.577124],[68.581664,40.56869],[68.563139,40.579168],[68.557464,40.579006],[68.554327,40.579092],[68.55273,40.578875],[68.53531,40.579463],[68.53159,40.583356],[68.531407,40.583373],[68.526999,40.581956],[68.52327,40.581022],[68.51932,40.58089],[68.502163,40.579728],[68.492786,40.572517],[68.490689,40.57461],[68.48335,40.571295],[68.481549,40.571009],[68.476154,40.578311],[68.469589,40.587751],[68.468738,40.588643],[68.467478,40.589311],[68.465436,40.5899],[68.437081,40.59638],[68.435041,40.59703],[68.430714,40.600426],[68.419346,40.608732],[68.418326,40.609618],[68.41063,40.614974],[68.407061,40.615848],[68.405087,40.616006],[68.383736,40.617254],[68.371788,40.617189],[68.371053,40.617406],[68.354459,40.626273],[68.352912,40.626967],[68.297827,40.65654],[68.21739,40.687709],[68.198581,40.699849],[68.158667,40.72507],[68.128079,40.749133],[68.12522,40.751198],[68.120881,40.754745],[68.119821,40.75542],[68.117203,40.757625],[68.101951,40.769571],[68.096782,40.773444],[68.08796,40.780498],[68.085998,40.78183],[68.082477,40.784798],[68.081272,40.785509],[68.079535,40.787069],[68.075962,40.789731],[68.075315,40.790084],[68.073336,40.790628],[68.071691,40.790726],[68.067629,40.791463],[68.06042,40.793067],[68.055856,40.793773],[68.05029,40.794882],[68.041067,40.796802],[68.023376,40.800814],[68.007561,40.81085],[67.981896,40.828227],[67.976896,40.831768],[67.976112,40.832767],[67.975891,40.83334],[67.975906,40.833847],[67.976318,40.835578],[67.977167,40.837456],[67.979488,40.838003],[67.980002,40.838447],[67.981635,40.84053],[67.980519,40.843724],[67.97701,40.845057],[67.971549,40.851251],[67.971535,40.85167],[67.972428,40.853762],[67.972772,40.861919],[67.973435,40.861718],[67.973959,40.860993],[67.974869,40.861388],[67.980032,40.861333],[67.98764,40.860536],[67.992251,40.858687],[67.992153,40.859135],[67.993476,40.85994],[67.99479,40.860444],[67.99582,40.86051],[67.996821,40.860095],[67.999041,40.860018],[68.000967,40.860723],[68.002,40.860677],[68.002743,40.86017],[68.00612,40.860697],[68.008666,40.880317],[68.007847,40.883205],[68.006833,40.885579],[68.012097,40.889696],[68.012566,40.890566],[68.027214,40.898621],[68.02863,40.900147],[68.033011,40.900985],[68.033189,40.901103],[68.034323,40.903717],[68.039945,40.907608],[68.049264,40.90872],[68.049961,40.909024],[68.054303,40.912503],[68.054738,40.912681],[68.072469,40.916763],[68.073138,40.924657],[68.08108,40.923282],[68.088679,40.92561],[68.095611,40.935968],[68.096361,40.936342],[68.091376,40.941985],[68.084182,40.941805],[68.06312,40.945618],[68.063718,40.946039],[68.064136,40.946587],[68.06446,40.948551],[68.06644,40.950467],[68.071554,40.95332],[68.075059,40.949638],[68.082104,40.952945],[68.07569,40.96057],[68.081822,40.962921],[68.084142,40.963615],[68.083803,40.964582],[68.084386,40.966111],[68.087944,40.970089],[68.073992,40.98613],[68.078365,40.994179],[68.078768,40.994693],[68.08116,40.99598],[68.083655,40.997748],[68.082804,40.999335],[68.082275,41.00131],[68.074164,41.005322],[68.068237,41.008032],[68.057468,41.005769],[68.057527,41.005934],[68.055495,41.009158],[68.072498,41.020308],[68.081131,41.02616],[68.08213,41.026365],[68.088369,41.030713],[68.108488,41.034266],[68.110668,41.036275],[68.114076,41.035055],[68.126965,41.032307],[68.127487,41.038446],[68.126497,41.040847],[68.126685,41.044158],[68.126835,41.044573],[68.12609,41.04494],[68.118758,41.047014],[68.114672,41.054354],[68.112462,41.06095],[68.113303,41.062753],[68.112236,41.066934],[68.105585,41.066408],[68.101285,41.06784],[68.088485,41.074852],[68.085126,41.080222],[68.080059,41.08156],[68.071347,41.080084],[68.06831,41.077792],[68.063905,41.071926],[68.062831,41.068405],[68.060674,41.065303],[68.058777,41.06013],[68.05597,41.052234],[68.055016,41.047675],[68.051521,41.041704],[68.047686,41.041175],[68.041385,41.04434],[68.037193,41.043536],[68.032994,41.041467],[68.030617,41.039925],[68.029367,41.038873],[68.027301,41.038186],[68.024538,41.038093],[68.023579,41.036656],[68.025563,41.032769],[68.02571,41.031918],[68.025471,41.031533],[68.024251,41.025937],[68.023823,41.024676],[68.023775,41.023719],[68.024925,41.021117],[68.024134,41.01824],[68.020733,41.018188],[68.020449,41.020473],[68.01404,41.021729],[68.006351,41.022944],[68.00608,41.021464],[67.983256,41.02493],[67.982758,41.026096],[67.982448,41.028215],[67.982596,41.030472],[67.983159,41.033426],[67.985129,41.041592],[67.985354,41.047756],[67.985275,41.048939],[67.98541,41.049722],[67.985462,41.052696],[67.985205,41.053584],[67.985,41.056623],[67.984658,41.057477],[67.984181,41.060048],[67.984035,41.064254],[67.984212,41.065933],[67.984476,41.066693],[67.984387,41.066886],[67.985721,41.06994],[67.985951,41.074345],[67.985521,41.075603],[67.985846,41.077816],[67.986437,41.078745],[67.987601,41.081476],[67.987798,41.084344],[67.987719,41.085598],[67.987307,41.087736],[67.986964,41.092545],[67.985303,41.097312],[67.984231,41.099667],[67.984042,41.100779],[67.981189,41.107844],[67.979863,41.112189],[67.978228,41.116397],[67.977622,41.119297],[67.975762,41.123418],[67.975588,41.124537],[67.974374,41.127682],[67.974375,41.128027],[67.973924,41.12866],[67.973504,41.129994],[67.971992,41.133263],[67.971039,41.134827],[67.970581,41.13603],[67.969529,41.137949],[67.969512,41.138303],[67.96885,41.139427],[67.966384,41.146217],[67.965538,41.148967],[67.891758,41.152233],[67.866658,41.135465],[67.813274,41.157437],[67.73512,41.182039],[67.685223,41.170869],[67.569598,41.167376],[67.365089,41.126989],[67.312886,41.134819],[67.015723,41.137422],[66.999633,41.14077],[66.709152,41.142526],[66.645411,41.347682],[66.60668,41.49379],[66.533107,41.876947],[65.99871,41.937179],[66.001937,42.360736],[66.070676,42.337941],[66.095024,42.566158],[66.096693,42.938138],[65.844156,42.858255],[65.74182,42.999845],[65.559258,43.289475],[65.532129,43.315093],[65.49547,43.332914],[65.184862,43.495162],[65.002156,43.715397],[64.932263,43.735374],[64.723078,43.649387],[64.534861,43.570687],[63.857628,43.599258],[63.349076,43.650485],[62.242499,43.518554],[62.090519,43.509699],[62.0908,43.511071],[62.091583,43.511608],[62.092034,43.513405],[62.08771,43.514339],[62.085403,43.514113],[62.084599,43.513078],[62.086726,43.509435],[62.004055,43.505401],[61.927995,43.572042],[61.425448,43.999477],[61.138082,44.22485],[61.107596,44.360495],[61.066861,44.371739],[60.873053,44.480707],[60.583849,44.641821],[59.844881,44.984372],[59.097302,45.321844],[58.990284,45.369416],[58.587941,45.590678],[58.308436,45.530341],[58.035228,45.470562],[57.686308,45.393115],[57.44905,45.339542],[57.225865,45.288858],[57.018079,45.241155],[56.744106,45.177411],[56.357742,45.086319],[56.184548,45.044893],[55.99892,45.000136],[56.000527,44.452865],[55.99892,43.75327],[55.999012,41.64396]]],[[[70.552623,40.989498],[70.551195,40.989536],[70.550356,40.989911],[70.548733,40.991779],[70.549701,40.995271],[70.553467,40.999007],[70.555727,41.001962],[70.558621,41.004458],[70.564498,41.006601],[70.567095,41.005796],[70.572073,41.001326],[70.574144,40.99861],[70.586128,40.992516],[70.591192,40.986961],[70.604943,40.977543],[70.612156,40.973772],[70.61673,40.966551],[70.620568,40.960116],[70.627432,40.955921],[70.637909,40.944644],[70.652052,40.931606],[70.65672,40.926639],[70.664775,40.920328],[70.668615,40.917607],[70.671455,40.915361],[70.671643,40.914894],[70.671385,40.915115],[70.670719,40.915224],[70.670236,40.91499],[70.666234,40.914851],[70.662501,40.914461],[70.656662,40.918425],[70.64991,40.924801],[70.643338,40.930426],[70.642314,40.931959],[70.636136,40.93813],[70.630568,40.943112],[70.625023,40.949234],[70.621566,40.955091],[70.618486,40.958269],[70.61008,40.965946],[70.603599,40.972143],[70.599303,40.977403],[70.594415,40.980187],[70.586692,40.983883],[70.577404,40.989808],[70.575292,40.991301],[70.573103,40.992192],[70.56869,40.992137],[70.559735,40.991269],[70.558233,40.991354],[70.552623,40.989498]]]]}},{"type":"Feature","properties":{"kind":"border"},"geometry":{"type":"MultiLineString","coordinates":[[[71.819722,39.989955],[71.819931,39.989259],[71.822715,39.987727],[71.827518,39.985987],[71.829118,39.98557],[71.832494,39.985953],[71.837157,39.985605],[71.844605,39.985465],[71.84718,39.984978],[71.849616,39.984839],[71.851843,39.985048],[71.857689,39.985048],[71.858455,39.984909],[71.858872,39.984213],[71.857898,39.981985],[71.856645,39.97767],[71.856089,39.976487],[71.855184,39.971963],[71.854975,39.969318],[71.848432,39.961731],[71.847945,39.960687],[71.847806,39.953171],[71.847249,39.950108],[71.846066,39.947394],[71.84544,39.946419],[71.842385,39.946655],[71.839741,39.947706],[71.838688,39.949342],[71.837296,39.950526],[71.83392,39.952823],[71.83225,39.954145],[71.83065,39.95505],[71.826543,39.956303],[71.822576,39.956372],[71.820557,39.956163],[71.816311,39.956094],[71.81144,39.956303],[71.809491,39.956651],[71.803505,39.957347],[71.802461,39.957347],[71.800303,39.957834],[71.799051,39.958321],[71.797658,39.95853],[71.79557,39.960061],[71.793761,39.963123],[71.792717,39.964376],[71.79049,39.966256],[71.788715,39.966673],[71.787183,39.966603],[71.783634,39.965908],[71.781685,39.965072],[71.778483,39.962984],[71.777648,39.96194],[71.777579,39.958251],[71.777022,39.954771],[71.775908,39.952474],[71.775255,39.950336],[71.774253,39.949659],[71.772428,39.948786],[71.755167,39.936397],[71.753914,39.934865],[71.752383,39.934726],[71.750643,39.935005],[71.74946,39.934865],[71.747253,39.934312],[71.746259,39.933815],[71.7451,39.933733],[71.744437,39.934312],[71.743443,39.934726],[71.742532,39.936797],[71.742532,39.938039],[71.743278,39.939695],[71.744271,39.94102],[71.744603,39.942594],[71.745265,39.944167],[71.734664,39.944807],[71.729926,39.944248],[71.728031,39.94375],[71.727014,39.945699],[71.726919,39.948659],[71.727774,39.952615],[71.726894,39.953541],[71.725579,39.954182],[71.723627,39.9557],[71.722628,39.955935],[71.721112,39.955493],[71.720169,39.955023],[71.71951,39.953815],[71.719344,39.95249],[71.718682,39.952242],[71.716834,39.952191],[71.717056,39.953727],[71.71657,39.955969],[71.716818,39.95895],[71.716321,39.960192],[71.715327,39.961766],[71.714996,39.964499],[71.714499,39.966072],[71.711768,39.967866],[71.711175,39.969763],[71.710162,39.971376],[71.710294,39.972922],[71.708928,39.976056],[71.712475,39.97714],[71.715765,39.976928],[71.718844,39.97772],[71.72564,39.976029],[71.729444,39.976317],[71.736284,39.97535],[71.738723,39.977004],[71.741787,39.977584],[71.750495,39.977672],[71.754263,39.976522],[71.758717,39.976522],[71.762962,39.977357],[71.763728,39.977914],[71.764215,39.979166],[71.765816,39.981046],[71.767208,39.981603],[71.769018,39.981881],[71.77034,39.982577],[71.771418,39.982376],[71.772361,39.9826],[71.774233,39.983714],[71.774509,39.984199],[71.77449,39.985748],[71.774117,39.987191],[71.773189,39.987967],[71.775268,39.990735],[71.778449,39.992268],[71.784261,39.993589],[71.787015,39.994445],[71.788641,39.995221],[71.789357,39.996179],[71.790506,39.996626],[71.792096,39.998629],[71.793475,39.999283],[71.794564,40.000918],[71.796014,40.00178],[71.796139,40.002157],[71.79605,40.00249],[71.794976,40.003743],[71.79495,40.004735],[71.793556,40.0061],[71.793431,40.006819],[71.793002,40.007111],[71.792758,40.007553],[71.791114,40.009227],[71.789691,40.010346],[71.790711,40.010902],[71.791818,40.009234],[71.792855,40.008015],[71.793949,40.00784],[71.795082,40.007422],[71.7959,40.006501],[71.79604,40.006515],[71.796044,40.007001],[71.796192,40.007188],[71.796504,40.007186],[71.799925,40.00621],[71.801684,40.005437],[71.804742,40.005002],[71.806768,40.004411],[71.808017,40.003874],[71.812215,40.003601],[71.814672,40.00285],[71.815747,40.00227],[71.81759,40.000905],[71.818204,40.000256],[71.818539,39.999629],[71.820418,39.993504],[71.819722,39.99079],[71.819722,39.989955]],[[71.019208,40.120154],[71.016223,40.122608],[71.015673,40.124201],[71.015365,40.125856],[71.015421,40.127047],[71.015233,40.128151],[71.01503,40.12854],[71.014413,40.128692],[71.014032,40.129262],[71.014021,40.12975],[71.01423,40.130173],[71.009418,40.138441],[71.008705,40.141787],[71.008469,40.14383],[71.007568,40.146306],[71.001954,40.164373],[71.006368,40.169575],[71.005017,40.173517],[71.001645,40.176082],[70.999927,40.178845],[70.998472,40.18176],[70.998506,40.183154],[71.000352,40.184419],[71.003264,40.184136],[71.00686,40.183136],[71.011119,40.182287],[71.020097,40.179334],[71.022117,40.179077],[71.025299,40.178385],[71.029043,40.178067],[71.03729,40.178845],[71.039944,40.17679],[71.041261,40.176167],[71.041557,40.175337],[71.041891,40.174987],[71.042542,40.174925],[71.04398,40.175334],[71.045336,40.176925],[71.04517,40.177322],[71.043611,40.178384],[71.043836,40.179297],[71.042919,40.181004],[71.044699,40.181597],[71.043918,40.182902],[71.04411,40.183279],[71.046396,40.18419],[71.046696,40.183722],[71.04669,40.183046],[71.047736,40.181476],[71.047946,40.181451],[71.048113,40.181664],[71.048718,40.181111],[71.049147,40.180398],[71.050383,40.179245],[71.054353,40.176717],[71.057599,40.173805],[71.059823,40.171298],[71.060077,40.170095],[71.063183,40.168046],[71.06534,40.165542],[71.067398,40.161484],[71.070141,40.158705],[71.071503,40.156124],[71.073601,40.153918],[71.075842,40.150384],[71.077464,40.144337],[71.077603,40.141806],[71.078401,40.13737],[71.079328,40.135765],[71.081289,40.12967],[71.081621,40.127793],[71.082631,40.125784],[71.082631,40.125131],[71.082087,40.123536],[71.08207,40.122943],[71.083644,40.119893],[71.090206,40.111442],[71.090933,40.104709],[71.089709,40.097549],[71.090292,40.096147],[71.089624,40.087271],[71.094315,40.086615],[71.095231,40.085027],[71.0958,40.08119],[71.101376,40.079644],[71.101542,40.078925],[71.100211,40.078515],[71.100182,40.07773],[71.1024,40.075182],[71.102097,40.074314],[71.101939,40.070574],[71.102612,40.069018],[71.101782,40.066898],[71.10196,40.06605],[71.101782,40.06455],[71.102173,40.064093],[71.102695,40.062104],[71.102499,40.061256],[71.102369,40.058256],[71.10276,40.056168],[71.103934,40.054081],[71.104522,40.052255],[71.105957,40.049776],[71.107522,40.047884],[71.110001,40.045275],[71.111827,40.043644],[71.113001,40.041622],[71.11611,40.041496],[71.118153,40.036932],[71.118919,40.035],[71.119014,40.032317],[71.117693,40.03007],[71.118068,40.029528],[71.118053,40.029212],[71.119136,40.028503],[71.119015,40.026667],[71.11839,40.025271],[71.119482,40.024024],[71.119138,40.023454],[71.117882,40.023028],[71.117332,40.022309],[71.116943,40.02001],[71.118441,40.018513],[71.120392,40.017354],[71.12171,40.016284],[71.123741,40.016457],[71.125246,40.015832],[71.134491,40.018082],[71.141074,40.026131],[71.144426,40.027088],[71.149714,40.026725],[71.152314,40.025525],[71.157678,40.025785],[71.166819,40.028308],[71.176867,40.027298],[71.182176,40.027955],[71.186856,40.032734],[71.193842,40.034545],[71.201335,40.036796],[71.206712,40.037437],[71.204016,40.02922],[71.202292,40.028174],[71.201163,40.026788],[71.200012,40.023688],[71.197651,40.021848],[71.196233,40.016408],[71.187007,40.010628],[71.186956,40.007882],[71.185975,40.006489],[71.184649,40.005465],[71.182985,40.004787],[71.183751,40.004235],[71.183455,40.00407],[71.183889,40.00368],[71.183737,40.003189],[71.185918,40.002833],[71.185822,40.002524],[71.186053,40.001506],[71.184809,40.001017],[71.181839,40.000316],[71.177254,40.000183],[71.173493,39.999814],[71.170726,39.998293],[71.167097,39.997954],[71.165094,39.99837],[71.159146,39.999041],[71.157954,39.999393],[71.155092,39.999004],[71.152268,39.999185],[71.148464,39.99985],[71.146459,40.000857],[71.144962,40.001059],[71.144843,40.000665],[71.147422,39.999085],[71.148684,39.998038],[71.150151,39.997437],[71.151233,39.996591],[71.157269,39.994335],[71.16112,39.991724],[71.162906,39.990924],[71.165034,39.988928],[71.167571,39.987335],[71.168313,39.986207],[71.168212,39.984689],[71.167623,39.983008],[71.166758,39.981889],[71.164956,39.978442],[71.16462,39.976354],[71.164798,39.974315],[71.16548,39.971998],[71.165002,39.970801],[71.164151,39.969841],[71.165689,39.955592],[71.171744,39.95611],[71.174855,39.956192],[71.178626,39.9561],[71.180169,39.955873],[71.185096,39.955577],[71.182543,39.953257],[71.189067,39.951013],[71.191828,39.952234],[71.195034,39.952211],[71.196219,39.952652],[71.197086,39.952419],[71.19862,39.952758],[71.203373,39.952075],[71.20438,39.952962],[71.206659,39.953529],[71.207925,39.953301],[71.209178,39.953442],[71.212422,39.952368],[71.21458,39.952187],[71.215071,39.951579],[71.215314,39.950324],[71.210755,39.949245],[71.205593,39.947229],[71.205937,39.946542],[71.20592,39.945862],[71.206287,39.945684],[71.206178,39.945061],[71.206279,39.944423],[71.206682,39.943138],[71.206753,39.942163],[71.207221,39.940832],[71.207097,39.940381],[71.207392,39.939915],[71.207379,39.939181],[71.209316,39.938982],[71.209509,39.938835],[71.212451,39.938268],[71.212929,39.938037],[71.214231,39.936857],[71.22128,39.933598],[71.224289,39.931594],[71.225179,39.930514],[71.22556,39.929306],[71.224925,39.928289],[71.224988,39.9274],[71.225688,39.926828],[71.226355,39.925065],[71.226017,39.924268],[71.225942,39.923488],[71.224162,39.923364],[71.223146,39.923587],[71.221945,39.923323],[71.220714,39.923599],[71.218951,39.924286],[71.217794,39.924301],[71.217609,39.923992],[71.218515,39.922648],[71.217299,39.922189],[71.215075,39.921871],[71.213274,39.922344],[71.214737,39.920903],[71.214832,39.918959],[71.217993,39.915225],[71.217266,39.914589],[71.216773,39.913799],[71.215665,39.912929],[71.212929,39.914427],[71.205872,39.914051],[71.205432,39.913054],[71.203551,39.912762],[71.198509,39.913065],[71.196518,39.91128],[71.194198,39.90823],[71.198827,39.906593],[71.201277,39.90442],[71.201534,39.902955],[71.144822,39.899646],[71.131582,39.900353],[71.133299,39.903232],[71.133535,39.904763],[71.134114,39.905432],[71.135037,39.908068],[71.13355,39.910206],[71.131472,39.910371],[71.129071,39.912613],[71.128155,39.913761],[71.127663,39.914934],[71.126583,39.915519],[71.126653,39.916644],[71.125284,39.919068],[71.123634,39.919328],[71.123469,39.920455],[71.123156,39.920494],[71.122536,39.921343],[71.121755,39.921153],[71.120025,39.922691],[71.118925,39.92251],[71.118688,39.922179],[71.117324,39.921861],[71.115559,39.920712],[71.113597,39.92066],[71.112095,39.919955],[71.111648,39.918527],[71.109505,39.917423],[71.108552,39.916546],[71.107255,39.914971],[71.105472,39.915682],[71.104325,39.915601],[71.104912,39.914469],[71.104906,39.913564],[71.106561,39.912383],[71.107845,39.911978],[71.108398,39.910686],[71.108578,39.908817],[71.108185,39.907912],[71.107842,39.906012],[71.103877,39.907356],[71.10403,39.907804],[71.103244,39.908028],[71.103675,39.910451],[71.103687,39.912531],[71.101758,39.913238],[71.101725,39.913671],[71.101226,39.914652],[71.10014,39.914475],[71.098343,39.913782],[71.098892,39.91327],[71.099086,39.912466],[71.098902,39.91192],[71.098098,39.911112],[71.097767,39.911012],[71.097538,39.910138],[71.097286,39.905586],[71.097627,39.904355],[71.097554,39.903867],[71.097878,39.902874],[71.097843,39.902475],[71.097693,39.902245],[71.096779,39.90206],[71.096146,39.901385],[71.096018,39.900728],[71.095316,39.899614],[71.094804,39.898034],[71.0963,39.896948],[71.096367,39.89635],[71.095815,39.895142],[71.095793,39.894836],[71.096061,39.894429],[71.096669,39.89393],[71.09809,39.893803],[71.098659,39.893417],[71.099032,39.892661],[71.098968,39.891933],[71.098512,39.891611],[71.099218,39.890559],[71.098412,39.889267],[71.098619,39.888841],[71.099411,39.888481],[71.098632,39.887024],[71.097711,39.885784],[71.097407,39.886201],[71.095631,39.892164],[71.092071,39.899799],[71.084329,39.899362],[71.078502,39.899391],[71.073607,39.900009],[71.070422,39.899672],[71.068876,39.899065],[71.069916,39.895763],[71.066783,39.895298],[71.063519,39.897426],[71.06145,39.89768],[71.060772,39.897967],[71.060429,39.897802],[71.058304,39.898181],[71.05575,39.896441],[71.054801,39.896471],[71.05456,39.897219],[71.056012,39.899394],[71.058429,39.900663],[71.057106,39.902168],[71.059192,39.904527],[71.056008,39.906502],[71.05652,39.907001],[71.057469,39.908985],[71.064836,39.916856],[71.072173,39.91775],[71.07625,39.917868],[71.07826,39.919844],[71.079045,39.92092],[71.079172,39.923348],[71.080715,39.925296],[71.078718,39.927472],[71.078703,39.929184],[71.079475,39.93056],[71.081046,39.932085],[71.079746,39.935322],[71.08176,39.936078],[71.083581,39.938543],[71.085331,39.943053],[71.08683,39.944939],[71.088801,39.946755],[71.090135,39.947291],[71.09057,39.949198],[71.09227,39.949959],[71.095283,39.950723],[71.096236,39.951167],[71.101292,39.950798],[71.102718,39.953296],[71.103925,39.953169],[71.104625,39.953423],[71.105769,39.954313],[71.111234,39.957745],[71.113712,39.95838],[71.115428,39.959016],[71.120067,39.959524],[71.120136,39.959898],[71.119221,39.960204],[71.118372,39.960928],[71.119165,39.962148],[71.118762,39.963091],[71.117791,39.96348],[71.117395,39.963874],[71.117431,39.964626],[71.117987,39.966761],[71.117896,39.967008],[71.11732,39.967321],[71.117488,39.967789],[71.118125,39.967634],[71.118161,39.968231],[71.115273,39.970001],[71.113,39.969304],[71.109915,39.96731],[71.108014,39.966956],[71.107534,39.967805],[71.106115,39.968545],[71.104833,39.968419],[71.104185,39.969452],[71.102848,39.969339],[71.101486,39.970103],[71.09821,39.972734],[71.098473,39.974268],[71.099219,39.975547],[71.098731,39.977449],[71.100334,39.981434],[71.098518,39.982162],[71.094578,39.984516],[71.091969,39.986704],[71.089941,39.990353],[71.090275,39.991033],[71.092137,39.992348],[71.092709,39.993174],[71.093345,39.995652],[71.096204,39.996987],[71.098577,39.998366],[71.100294,39.998316],[71.102364,39.998821],[71.102586,39.99749],[71.103449,39.99508],[71.104085,39.993873],[71.106767,39.990617],[71.109452,39.991764],[71.111574,39.992357],[71.111758,39.99278],[71.113032,39.992993],[71.114084,39.993465],[71.11486,39.99344],[71.115131,39.995303],[71.115019,39.997341],[71.113546,39.999207],[71.114368,40.00203],[71.114521,40.005703],[71.112773,40.00953],[71.110696,40.01467],[71.109956,40.018082],[71.108234,40.01823],[71.109853,40.020303],[71.109935,40.021958],[71.106968,40.021441],[71.103912,40.019461],[71.100355,40.019969],[71.093276,40.019609],[71.08705,40.022662],[71.082446,40.023423],[71.069593,40.024784],[71.065787,40.024891],[71.046831,40.022837],[71.03372,40.030055],[71.01358,40.042727],[71.010087,40.04968],[71.00842,40.055096],[71.00543,40.077336],[71.004962,40.081814],[71.014614,40.093061],[71.019208,40.120154]],[[71.659718,40.205568],[71.660129,40.205988],[71.660754,40.207235],[71.660698,40.20795],[71.668569,40.204315],[71.668796,40.203469],[71.670161,40.202934],[71.670089,40.202493],[71.670293,40.201989],[71.670614,40.201966],[71.670668,40.201513],[71.671167,40.201445],[71.671246,40.201025],[71.67213,40.200712],[71.671951,40.199435],[71.672135,40.197946],[71.671347,40.198038],[71.671088,40.197797],[71.668742,40.197687],[71.667672,40.198507],[71.667064,40.198686],[71.666597,40.198566],[71.665806,40.198866],[71.665667,40.199594],[71.664295,40.200111],[71.661957,40.200682],[71.66149,40.201144],[71.660397,40.201135],[71.660527,40.201301],[71.660246,40.203187],[71.659558,40.204478],[71.659718,40.205568]],[[71.026172,40.238006],[71.025775,40.238863],[71.025145,40.239557],[71.023705,40.240182],[71.023961,40.241537],[71.023878,40.242411],[71.024473,40.243654],[71.02512,40.244402],[71.025748,40.245582],[71.026295,40.246029],[71.027663,40.246462],[71.027904,40.24738],[71.027552,40.248125],[71.028343,40.249785],[71.029023,40.251991],[71.031442,40.254801],[71.031791,40.25549],[71.033614,40.256634],[71.036085,40.259954],[71.041884,40.259401],[71.042597,40.259072],[71.044077,40.258712],[71.045687,40.257598],[71.046852,40.255979],[71.04522,40.254609],[71.045577,40.254113],[71.045451,40.253764],[71.042927,40.251807],[71.043346,40.248893],[71.042711,40.248139],[71.041679,40.247818],[71.040973,40.247172],[71.040863,40.245567],[71.040022,40.244339],[71.03998,40.243761],[71.040589,40.242232],[71.042167,40.24032],[71.042747,40.233145],[71.042768,40.230819],[71.042318,40.228427],[71.039936,40.226576],[71.037217,40.225231],[71.035156,40.225297],[71.032941,40.229656],[71.031954,40.234079],[71.029183,40.235109],[71.028152,40.235656],[71.026744,40.237519],[71.026172,40.238006]],[[56.000527,44.452865],[55.99892,45.000136],[56.184548,45.044893],[56.357742,45.086319],[56.744106,45.177411],[57.018079,45.241155],[57.225865,45.288858],[57.44905,45.339542],[57.686308,45.393115],[58.035228,45.470562],[58.308436,45.530341],[58.587941,45.590678],[58.990284,45.369416],[59.097302,45.321844],[59.844881,44.984372],[60.583849,44.641821],[60.873053,44.480707],[61.066861,44.371739],[61.107596,44.360495],[61.138082,44.22485],[61.425448,43.999477],[61.927995,43.572042],[62.004055,43.505401],[62.086726,43.509435],[62.084599,43.513078],[62.085403,43.514113],[62.08771,43.514339],[62.092034,43.513405],[62.091583,43.511608],[62.0908,43.511071],[62.090519,43.509699],[62.242499,43.518554],[63.349076,43.650485],[63.857628,43.599258],[64.534861,43.570687],[64.723078,43.649387],[64.932263,43.735374],[65.002156,43.715397],[65.184862,43.495162],[65.49547,43.332914],[65.532129,43.315093],[65.559258,43.289475],[65.74182,42.999845],[65.844156,42.858255],[66.096693,42.938138],[66.095024,42.566158],[66.070676,42.337941],[66.001937,42.360736],[65.99871,41.937179],[66.533107,41.876947],[66.60668,41.49379],[66.645411,41.347682],[66.709152,41.142526],[66.999633,41.14077],[67.015723,41.137422],[67.312886,41.134819],[67.365089,41.126989],[67.569598,41.167376],[67.685223,41.170869],[67.73512,41.182039],[67.813274,41.157437],[67.866658,41.135465],[67.891758,41.152233],[67.965538,41.148967],[67.966384,41.146217],[67.96885,41.139427],[67.969512,41.138303],[67.969529,41.137949],[67.970581,41.13603],[67.971039,41.134827],[67.971992,41.133263],[67.973504,41.129994],[67.973924,41.12866],[67.974375,41.128027],[67.974374,41.127682],[67.975588,41.124537],[67.975762,41.123418],[67.977622,41.119297],[67.978228,41.116397],[67.979863,41.112189],[67.981189,41.107844],[67.984042,41.100779],[67.984231,41.099667],[67.985303,41.097312],[67.986964,41.092545],[67.987307,41.087736],[67.987719,41.085598],[67.987798,41.084344],[67.987601,41.081476],[67.986437,41.078745],[67.985846,41.077816],[67.985521,41.075603],[67.985951,41.074345],[67.985721,41.06994],[67.984387,41.066886],[67.984476,41.066693],[67.984212,41.065933],[67.984035,41.064254],[67.984181,41.060048],[67.984658,41.057477],[67.985,41.056623],[67.985205,41.053584],[67.985462,41.052696],[67.98541,41.049722],[67.985275,41.048939],[67.985354,41.047756],[67.985129,41.041592],[67.983159,41.033426],[67.982596,41.030472],[67.982448,41.028215],[67.982758,41.026096],[67.983256,41.02493],[68.00608,41.021464],[68.006351,41.022944],[68.01404,41.021729],[68.020449,41.020473],[68.020733,41.018188],[68.024134,41.01824],[68.024925,41.021117],[68.023775,41.023719],[68.023823,41.024676],[68.024251,41.025937],[68.025471,41.031533],[68.02571,41.031918],[68.025563,41.032769],[68.023579,41.036656],[68.024538,41.038093],[68.027301,41.038186],[68.029367,41.038873],[68.030617,41.039925],[68.032994,41.041467],[68.037193,41.043536],[68.041385,41.04434],[68.047686,41.041175],[68.051521,41.041704],[68.055016,41.047675],[68.05597,41.052234],[68.058777,41.06013],[68.060674,41.065303],[68.062831,41.068405],[68.063905,41.071926],[68.06831,41.077792],[68.071347,41.080084],[68.080059,41.08156],[68.085126,41.080222],[68.088485,41.074852],[68.101285,41.06784],[68.105585,41.066408],[68.112236,41.066934],[68.113303,41.062753],[68.112462,41.06095],[68.114672,41.054354],[68.118758,41.047014],[68.12609,41.04494],[68.126835,41.044573],[68.126685,41.044158],[68.126497,41.040847],[68.127487,41.038446],[68.126965,41.032307],[68.114076,41.035055],[68.110668,41.036275],[68.108488,41.034266],[68.088369,41.030713],[68.08213,41.026365],[68.081131,41.02616],[68.072498,41.020308],[68.055495,41.009158],[68.057527,41.005934],[68.057468,41.005769],[68.068237,41.008032],[68.074164,41.005322],[68.082275,41.00131],[68.082804,40.999335],[68.083655,40.997748],[68.08116,40.99598],[68.078768,40.994693],[68.078365,40.994179],[68.073992,40.98613],[68.087944,40.970089],[68.084386,40.966111],[68.083803,40.964582],[68.084142,40.963615],[68.081822,40.962921],[68.07569,40.96057],[68.082104,40.952945],[68.075059,40.949638],[68.071554,40.95332],[68.06644,40.950467],[68.06446,40.948551],[68.064136,40.946587],[68.063718,40.946039],[68.06312,40.945618],[68.084182,40.941805],[68.091376,40.941985],[68.096361,40.936342],[68.095611,40.935968],[68.088679,40.92561],[68.08108,40.923282],[68.073138,40.924657],[68.072469,40.916763],[68.054738,40.912681],[68.054303,40.912503],[68.049961,40.909024],[68.049264,40.90872],[68.039945,40.907608],[68.034323,40.903717],[68.033189,40.901103],[68.033011,40.900985],[68.02863,40.900147],[68.027214,40.898621],[68.012566,40.890566],[68.012097,40.889696],[68.006833,40.885579],[68.007847,40.883205],[68.008666,40.880317],[68.00612,40.860697],[68.002743,40.86017],[68.002,40.860677],[68.000967,40.860723],[67.999041,40.860018],[67.996821,40.860095],[67.99582,40.86051],[67.99479,40.860444],[67.993476,40.85994],[67.992153,40.859135],[67.992251,40.858687],[67.98764,40.860536],[67.980032,40.861333],[67.974869,40.861388],[67.973959,40.860993],[67.973435,40.861718],[67.972772,40.861919],[67.972428,40.853762],[67.971535,40.85167],[67.971549,40.851251],[67.97701,40.845057],[67.980519,40.843724],[67.981635,40.84053],[67.980002,40.838447],[67.979488,40.838003],[67.977167,40.837456],[67.976318,40.835578],[67.975906,40.833847],[67.975891,40.83334],[67.976112,40.832767],[67.976896,40.831768],[67.981896,40.828227],[68.007561,40.81085],[68.023376,40.800814],[68.041067,40.796802],[68.05029,40.794882],[68.055856,40.793773],[68.06042,40.793067],[68.067629,40.791463],[68.071691,40.790726],[68.073336,40.790628],[68.075315,40.790084],[68.075962,40.789731],[68.079535,40.787069],[68.081272,40.785509],[68.082477,40.784798],[68.085998,40.78183],[68.08796,40.780498],[68.096782,40.773444],[68.101951,40.769571],[68.117203,40.757625],[68.119821,40.75542],[68.120881,40.754745],[68.12522,40.751198],[68.128079,40.749133],[68.158667,40.72507],[68.198581,40.699849],[68.21739,40.687709],[68.297827,40.65654],[68.352912,40.626967],[68.354459,40.626273],[68.371053,40.617406],[68.371788,40.617189],[68.383736,40.617254],[68.405087,40.616006],[68.407061,40.615848],[68.41063,40.614974],[68.418326,40.609618],[68.419346,40.608732],[68.430714,40.600426],[68.435041,40.59703],[68.437081,40.59638],[68.465436,40.5899],[68.467478,40.589311],[68.468738,40.588643],[68.469589,40.587751],[68.476154,40.578311],[68.481549,40.571009],[68.48335,40.571295],[68.490689,40.57461],[68.492786,40.572517],[68.502163,40.579728],[68.51932,40.58089],[68.52327,40.581022],[68.526999,40.581956],[68.531407,40.583373],[68.53159,40.583356],[68.53531,40.579463],[68.55273,40.578875],[68.554327,40.579092],[68.557464,40.579006],[68.563139,40.579168],[68.581664,40.56869],[68.610513,40.577124],[68.641228,40.599495],[68.662105,40.59924],[68.663185,40.599435],[68.660184,40.606066],[68.659343,40.607411],[68.657476,40.609678],[68.654662,40.612239],[68.651887,40.614055],[68.622168,40.630328],[68.622422,40.631059],[68.627177,40.634477],[68.637223,40.634369],[68.642413,40.638132],[68.642672,40.645748],[68.647874,40.649578],[68.648669,40.676266],[68.648871,40.676607],[68.653622,40.680135],[68.651275,40.680317],[68.651242,40.682013],[68.651027,40.682178],[68.646365,40.682273],[68.646273,40.686064],[68.636264,40.686291],[68.643734,40.69172],[68.643974,40.692093],[68.643942,40.693719],[68.643764,40.694131],[68.635053,40.701048],[68.634249,40.700417],[68.634167,40.697677],[68.618879,40.697929],[68.618895,40.699976],[68.609089,40.707767],[68.585206,40.708146],[68.584416,40.708279],[68.583975,40.708834],[68.585858,40.780266],[68.585673,40.780806],[68.585074,40.781532],[68.573224,40.791076],[68.569349,40.795685],[68.56667,40.799482],[68.562386,40.805729],[68.562311,40.806746],[68.562441,40.829669],[68.562316,40.830899],[68.562334,40.835026],[68.562478,40.841511],[68.564062,40.848545],[68.56465,40.849075],[68.573653,40.851076],[68.580731,40.854478],[68.58337,40.856328],[68.584959,40.857194],[68.585359,40.858102],[68.58596,40.858846],[68.585767,40.8593],[68.586017,40.859613],[68.586623,40.85981],[68.58692,40.860175],[68.590319,40.864876],[68.590483,40.865336],[68.588681,40.877555],[68.586296,40.886046],[68.577188,40.896503],[68.576712,40.897219],[68.576713,40.906637],[68.581135,40.916904],[68.581986,40.917659],[68.580748,40.920736],[68.581445,40.922785],[68.582783,40.924506],[68.582105,40.92495],[68.581003,40.924896],[68.578927,40.92519],[68.577669,40.925598],[68.575237,40.926702],[68.573441,40.92784],[68.568141,40.934482],[68.562335,40.935923],[68.558741,40.938004],[68.556273,40.94062],[68.555262,40.942566],[68.552937,40.943134],[68.552166,40.943929],[68.550907,40.944212],[68.550778,40.944325],[68.550683,40.945264],[68.548749,40.946915],[68.548095,40.946504],[68.544993,40.945768],[68.540553,40.945761],[68.529861,40.943986],[68.523106,40.942693],[68.51765,40.942532],[68.517517,40.9428],[68.517637,40.947816],[68.51983,40.950475],[68.520271,40.950757],[68.518775,40.950989],[68.517641,40.951368],[68.515974,40.952485],[68.515746,40.953055],[68.515804,40.954118],[68.516079,40.954615],[68.516557,40.955038],[68.516923,40.956056],[68.51696,40.956606],[68.515858,40.957593],[68.514877,40.958905],[68.514812,40.959589],[68.514971,40.960612],[68.514022,40.962502],[68.513401,40.962632],[68.510106,40.961269],[68.511016,40.964089],[68.509467,40.972568],[68.509593,40.972901],[68.506558,40.972782],[68.5066,40.973027],[68.5002,40.972784],[68.498328,40.973326],[68.498183,40.973444],[68.497251,40.979136],[68.498163,40.981165],[68.500078,40.983198],[68.501596,40.985381],[68.502444,40.987118],[68.503066,40.988912],[68.503056,40.989296],[68.503887,40.990511],[68.50423,40.992455],[68.504091,40.996969],[68.504381,40.999884],[68.506655,41.003139],[68.513299,41.0098],[68.515944,41.011168],[68.515842,41.011326],[68.519012,41.014949],[68.522354,41.017163],[68.522148,41.017327],[68.526521,41.020325],[68.533276,41.014381],[68.536285,41.012785],[68.53952,41.011853],[68.543286,41.01133],[68.546986,41.010436],[68.553011,41.007865],[68.557239,41.007178],[68.55981,41.007161],[68.562864,41.007814],[68.564507,41.008369],[68.567878,41.009839],[68.570896,41.011601],[68.573546,41.013824],[68.574954,41.015548],[68.577505,41.019513],[68.57865,41.020841],[68.583473,41.025041],[68.586039,41.026873],[68.589539,41.028847],[68.592468,41.029881],[68.595291,41.030549],[68.598299,41.031057],[68.600829,41.031288],[68.604574,41.031227],[68.605776,41.031016],[68.60745,41.030466],[68.608608,41.029608],[68.609402,41.028782],[68.609929,41.027118],[68.609904,41.025944],[68.609182,41.023188],[68.609323,41.020513],[68.608756,41.014292],[68.609403,41.011907],[68.617095,41.003664],[68.619428,41.001768],[68.626334,40.998242],[68.628523,40.997347],[68.630756,40.996883],[68.633242,40.996653],[68.636465,40.996923],[68.638359,40.99687],[68.642968,40.996206],[68.648812,40.996431],[68.654828,40.996008],[68.662192,40.994921],[68.668603,40.992201],[68.670708,40.990863],[68.67325,40.988386],[68.673917,40.987395],[68.674192,40.986564],[68.674116,40.984913],[68.673827,40.984069],[68.672625,40.982473],[68.670396,40.980882],[68.667207,40.979436],[68.656324,40.976037],[68.654016,40.975674],[68.650789,40.975416],[68.642267,40.975139],[68.638663,40.974686],[68.635364,40.973906],[68.633421,40.973304],[68.630981,40.971997],[68.628661,40.969615],[68.627839,40.968503],[68.627344,40.967638],[68.626946,40.966142],[68.627175,40.963938],[68.62761,40.96262],[68.628587,40.960525],[68.635449,40.95015],[68.636336,40.949058],[68.640399,40.944821],[68.642561,40.943339],[68.644121,40.942739],[68.646317,40.942445],[68.649261,40.94249],[68.650888,40.943028],[68.655543,40.946374],[68.659706,40.951266],[68.664186,40.955523],[68.665707,40.957206],[68.668028,40.958512],[68.673035,40.960436],[68.676638,40.962347],[68.677438,40.962604],[68.678435,40.962728],[68.680844,40.962459],[68.684175,40.961411],[68.684413,40.961721],[68.684117,40.962116],[68.684151,40.964019],[68.689879,40.965041],[68.691178,40.965433],[68.69211,40.965974],[68.693777,40.966539],[68.694913,40.966515],[68.696557,40.966083],[68.697241,40.966611],[68.697661,40.96732],[68.700008,40.966621],[68.701067,40.966006],[68.702156,40.965763],[68.7046,40.966964],[68.708405,40.965777],[68.711421,40.964314],[68.711909,40.964751],[68.713488,40.965376],[68.716973,40.967374],[68.719726,40.968627],[68.719986,40.968656],[68.721076,40.967838],[68.726531,40.969529],[68.728572,40.969653],[68.729315,40.970281],[68.730379,40.9708],[68.731025,40.97159],[68.732531,40.972205],[68.732749,40.972486],[68.732971,40.973555],[68.734057,40.974253],[68.73485,40.974633],[68.735125,40.974605],[68.736252,40.973733],[68.73684,40.973916],[68.736961,40.974311],[68.73627,40.975193],[68.73642,40.975848],[68.736868,40.976046],[68.737923,40.975933],[68.738418,40.976229],[68.73868,40.97716],[68.740286,40.979395],[68.741342,40.979868],[68.741575,40.979677],[68.741351,40.979021],[68.741398,40.978711],[68.741715,40.978556],[68.742145,40.978718],[68.742416,40.979191],[68.742145,40.979995],[68.741174,40.980552],[68.741155,40.980954],[68.741594,40.981489],[68.742369,40.981355],[68.742743,40.980939],[68.744097,40.980023],[68.745974,40.981066],[68.749066,40.981419],[68.749561,40.98168],[68.749617,40.982075],[68.748748,40.982378],[68.748618,40.982702],[68.748702,40.982977],[68.749579,40.9839],[68.749635,40.984182],[68.749102,40.984471],[68.748084,40.98426],[68.747057,40.984852],[68.747132,40.985296],[68.74815,40.986177],[68.748949,40.98732],[68.748702,40.987599],[68.747899,40.987712],[68.747553,40.98798],[68.747591,40.98822],[68.748627,40.988798],[68.748758,40.989108],[68.748506,40.9897],[68.747749,40.989989],[68.747619,40.990173],[68.749188,40.991054],[68.750355,40.990927],[68.750654,40.991089],[68.750411,40.991865],[68.750529,40.992267],[68.751159,40.992824],[68.750953,40.993677],[68.751429,40.993888],[68.752476,40.99398],[68.753942,40.993832],[68.75467,40.993973],[68.754839,40.994269],[68.754745,40.9946],[68.75411,40.995897],[68.754166,40.996257],[68.7544,40.996468],[68.755763,40.996651],[68.756707,40.997096],[68.758051,40.997067],[68.75822,40.997265],[68.758145,40.997645],[68.756679,40.998787],[68.755306,40.999069],[68.75538,40.999464],[68.755894,40.999873],[68.755875,41.000317],[68.755483,41.000648],[68.75411,41.00117],[68.75346,41.002242],[68.752618,41.002625],[68.752524,41.003119],[68.75287,41.003619],[68.753468,41.003979],[68.755149,41.003704],[68.755308,41.003817],[68.75556,41.004677],[68.755905,41.004832],[68.756475,41.003528],[68.757017,41.003429],[68.758091,41.004176],[68.758455,41.004895],[68.759286,41.005085],[68.760809,41.005811],[68.761052,41.006016],[68.761136,41.006361],[68.760781,41.006671],[68.756765,41.007827],[68.756606,41.008039],[68.75669,41.008328],[68.758203,41.009195],[68.757885,41.010202],[68.757857,41.010928],[68.757418,41.01109],[68.756298,41.010146],[68.755905,41.010076],[68.75555,41.010449],[68.755513,41.011654],[68.754869,41.011971],[68.753804,41.011302],[68.753393,41.011281],[68.753122,41.011492],[68.747455,41.005678],[68.746796,41.005491],[68.742342,41.00581],[68.733086,41.014794],[68.721854,41.028653],[68.721523,41.028914],[68.716439,41.030036],[68.713913,41.03103],[68.71283,41.032303],[68.712746,41.032584],[68.713555,41.034654],[68.713697,41.03593],[68.714367,41.037254],[68.716066,41.03984],[68.717667,41.04318],[68.720083,41.047407],[68.721211,41.048866],[68.721951,41.050258],[68.726028,41.053166],[68.738711,41.063232],[68.741948,41.066382],[68.746687,41.07039],[68.755444,41.077669],[68.76335,41.083935],[68.766748,41.087783],[68.768031,41.088987],[68.774584,41.092984],[68.779286,41.096278],[68.779888,41.09623],[68.780299,41.096722],[68.782976,41.098589],[68.783733,41.099357],[68.78434,41.099582],[68.78449,41.09935],[68.78505,41.099877],[68.785442,41.100905],[68.786843,41.102608],[68.787637,41.103312],[68.790794,41.105705],[68.791625,41.10605],[68.793082,41.106972],[68.80281,41.114615],[68.803267,41.115438],[68.808001,41.117591],[68.808877,41.1182],[68.815332,41.120858],[68.82831,41.128164],[68.836567,41.133869],[68.837419,41.134141],[68.840073,41.134208],[68.841648,41.134864],[68.849966,41.139387],[68.852316,41.140962],[68.859565,41.142956],[68.859657,41.143905],[68.864165,41.14718],[68.870304,41.151011],[68.875048,41.15523],[68.881815,41.159605],[68.885859,41.160376],[68.895835,41.164243],[68.902936,41.167754],[68.905161,41.169366],[68.911735,41.172094],[68.913216,41.172995],[68.913632,41.173489],[68.913782,41.174446],[68.913612,41.175162],[68.913674,41.175611],[68.914824,41.177829],[68.914383,41.178993],[68.914352,41.179461],[68.913899,41.179982],[68.914028,41.180161],[68.914458,41.180101],[68.914695,41.180289],[68.915119,41.181169],[68.91511,41.181937],[68.915483,41.182323],[68.918544,41.181824],[68.925865,41.182927],[68.931942,41.18277],[68.932165,41.182882],[68.93307,41.185419],[68.93358,41.186352],[68.93532,41.187749],[68.935742,41.188445],[68.936798,41.189071],[68.937826,41.191002],[68.938558,41.191555],[68.940874,41.191622],[68.943364,41.193475],[68.953692,41.196565],[68.955987,41.197693],[68.956523,41.197762],[68.959085,41.198935],[68.959681,41.199331],[68.960422,41.199368],[68.964747,41.201263],[68.965345,41.201085],[68.971961,41.204852],[68.977762,41.206996],[68.978572,41.207826],[68.978739,41.208213],[68.980547,41.209397],[68.981102,41.209591],[68.984001,41.209967],[68.98486,41.210817],[68.98634,41.210669],[68.986584,41.210856],[68.987977,41.213397],[68.988217,41.213593],[68.989336,41.213895],[68.991595,41.214105],[68.991966,41.214611],[68.991685,41.215913],[68.991885,41.216834],[68.992787,41.217434],[68.993171,41.217819],[68.993499,41.218527],[68.994511,41.219438],[68.995369,41.220804],[68.995498,41.221623],[68.997326,41.225091],[68.997374,41.225561],[68.996788,41.227722],[68.995438,41.229283],[68.99369,41.230495],[68.993631,41.230822],[68.998462,41.236975],[69.000407,41.238461],[69.001194,41.238884],[69.002252,41.236989],[69.002775,41.236574],[69.002878,41.235977],[69.0037,41.235465],[69.004559,41.23458],[69.005091,41.23314],[69.005502,41.232922],[69.00681,41.23288],[69.007389,41.232592],[69.0078,41.231728],[69.009117,41.230745],[69.00922,41.23026],[69.009883,41.229747],[69.0102,41.228623],[69.011125,41.228019],[69.011443,41.227633],[69.011891,41.227513],[69.012619,41.22764],[69.013161,41.227268],[69.014123,41.226994],[69.016486,41.226987],[69.017738,41.226389],[69.018336,41.225912],[69.019821,41.225722],[69.020362,41.225244],[69.020717,41.225237],[69.020969,41.225041],[69.021838,41.224872],[69.022651,41.224963],[69.023482,41.224514],[69.024266,41.224507],[69.024677,41.224345],[69.026835,41.224331],[69.027399,41.224195],[69.029453,41.224663],[69.030088,41.22506],[69.028903,41.227981],[69.027158,41.228541],[69.02647,41.230951],[69.027114,41.232562],[69.027163,41.233162],[69.027512,41.233693],[69.0277,41.23457],[69.028113,41.235341],[69.028164,41.23666],[69.029262,41.239268],[69.028246,41.240774],[69.02762,41.241287],[69.02719,41.241413],[69.027097,41.241933],[69.026434,41.24286],[69.02408,41.243801],[69.022866,41.244672],[69.022343,41.244728],[69.021031,41.245902],[69.023291,41.247074],[69.02387,41.247524],[69.024496,41.248563],[69.024449,41.249153],[69.025551,41.249841],[69.025691,41.250459],[69.032481,41.251842],[69.033686,41.251892],[69.035946,41.252432],[69.039187,41.254469],[69.039676,41.25514],[69.039393,41.258501],[69.039528,41.258812],[69.039831,41.258937],[69.040289,41.259828],[69.040383,41.260657],[69.041102,41.261359],[69.040822,41.261731],[69.040756,41.262405],[69.040308,41.263388],[69.040541,41.264097],[69.040261,41.264673],[69.03809,41.26632],[69.036362,41.266292],[69.035419,41.266825],[69.034205,41.266537],[69.033233,41.266671],[69.032346,41.267471],[69.03145,41.267864],[69.029217,41.268103],[69.028622,41.268636],[69.027342,41.269366],[69.027407,41.269949],[69.027015,41.270187],[69.025857,41.27018],[69.025156,41.270924],[69.023783,41.271072],[69.022541,41.271914],[69.021981,41.271963],[69.020262,41.272595],[69.019384,41.272658],[69.018506,41.273143],[69.018133,41.273086],[69.01707,41.273414],[69.017293,41.274999],[69.018232,41.276366],[69.016239,41.277931],[69.016095,41.279683],[69.015616,41.28182],[69.015714,41.284168],[69.015149,41.287064],[69.013946,41.289001],[69.013858,41.28953],[69.014522,41.291983],[69.01596,41.295005],[69.018694,41.298648],[69.019356,41.298357],[69.020443,41.298287],[69.020892,41.298399],[69.021209,41.29882],[69.021695,41.298967],[69.02219,41.298918],[69.022881,41.298546],[69.024295,41.298121],[69.026601,41.298104],[69.026604,41.298581],[69.029336,41.303033],[69.029962,41.303214],[69.031385,41.303146],[69.035828,41.301956],[69.03765,41.301647],[69.038565,41.304159],[69.039462,41.305415],[69.040685,41.305612],[69.041619,41.306566],[69.042095,41.30759],[69.043123,41.308292],[69.043655,41.309007],[69.04443,41.309667],[69.044965,41.309981],[69.045518,41.310065],[69.045431,41.310645],[69.044579,41.311345],[69.044276,41.312591],[69.04408,41.315952],[69.042017,41.317048],[69.041024,41.319468],[69.04067,41.321048],[69.039856,41.323067],[69.040067,41.325652],[69.039646,41.32743],[69.040294,41.328701],[69.040473,41.330168],[69.042557,41.334034],[69.04438,41.338632],[69.045277,41.341499],[69.046145,41.345601],[69.046854,41.348149],[69.046743,41.349523],[69.045613,41.349552],[69.045582,41.350005],[69.045367,41.350271],[69.043994,41.350699],[69.041687,41.350839],[69.039278,41.350173],[69.0384,41.350327],[69.036746,41.350278],[69.035728,41.349914],[69.035224,41.350208],[69.025109,41.351393],[69.024754,41.351631],[69.024614,41.351996],[69.024109,41.352522],[69.022363,41.353447],[69.022251,41.353931],[69.022637,41.354915],[69.021396,41.355476],[69.024088,41.357566],[69.028707,41.358397],[69.029969,41.359672],[69.032071,41.361313],[69.033696,41.363135],[69.040993,41.366059],[69.041535,41.366057],[69.043137,41.365411],[69.043768,41.365308],[69.043842,41.365408],[69.046133,41.364895],[69.049425,41.364939],[69.049692,41.365052],[69.05237,41.368675],[69.055204,41.368351],[69.055392,41.368481],[69.055666,41.369586],[69.05939,41.369634],[69.059661,41.36979],[69.060221,41.371547],[69.063987,41.371233],[69.066839,41.372048],[69.067081,41.373512],[69.07896,41.377052],[69.080078,41.376102],[69.08122,41.375438],[69.081784,41.374668],[69.08192,41.374175],[69.083902,41.373068],[69.084958,41.372165],[69.085259,41.370995],[69.085522,41.370569],[69.088661,41.368556],[69.087272,41.367401],[69.08656,41.36698],[69.08539,41.366691],[69.08485,41.366094],[69.084034,41.365814],[69.083733,41.365556],[69.08384,41.365179],[69.084887,41.364347],[69.08427,41.363814],[69.084875,41.362666],[69.084455,41.362259],[69.084156,41.362596],[69.083922,41.36261],[69.083278,41.361874],[69.082802,41.361846],[69.082633,41.361032],[69.082914,41.36024],[69.082689,41.359841],[69.081961,41.359637],[69.081288,41.359841],[69.080616,41.359476],[69.079589,41.359665],[69.078604,41.357945],[69.079249,41.357616],[69.080237,41.35765],[69.08278,41.358264],[69.084986,41.357697],[69.085703,41.357169],[69.092283,41.356903],[69.093169,41.358284],[69.096634,41.358627],[69.096569,41.359316],[69.097153,41.360164],[69.097424,41.361349],[69.097778,41.361973],[69.097732,41.362351],[69.097115,41.36327],[69.097237,41.36381],[69.096957,41.364637],[69.097806,41.365226],[69.097928,41.366431],[69.097844,41.367574],[69.098199,41.367917],[69.097816,41.368471],[69.098143,41.368878],[69.099151,41.369375],[69.09974,41.36995],[69.0996,41.370069],[69.099665,41.37023],[69.098979,41.370959],[69.09897,41.371468],[69.099392,41.37165],[69.099972,41.371375],[69.100067,41.371641],[69.10035,41.371563],[69.10105,41.372025],[69.101385,41.372828],[69.101,41.373664],[69.10129,41.374294],[69.101093,41.374687],[69.101308,41.37536],[69.10128,41.375878],[69.103024,41.376696],[69.103123,41.376869],[69.102943,41.377974],[69.10313,41.378226],[69.103139,41.378759],[69.103569,41.379425],[69.104306,41.379663],[69.105114,41.380581],[69.105254,41.381128],[69.105598,41.381569],[69.105346,41.381919],[69.105412,41.382802],[69.107046,41.383475],[69.10784,41.38468],[69.109773,41.38625],[69.111174,41.388401],[69.112071,41.389319],[69.112149,41.390087],[69.11285,41.3909],[69.113755,41.391474],[69.116072,41.392259],[69.119817,41.392007],[69.121956,41.392126],[69.124216,41.390718],[69.125188,41.39036],[69.127598,41.388932],[69.129058,41.390389],[69.129387,41.391035],[69.132457,41.390807],[69.132513,41.391912],[69.132921,41.392178],[69.133328,41.392114],[69.134358,41.391389],[69.135324,41.391446],[69.135882,41.391132],[69.136236,41.391462],[69.136311,41.392065],[69.136665,41.392291],[69.13791,41.391953],[69.138618,41.39246],[69.138983,41.392484],[69.139401,41.392339],[69.139401,41.392025],[69.139583,41.391945],[69.140377,41.392178],[69.140646,41.392951],[69.141557,41.392918],[69.142105,41.3925],[69.142984,41.392685],[69.143349,41.393192],[69.144089,41.393265],[69.145152,41.39283],[69.145345,41.393305],[69.146192,41.393393],[69.147834,41.393055],[69.149128,41.393454],[69.149935,41.393049],[69.150722,41.392399],[69.151688,41.388974],[69.151617,41.387292],[69.151928,41.386581],[69.153957,41.386269],[69.155135,41.386574],[69.157313,41.388754],[69.157895,41.389837],[69.15883,41.390331],[69.159592,41.390968],[69.160025,41.392287],[69.160479,41.392706],[69.160341,41.393162],[69.161057,41.393894],[69.162158,41.394494],[69.163423,41.394558],[69.163919,41.394977],[69.165021,41.394815],[69.165514,41.394967],[69.166347,41.394666],[69.16701,41.394885],[69.167568,41.395405],[69.167801,41.396077],[69.167678,41.396402],[69.168003,41.39675],[69.167752,41.39773],[69.167453,41.398095],[69.167836,41.399031],[69.168587,41.399336],[69.169071,41.400181],[69.170293,41.400425],[69.170809,41.400711],[69.173611,41.40068],[69.173779,41.400971],[69.174678,41.401533],[69.175126,41.402013],[69.175409,41.402942],[69.175206,41.403199],[69.174537,41.403208],[69.173121,41.403823],[69.170798,41.402895],[69.168364,41.404683],[69.167157,41.406447],[69.166646,41.407517],[69.165915,41.408438],[69.16597,41.409072],[69.16513,41.410524],[69.164237,41.413044],[69.163992,41.413263],[69.16313,41.41519],[69.162736,41.416643],[69.161113,41.420476],[69.160564,41.422668],[69.160423,41.423892],[69.159421,41.42497],[69.158088,41.425195],[69.157014,41.425659],[69.15418,41.426386],[69.149964,41.427093],[69.150281,41.428213],[69.150101,41.428586],[69.150427,41.429139],[69.150416,41.429607],[69.149882,41.430168],[69.148796,41.430612],[69.148716,41.430998],[69.149637,41.431868],[69.150999,41.431687],[69.151343,41.431365],[69.151057,41.429506],[69.151551,41.428782],[69.152285,41.428763],[69.153874,41.429648],[69.154267,41.430092],[69.154201,41.430909],[69.1536,41.431406],[69.152896,41.431694],[69.153445,41.432025],[69.153985,41.432762],[69.154207,41.432841],[69.155111,41.432601],[69.155654,41.432643],[69.156094,41.432909],[69.156246,41.433396],[69.156166,41.433928],[69.156383,41.434416],[69.1568,41.434558],[69.157388,41.434492],[69.157485,41.434014],[69.15738,41.433454],[69.157663,41.433286],[69.158266,41.433368],[69.15865,41.433782],[69.1587,41.434049],[69.15919,41.434204],[69.159543,41.434155],[69.16057,41.43334],[69.161273,41.433167],[69.161934,41.433218],[69.163743,41.433925],[69.164882,41.434117],[69.165617,41.434738],[69.16659,41.435037],[69.166921,41.435002],[69.167113,41.435332],[69.165895,41.43795],[69.166212,41.438438],[69.171443,41.440705],[69.172717,41.441013],[69.173507,41.440959],[69.174438,41.441257],[69.17529,41.440965],[69.174959,41.440102],[69.175336,41.438872],[69.174878,41.438128],[69.175158,41.436954],[69.175609,41.43655],[69.176232,41.436365],[69.17708,41.436426],[69.178557,41.437193],[69.178738,41.437321],[69.17869,41.43766],[69.177556,41.438183],[69.177538,41.438546],[69.179035,41.441065],[69.179746,41.441787],[69.180194,41.442853],[69.180184,41.4436],[69.180759,41.445048],[69.182433,41.445781],[69.182792,41.447081],[69.184083,41.447881],[69.185308,41.448045],[69.185863,41.448375],[69.185804,41.449033],[69.184714,41.449966],[69.184506,41.450773],[69.185397,41.452123],[69.186137,41.452657],[69.186591,41.452676],[69.188117,41.451995],[69.19007,41.451517],[69.190984,41.451957],[69.191021,41.452857],[69.191181,41.453079],[69.191696,41.453257],[69.192427,41.453066],[69.192809,41.45324],[69.19338,41.454024],[69.193907,41.454321],[69.195002,41.4541],[69.195266,41.453271],[69.195568,41.452869],[69.196615,41.452548],[69.197195,41.452106],[69.198529,41.452003],[69.200455,41.452748],[69.200772,41.453131],[69.200924,41.453963],[69.201114,41.454235],[69.20164,41.454855],[69.202476,41.455452],[69.202996,41.455576],[69.203783,41.455283],[69.204172,41.454804],[69.204115,41.454204],[69.204233,41.453987],[69.204957,41.453789],[69.20582,41.45391],[69.20632,41.454097],[69.207555,41.454976],[69.208935,41.455448],[69.209124,41.455725],[69.209339,41.456957],[69.210207,41.45764],[69.213512,41.457604],[69.215349,41.458035],[69.216345,41.458504],[69.217066,41.459211],[69.218117,41.459529],[69.219393,41.459577],[69.220489,41.459835],[69.221721,41.459473],[69.222364,41.459518],[69.222984,41.459982],[69.22344,41.460982],[69.224175,41.46174],[69.225994,41.462693],[69.226756,41.462846],[69.227767,41.462689],[69.228322,41.462329],[69.229876,41.459873],[69.230577,41.459348],[69.231408,41.459192],[69.23209,41.459326],[69.233143,41.458745],[69.234867,41.45862],[69.23854,41.459656],[69.238918,41.460485],[69.239382,41.460788],[69.239982,41.461971],[69.240369,41.462325],[69.241321,41.462499],[69.242901,41.462125],[69.244583,41.462222],[69.244901,41.463412],[69.245707,41.464126],[69.247613,41.465496],[69.248866,41.465663],[69.250064,41.46632],[69.251805,41.464295],[69.252291,41.462356],[69.253447,41.460834],[69.254345,41.460016],[69.25442,41.459658],[69.254794,41.459552],[69.255111,41.459155],[69.255242,41.458737],[69.255956,41.457732],[69.25744,41.456508],[69.258355,41.455499],[69.259511,41.455045],[69.261538,41.453871],[69.261334,41.453707],[69.261583,41.453312],[69.262428,41.452654],[69.264036,41.452102],[69.264948,41.45202],[69.266611,41.452311],[69.267909,41.451901],[69.268639,41.45219],[69.269476,41.452126],[69.271322,41.452362],[69.27202,41.452056],[69.272385,41.451598],[69.27453,41.450834],[69.276569,41.450512],[69.277148,41.450102],[69.278275,41.449764],[69.280313,41.448228],[69.281107,41.447424],[69.281332,41.446958],[69.281257,41.446105],[69.2815,41.445768],[69.282176,41.44535],[69.283431,41.445221],[69.283753,41.444908],[69.284718,41.444497],[69.285235,41.444445],[69.285652,41.444023],[69.28575,41.44354],[69.285465,41.443251],[69.28623,41.442626],[69.286649,41.441638],[69.28933,41.440825],[69.289583,41.440979],[69.2896,41.442139],[69.290479,41.442048],[69.290243,41.441442],[69.290437,41.44132],[69.291149,41.441378],[69.29127,41.441065],[69.290838,41.44031],[69.290283,41.440025],[69.290381,41.439356],[69.290763,41.439257],[69.291739,41.439719],[69.292906,41.439737],[69.293029,41.438851],[69.29189,41.438513],[69.291695,41.438329],[69.291769,41.438109],[69.292364,41.437722],[69.29258,41.437226],[69.292815,41.437073],[69.293125,41.43746],[69.294074,41.437811],[69.295362,41.437829],[69.295881,41.437145],[69.295509,41.436566],[69.295943,41.43648],[69.296217,41.435752],[69.296463,41.435622],[69.297203,41.436348],[69.297049,41.436898],[69.29734,41.437433],[69.299496,41.437515],[69.299793,41.437391],[69.299902,41.436841],[69.300807,41.436783],[69.30065,41.437288],[69.301065,41.437479],[69.301152,41.43775],[69.301103,41.438692],[69.300903,41.439071],[69.30102,41.439476],[69.301938,41.439361],[69.302814,41.438413],[69.30313,41.438312],[69.303389,41.438497],[69.303341,41.438874],[69.303492,41.438995],[69.304861,41.439616],[69.305642,41.440216],[69.305799,41.440159],[69.305741,41.439763],[69.305224,41.438864],[69.305986,41.438547],[69.307754,41.439378],[69.308429,41.439084],[69.310536,41.438871],[69.310766,41.438953],[69.311281,41.439614],[69.310896,41.440292],[69.31243,41.440703],[69.31294,41.440593],[69.31366,41.440011],[69.31409,41.440047],[69.3143,41.440462],[69.313685,41.441202],[69.313644,41.441505],[69.314052,41.441739],[69.315207,41.441989],[69.316847,41.442792],[69.317195,41.443921],[69.318115,41.444553],[69.317873,41.444981],[69.318268,41.445463],[69.319014,41.446107],[69.319661,41.446243],[69.320356,41.446779],[69.32035,41.44738],[69.322528,41.44819],[69.322651,41.448407],[69.322452,41.448896],[69.322501,41.449923],[69.324693,41.449966],[69.325323,41.449791],[69.325933,41.450134],[69.326483,41.449717],[69.327162,41.449695],[69.327938,41.450508],[69.32921,41.451189],[69.329671,41.451747],[69.330475,41.451984],[69.331194,41.45282],[69.331865,41.453122],[69.332194,41.453866],[69.332785,41.454231],[69.332819,41.454713],[69.333802,41.454872],[69.334571,41.45519],[69.33495,41.455978],[69.336008,41.456509],[69.336046,41.456774],[69.334739,41.457029],[69.334576,41.457183],[69.334728,41.457454],[69.335868,41.457745],[69.336981,41.457513],[69.337094,41.457743],[69.337005,41.458422],[69.337591,41.459154],[69.338299,41.458982],[69.338945,41.459303],[69.339188,41.459104],[69.339388,41.458457],[69.339926,41.458297],[69.341178,41.458686],[69.341571,41.459447],[69.342329,41.460376],[69.342581,41.460485],[69.343131,41.460441],[69.343742,41.45972],[69.343924,41.459115],[69.344228,41.458824],[69.344706,41.458789],[69.345211,41.459034],[69.345326,41.459253],[69.345095,41.459646],[69.345283,41.460484],[69.345216,41.4611],[69.345716,41.462252],[69.34607,41.462663],[69.347078,41.463417],[69.348007,41.463661],[69.349657,41.463782],[69.349788,41.463914],[69.34977,41.464324],[69.34962,41.464669],[69.35049,41.465426],[69.351821,41.465604],[69.352451,41.46605],[69.353142,41.466232],[69.353745,41.466691],[69.354165,41.467354],[69.354749,41.467543],[69.354184,41.468403],[69.35464,41.472605],[69.358826,41.471617],[69.358677,41.471398],[69.359192,41.471197],[69.359076,41.470788],[69.359561,41.470641],[69.359967,41.469516],[69.363298,41.469545],[69.365703,41.468047],[69.371054,41.466836],[69.37132,41.466654],[69.371277,41.466443],[69.372458,41.466104],[69.374855,41.465814],[69.375733,41.465904],[69.378251,41.465668],[69.379717,41.465339],[69.382905,41.46589],[69.383835,41.466231],[69.384436,41.466158],[69.389215,41.466489],[69.394622,41.46784],[69.396743,41.46746],[69.400635,41.467681],[69.402244,41.468114],[69.403995,41.468853],[69.404868,41.469578],[69.40691,41.469882],[69.408059,41.470232],[69.409404,41.470064],[69.411823,41.47047],[69.412047,41.470428],[69.412168,41.470204],[69.411038,41.469126],[69.411029,41.468693],[69.411215,41.468497],[69.412196,41.467937],[69.413971,41.467496],[69.414074,41.467167],[69.413532,41.466523],[69.413644,41.466229],[69.414503,41.46604],[69.41597,41.466299],[69.416278,41.466208],[69.416633,41.46583],[69.416454,41.464841],[69.415408,41.464393],[69.415156,41.464134],[69.415147,41.46398],[69.415586,41.463574],[69.416781,41.463427],[69.417416,41.4637],[69.419905,41.464141],[69.421386,41.46391],[69.422469,41.463924],[69.422796,41.463798],[69.42401,41.462314],[69.427167,41.461992],[69.427503,41.461684],[69.428615,41.462132],[69.429437,41.462111],[69.431697,41.461579],[69.433509,41.461866],[69.433817,41.461803],[69.433855,41.461152],[69.434097,41.461033],[69.436084,41.461197],[69.436794,41.462002],[69.437672,41.462366],[69.438559,41.462275],[69.43968,41.462737],[69.440343,41.462842],[69.440941,41.463493],[69.441408,41.463479],[69.441922,41.463185],[69.44294,41.463528],[69.444126,41.463724],[69.444696,41.463654],[69.445564,41.464192],[69.447255,41.464052],[69.4486,41.464283],[69.449823,41.463996],[69.449992,41.463703],[69.449796,41.463056],[69.450441,41.462643],[69.451832,41.46251],[69.453541,41.463151],[69.45568,41.46462],[69.456848,41.464599],[69.457324,41.464935],[69.45767,41.46546],[69.459407,41.466363],[69.460584,41.467399],[69.459558,41.468534],[69.45728,41.468565],[69.456903,41.468842],[69.456915,41.470586],[69.458455,41.47184],[69.457592,41.476678],[69.456183,41.480962],[69.454433,41.485034],[69.454264,41.488138],[69.451369,41.487874],[69.450372,41.488004],[69.446945,41.489009],[69.445547,41.489694],[69.441477,41.487924],[69.439078,41.487749],[69.438475,41.487877],[69.438196,41.488106],[69.437605,41.489446],[69.432807,41.491991],[69.433032,41.492803],[69.432908,41.493125],[69.42808,41.495957],[69.427376,41.496792],[69.4244,41.498519],[69.412773,41.500629],[69.411144,41.5012],[69.400338,41.503239],[69.39939,41.504114],[69.398768,41.505112],[69.398774,41.505994],[69.397684,41.507016],[69.397982,41.508191],[69.399735,41.510371],[69.401618,41.51416],[69.402819,41.517983],[69.406683,41.524173],[69.419373,41.535106],[69.427656,41.540705],[69.432068,41.546613],[69.441191,41.559406],[69.445121,41.563162],[69.448517,41.564237],[69.452586,41.565956],[69.454758,41.569314],[69.460617,41.568946],[69.460924,41.568843],[69.467986,41.562635],[69.468796,41.562199],[69.474109,41.560281],[69.476614,41.558885],[69.477782,41.557108],[69.478517,41.555226],[69.480651,41.551566],[69.481231,41.551018],[69.487191,41.550177],[69.491418,41.549989],[69.492333,41.549514],[69.494117,41.548968],[69.496331,41.54857],[69.498591,41.547864],[69.499665,41.547906],[69.499861,41.547682],[69.500272,41.547591],[69.501404,41.547738],[69.509401,41.552481],[69.514148,41.555588],[69.514802,41.555922],[69.51668,41.556358],[69.517456,41.556899],[69.517728,41.55738],[69.526956,41.56283],[69.52766,41.563049],[69.527393,41.563537],[69.528793,41.563721],[69.532058,41.564565],[69.541155,41.56713],[69.549326,41.569705],[69.549538,41.572536],[69.54931,41.572706],[69.546784,41.573743],[69.537703,41.578318],[69.537659,41.578532],[69.538841,41.581512],[69.53759,41.584594],[69.538887,41.588661],[69.540573,41.589958],[69.549797,41.591781],[69.551025,41.595237],[69.552757,41.596317],[69.554763,41.597217],[69.55706,41.596969],[69.559661,41.599453],[69.560173,41.603553],[69.561943,41.604049],[69.563911,41.606258],[69.565948,41.611717],[69.565345,41.613349],[69.565856,41.614734],[69.571563,41.61716],[69.575614,41.625484],[69.575683,41.627975],[69.576469,41.629512],[69.583223,41.634222],[69.591444,41.640687],[69.597086,41.642471],[69.59818,41.643155],[69.604941,41.646351],[69.607529,41.648405],[69.610562,41.651955],[69.611335,41.655306],[69.614057,41.658217],[69.616554,41.662577],[69.617911,41.663339],[69.621204,41.663483],[69.630284,41.663404],[69.641504,41.668525],[69.649397,41.670365],[69.651886,41.669322],[69.65364,41.669197],[69.655014,41.668525],[69.65863,41.669895],[69.663963,41.669879],[69.664947,41.670471],[69.665657,41.670463],[69.668525,41.668655],[69.669776,41.669666],[69.671913,41.669849],[69.67308,41.670902],[69.6735,41.672016],[69.675582,41.674304],[69.679519,41.676982],[69.68116,41.677486],[69.682403,41.677471],[69.689915,41.673843],[69.691213,41.675178],[69.695445,41.674813],[69.697508,41.674002],[69.705359,41.67807],[69.707969,41.67818],[69.710296,41.676876],[69.712944,41.676876],[69.715408,41.678276],[69.715316,41.683471],[69.717614,41.686216],[69.720619,41.685825],[69.722572,41.686302],[69.725143,41.687926],[69.725622,41.689608],[69.727058,41.692924],[69.730935,41.694447],[69.737305,41.698589],[69.741415,41.698604],[69.743321,41.699104],[69.745617,41.700828],[69.747444,41.700095],[69.749117,41.699881],[69.751106,41.699256],[69.754827,41.699125],[69.757352,41.697941],[69.758842,41.697029],[69.760935,41.696596],[69.761862,41.696831],[69.762382,41.698147],[69.764869,41.699337],[69.766344,41.699601],[69.770545,41.698551],[69.773114,41.696557],[69.773932,41.696533],[69.774308,41.696705],[69.774668,41.697326],[69.777428,41.698738],[69.778928,41.698274],[69.780149,41.698488],[69.782071,41.700128],[69.782707,41.700233],[69.786035,41.700037],[69.788189,41.700845],[69.788244,41.701137],[69.791059,41.701923],[69.792316,41.702823],[69.792167,41.704576],[69.797474,41.707345],[69.799412,41.707931],[69.804252,41.709053],[69.808086,41.709023],[69.811231,41.708162],[69.812866,41.708186],[69.813048,41.709322],[69.815013,41.710569],[69.817601,41.711819],[69.818582,41.711883],[69.819555,41.711523],[69.820174,41.711769],[69.821238,41.711757],[69.821389,41.712238],[69.822049,41.71322],[69.822707,41.713579],[69.82399,41.713635],[69.824982,41.71426],[69.826656,41.714163],[69.82722,41.714717],[69.829107,41.715757],[69.829205,41.716213],[69.830035,41.716443],[69.832351,41.717982],[69.833612,41.718456],[69.837655,41.719533],[69.839122,41.720459],[69.84055,41.720339],[69.842568,41.719709],[69.84471,41.720003],[69.84514,41.720687],[69.847887,41.72044],[69.851075,41.719119],[69.853721,41.718614],[69.858848,41.71733],[69.861572,41.713775],[69.863266,41.712835],[69.864076,41.711846],[69.865065,41.711415],[69.86607,41.710694],[69.866292,41.710763],[69.867236,41.710524],[69.869682,41.709468],[69.874275,41.709762],[69.875747,41.709331],[69.87754,41.708015],[69.881111,41.706676],[69.882286,41.706604],[69.885856,41.707641],[69.887664,41.707622],[69.88961,41.707927],[69.891252,41.707705],[69.894317,41.70676],[69.895118,41.706985],[69.895317,41.707473],[69.895286,41.708393],[69.895683,41.708911],[69.896366,41.709077],[69.897306,41.708766],[69.898268,41.708701],[69.899123,41.708928],[69.899373,41.708803],[69.900077,41.709007],[69.901405,41.709064],[69.902006,41.709754],[69.902351,41.709919],[69.903658,41.710035],[69.904696,41.71116],[69.906484,41.711903],[69.907116,41.712585],[69.907986,41.712778],[69.909175,41.712752],[69.909679,41.712957],[69.910789,41.712583],[69.911385,41.712835],[69.911441,41.71309],[69.911762,41.713159],[69.91189,41.713364],[69.91254,41.713416],[69.913432,41.713257],[69.913868,41.712998],[69.914462,41.712964],[69.914752,41.713106],[69.91551,41.713082],[69.917542,41.713687],[69.917966,41.714049],[69.919233,41.714555],[69.920108,41.715093],[69.92018,41.715304],[69.920879,41.715571],[69.921024,41.715885],[69.921318,41.716058],[69.922185,41.715874],[69.922593,41.716344],[69.922556,41.716838],[69.922943,41.717169],[69.922026,41.717729],[69.921658,41.718341],[69.92149,41.719233],[69.921612,41.720322],[69.922233,41.721233],[69.922447,41.722247],[69.921836,41.724222],[69.921908,41.724602],[69.924057,41.725258],[69.924583,41.72583],[69.924738,41.726541],[69.926201,41.726631],[69.929875,41.725909],[69.931169,41.726176],[69.933631,41.726098],[69.937251,41.725356],[69.938989,41.725461],[69.943214,41.728412],[69.948051,41.729785],[69.957683,41.733774],[69.957626,41.735935],[69.959542,41.738054],[69.959764,41.739791],[69.960335,41.740512],[69.960666,41.741591],[69.960586,41.744384],[69.959838,41.746398],[69.958015,41.748531],[69.957328,41.750328],[69.958107,41.751717],[69.962558,41.756272],[69.966704,41.756113],[69.96922,41.756408],[69.971833,41.75649],[69.975327,41.758364],[69.975458,41.760855],[69.97185,41.764007],[69.972384,41.765496],[69.972411,41.769589],[69.972667,41.770366],[69.979507,41.77105],[69.979608,41.772377],[69.981071,41.777726],[69.98209,41.778985],[69.980782,41.780787],[69.986345,41.783878],[69.989507,41.785206],[69.990409,41.788172],[69.99424,41.787253],[69.999877,41.788674],[69.998287,41.793974],[69.996929,41.796833],[69.998428,41.798482],[69.997831,41.799445],[69.992466,41.800289],[69.995289,41.803924],[69.999214,41.806387],[70.003414,41.806383],[70.002358,41.803932],[70.003971,41.801641],[70.006293,41.800705],[70.013209,41.79678],[70.017658,41.796373],[70.019243,41.797096],[70.021427,41.795859],[70.02123,41.793043],[70.021347,41.791588],[70.02273,41.790007],[70.021367,41.788149],[70.021316,41.785115],[70.023071,41.784729],[70.026512,41.785461],[70.028386,41.784877],[70.034686,41.781052],[70.035358,41.777862],[70.034773,41.776526],[70.036204,41.776123],[70.038639,41.777642],[70.042505,41.775703],[70.043557,41.776126],[70.044359,41.777189],[70.047681,41.779479],[70.051359,41.779674],[70.051418,41.780193],[70.050468,41.784194],[70.049887,41.785677],[70.049304,41.788374],[70.049804,41.789788],[70.051191,41.792484],[70.051546,41.793782],[70.051804,41.797219],[70.050963,41.799388],[70.053934,41.801841],[70.055246,41.803325],[70.056435,41.804308],[70.058631,41.804878],[70.065168,41.804599],[70.067821,41.804702],[70.070389,41.805755],[70.073215,41.807448],[70.076929,41.808669],[70.078416,41.812012],[70.080204,41.813353],[70.084102,41.814188],[70.086588,41.818597],[70.089485,41.821335],[70.091087,41.82134],[70.094419,41.822312],[70.095183,41.825797],[70.09614,41.827891],[70.097982,41.830426],[70.099496,41.833714],[70.100404,41.83521],[70.102737,41.837307],[70.104118,41.838108],[70.106565,41.838214],[70.110267,41.838195],[70.115608,41.837437],[70.118043,41.837456],[70.118524,41.837721],[70.118703,41.838937],[70.120203,41.840566],[70.127472,41.842651],[70.134569,41.844319],[70.135519,41.844346],[70.13737,41.844235],[70.138477,41.843945],[70.139177,41.843291],[70.141897,41.842269],[70.14565,41.838613],[70.146271,41.83747],[70.146769,41.837143],[70.146756,41.836579],[70.148192,41.837524],[70.153214,41.839773],[70.153837,41.841998],[70.156215,41.844448],[70.156955,41.848208],[70.157722,41.849461],[70.161648,41.849601],[70.16319,41.850104],[70.165816,41.853219],[70.168846,41.85526],[70.169592,41.856136],[70.170098,41.856129],[70.172604,41.854924],[70.17412,41.854807],[70.175865,41.855308],[70.18064,41.859863],[70.183349,41.861923],[70.184532,41.864395],[70.183495,41.866792],[70.182848,41.869346],[70.181769,41.870638],[70.181124,41.872253],[70.181938,41.873938],[70.181917,41.875546],[70.180996,41.879627],[70.181263,41.881316],[70.181112,41.883104],[70.185121,41.882984],[70.189122,41.885072],[70.191774,41.885855],[70.194816,41.886402],[70.197056,41.887265],[70.195375,41.889551],[70.194816,41.890876],[70.195407,41.894301],[70.196816,41.897518],[70.198905,41.899707],[70.19598,41.900912],[70.195077,41.901862],[70.195358,41.903148],[70.196479,41.904483],[70.197998,41.90529],[70.200629,41.904782],[70.202909,41.904039],[70.206154,41.903696],[70.207802,41.903318],[70.209267,41.903686],[70.214159,41.907242],[70.214495,41.908488],[70.216697,41.912953],[70.220484,41.913274],[70.223466,41.914708],[70.225463,41.916238],[70.227385,41.917235],[70.2285,41.918688],[70.228423,41.92119],[70.225275,41.923044],[70.224708,41.923683],[70.223625,41.926452],[70.223518,41.928379],[70.225947,41.929394],[70.227681,41.930724],[70.228045,41.934625],[70.23162,41.935512],[70.232933,41.936233],[70.234498,41.937967],[70.239798,41.93945],[70.240566,41.941036],[70.240966,41.942973],[70.244499,41.94333],[70.246043,41.943637],[70.251612,41.946426],[70.253494,41.948387],[70.258979,41.949313],[70.259478,41.950056],[70.260331,41.950687],[70.260296,41.952407],[70.260829,41.953531],[70.261438,41.95432],[70.265467,41.952394],[70.268065,41.952058],[70.271308,41.953193],[70.27391,41.952903],[70.276718,41.954566],[70.279524,41.955013],[70.281215,41.956726],[70.284477,41.957489],[70.28807,41.95787],[70.289932,41.959426],[70.291057,41.962462],[70.295621,41.9631],[70.298371,41.963031],[70.300904,41.963858],[70.304924,41.964206],[70.306015,41.965698],[70.307792,41.966625],[70.308866,41.968176],[70.314399,41.968502],[70.316146,41.967956],[70.317092,41.968093],[70.318183,41.970443],[70.320828,41.97007],[70.325355,41.970142],[70.328076,41.970747],[70.329078,41.972995],[70.33525,41.974706],[70.336242,41.977649],[70.335495,41.981555],[70.336784,41.9836],[70.336853,41.98471],[70.334297,41.986904],[70.333798,41.989422],[70.330062,41.997066],[70.330671,42.006382],[70.333039,42.01497],[70.332765,42.018194],[70.332048,42.019415],[70.331609,42.021257],[70.331207,42.022075],[70.324409,42.026157],[70.323305,42.027354],[70.323221,42.030199],[70.321582,42.033574],[70.321233,42.03397],[70.321062,42.034624],[70.319769,42.036289],[70.319647,42.036794],[70.321002,42.038683],[70.323407,42.038844],[70.324842,42.040406],[70.325757,42.04052],[70.326839,42.040134],[70.331318,42.04174],[70.332102,42.042505],[70.332863,42.045437],[70.332782,42.047249],[70.335674,42.047445],[70.340384,42.048552],[70.342909,42.050147],[70.347339,42.050173],[70.350949,42.050774],[70.352247,42.052285],[70.352385,42.053364],[70.353232,42.054279],[70.354738,42.056942],[70.355614,42.057553],[70.362165,42.057763],[70.363999,42.058391],[70.364725,42.059087],[70.369438,42.062561],[70.372233,42.0644],[70.372346,42.068013],[70.372549,42.068609],[70.373515,42.069325],[70.377908,42.069625],[70.380968,42.071089],[70.387199,42.071109],[70.392295,42.068416],[70.396353,42.068241],[70.400877,42.069404],[70.40499,42.071491],[70.410171,42.074743],[70.41163,42.076828],[70.411698,42.077677],[70.414986,42.077743],[70.416366,42.078056],[70.41957,42.079917],[70.422927,42.083438],[70.427448,42.085443],[70.432496,42.087988],[70.438889,42.08936],[70.442123,42.091824],[70.444442,42.091347],[70.445703,42.090528],[70.450055,42.088613],[70.454337,42.085699],[70.456208,42.085569],[70.459019,42.084992],[70.462994,42.091256],[70.463868,42.093099],[70.467365,42.094275],[70.469201,42.097733],[70.472887,42.099906],[70.474303,42.101353],[70.47598,42.109308],[70.477107,42.109363],[70.478109,42.109185],[70.478923,42.10853],[70.480123,42.107865],[70.483305,42.106863],[70.48472,42.106157],[70.488383,42.105075],[70.490988,42.104713],[70.491621,42.104181],[70.494758,42.099676],[70.495851,42.099369],[70.497384,42.099228],[70.498918,42.099325],[70.501384,42.099139],[70.501984,42.098345],[70.50181,42.09769],[70.501838,42.096795],[70.502389,42.095851],[70.5062,42.092044],[70.506762,42.08953],[70.511885,42.088604],[70.513228,42.088095],[70.513616,42.084313],[70.514692,42.083187],[70.517418,42.082035],[70.522285,42.083275],[70.527503,42.08522],[70.529809,42.084894],[70.53486,42.08198],[70.536922,42.081115],[70.539596,42.079319],[70.545532,42.073982],[70.547411,42.070439],[70.549922,42.067706],[70.550064,42.06501],[70.550819,42.061258],[70.550917,42.059926],[70.551629,42.057765],[70.554801,42.055542],[70.556523,42.05414],[70.557518,42.052154],[70.556534,42.050021],[70.557555,42.048092],[70.557899,42.045094],[70.558529,42.043026],[70.55642,42.041132],[70.553204,42.039619],[70.551758,42.037071],[70.548702,42.035013],[70.552415,42.030368],[70.555181,42.02893],[70.558223,42.026092],[70.559429,42.023513],[70.560524,42.023088],[70.564636,42.022689],[70.567608,42.022042],[70.570767,42.020623],[70.571942,42.020357],[70.576518,42.020431],[70.577492,42.019433],[70.579656,42.016136],[70.582407,42.014472],[70.587039,42.010186],[70.588539,42.010013],[70.592933,42.010227],[70.606556,42.006851],[70.607589,42.007713],[70.610076,42.008747],[70.612838,42.011329],[70.623252,42.014592],[70.624988,42.015281],[70.62693,42.015167],[70.630825,42.015361],[70.63503,42.015153],[70.636339,42.014659],[70.637809,42.015034],[70.639168,42.014857],[70.639316,42.016236],[70.63896,42.016644],[70.637325,42.017222],[70.637047,42.018322],[70.635481,42.019391],[70.634811,42.020614],[70.635044,42.022182],[70.636516,42.023869],[70.636766,42.024798],[70.636439,42.025416],[70.636422,42.026942],[70.637874,42.027278],[70.641736,42.029614],[70.643363,42.0335],[70.647431,42.038585],[70.648171,42.039281],[70.651554,42.041416],[70.652404,42.04816],[70.65468,42.050855],[70.654515,42.05232],[70.655462,42.053585],[70.655357,42.056655],[70.65571,42.061395],[70.658149,42.06319],[70.660262,42.067956],[70.663581,42.069776],[70.665069,42.071103],[70.665687,42.075474],[70.666168,42.07759],[70.668616,42.079741],[70.671241,42.08152],[70.672697,42.084382],[70.674377,42.08576],[70.677356,42.087356],[70.678779,42.088375],[70.679287,42.090605],[70.677982,42.09351],[70.67827,42.096107],[70.678698,42.098197],[70.680462,42.100143],[70.681717,42.104954],[70.68234,42.106717],[70.684024,42.109729],[70.686295,42.115394],[70.686617,42.11698],[70.686512,42.119063],[70.687171,42.121088],[70.691287,42.123666],[70.693317,42.125257],[70.694263,42.126712],[70.695048,42.127345],[70.702671,42.129414],[70.704702,42.129343],[70.705563,42.129539],[70.706488,42.129772],[70.707241,42.130318],[70.707561,42.132282],[70.707508,42.13302],[70.707858,42.133773],[70.711158,42.135589],[70.7118,42.137182],[70.71395,42.138009],[70.714677,42.138626],[70.714897,42.140194],[70.714629,42.142113],[70.716487,42.143166],[70.717796,42.144201],[70.71988,42.145274],[70.722739,42.146005],[70.725801,42.147815],[70.726268,42.148571],[70.726208,42.150563],[70.725341,42.151391],[70.724572,42.15266],[70.72432,42.153698],[70.724555,42.154833],[70.725992,42.157259],[70.730656,42.160277],[70.736503,42.164428],[70.737571,42.165771],[70.744227,42.167055],[70.747024,42.16652],[70.749365,42.165778],[70.751028,42.166511],[70.751583,42.168977],[70.752659,42.170017],[70.755554,42.170948],[70.754063,42.172744],[70.753953,42.17466],[70.753478,42.175964],[70.752258,42.176727],[70.748977,42.177749],[70.746869,42.177714],[70.740956,42.178944],[70.739817,42.180154],[70.739094,42.181906],[70.73918,42.183156],[70.739688,42.184389],[70.745918,42.188678],[70.747551,42.190225],[70.747949,42.190813],[70.750926,42.193305],[70.75159,42.193708],[70.752128,42.1938],[70.756632,42.192131],[70.761328,42.191809],[70.768011,42.19357],[70.76918,42.198687],[70.769914,42.200148],[70.770638,42.200963],[70.771799,42.201101],[70.773111,42.201813],[70.774468,42.201847],[70.775893,42.202509],[70.778953,42.202776],[70.780966,42.204067],[70.784133,42.205497],[70.786212,42.205979],[70.789108,42.205975],[70.790014,42.206454],[70.791525,42.208618],[70.792074,42.209115],[70.793843,42.209453],[70.79845,42.207465],[70.804863,42.206306],[70.815494,42.203583],[70.817248,42.203278],[70.819792,42.201827],[70.82068,42.200459],[70.823755,42.199385],[70.826393,42.199289],[70.829932,42.19669],[70.831558,42.195191],[70.835952,42.194446],[70.839187,42.19585],[70.843818,42.196322],[70.849556,42.197589],[70.850536,42.198626],[70.850763,42.199997],[70.85264,42.203049],[70.852877,42.20567],[70.854552,42.207905],[70.860655,42.210118],[70.86289,42.211116],[70.866109,42.211839],[70.872469,42.211816],[70.874809,42.212207],[70.878989,42.211835],[70.880209,42.211332],[70.883651,42.210691],[70.885908,42.211589],[70.88742,42.212405],[70.88862,42.213648],[70.888843,42.215131],[70.887478,42.217099],[70.887316,42.219189],[70.8879,42.220003],[70.894918,42.221104],[70.896041,42.22178],[70.898318,42.222618],[70.901512,42.225547],[70.905338,42.225646],[70.909794,42.226767],[70.911692,42.228367],[70.911507,42.22999],[70.91056,42.231708],[70.911581,42.233888],[70.912498,42.235218],[70.913587,42.236044],[70.916168,42.237091],[70.921697,42.235996],[70.92366,42.236317],[70.926506,42.237537],[70.926366,42.239149],[70.925692,42.240329],[70.925424,42.241548],[70.925501,42.242931],[70.92893,42.245884],[70.929588,42.247859],[70.930285,42.248326],[70.933689,42.249775],[70.934802,42.250647],[70.936017,42.253479],[70.93826,42.255535],[70.940109,42.259179],[70.942054,42.261058],[70.942764,42.26272],[70.943305,42.263467],[70.945571,42.264259],[70.950879,42.260987],[70.955613,42.26],[70.962858,42.256345],[70.966955,42.255559],[70.974191,42.255507],[70.976188,42.254959],[70.980896,42.254182],[70.984587,42.254363],[70.988482,42.25271],[70.993134,42.253971],[70.996322,42.256134],[70.999386,42.255923],[71.000498,42.256076],[71.001828,42.257875],[71.004389,42.260083],[71.004385,42.261834],[71.004811,42.264356],[71.007151,42.264947],[71.007886,42.265425],[71.007712,42.266252],[71.007141,42.26708],[71.004425,42.270141],[71.004453,42.270775],[71.005364,42.271115],[71.006852,42.272318],[71.0077,42.273319],[71.008594,42.277708],[71.009406,42.278404],[71.013576,42.27938],[71.017742,42.280907],[71.019137,42.282167],[71.021958,42.288961],[71.025074,42.292407],[71.02605,42.292959],[71.028483,42.293568],[71.032766,42.293203],[71.035699,42.291472],[71.037314,42.292325],[71.039093,42.294177],[71.040181,42.294421],[71.040609,42.292276],[71.039343,42.291535],[71.039066,42.290982],[71.039771,42.290506],[71.043296,42.29056],[71.045421,42.291421],[71.049196,42.290555],[71.051667,42.291164],[71.05397,42.292849],[71.058392,42.295078],[71.063694,42.294904],[71.065247,42.292833],[71.066318,42.290733],[71.067788,42.289247],[71.068624,42.288558],[71.070479,42.288427],[71.07235,42.287219],[71.074423,42.284901],[71.076374,42.283454],[71.077938,42.28352],[71.080078,42.284271],[71.081517,42.284324],[71.089003,42.283328],[71.092027,42.282524],[71.095316,42.280985],[71.097783,42.279283],[71.102084,42.277064],[71.103842,42.275347],[71.106577,42.273936],[71.110352,42.274143],[71.113096,42.274658],[71.117756,42.277242],[71.119626,42.277681],[71.121596,42.27779],[71.1234,42.278867],[71.124535,42.283465],[71.129912,42.282162],[71.133466,42.282177],[71.137794,42.278413],[71.140375,42.276801],[71.139935,42.275035],[71.13983,42.273211],[71.140269,42.27266],[71.142978,42.270825],[71.144251,42.269599],[71.145839,42.268511],[71.147576,42.26829],[71.149276,42.265803],[71.151758,42.263556],[71.153503,42.262697],[71.155917,42.262402],[71.159255,42.261013],[71.165589,42.258806],[71.16833,42.255335],[71.169417,42.254821],[71.169904,42.25386],[71.171336,42.252172],[71.174038,42.251009],[71.176107,42.250998],[71.177225,42.251154],[71.17839,42.251582],[71.179591,42.249802],[71.181336,42.248534],[71.184309,42.247788],[71.186112,42.245768],[71.186995,42.245086],[71.18978,42.24213],[71.191176,42.241208],[71.193314,42.240613],[71.196267,42.241452],[71.199294,42.243788],[71.200172,42.243593],[71.202745,42.240933],[71.208964,42.237095],[71.207561,42.234834],[71.206003,42.229386],[71.205148,42.227647],[71.206226,42.225934],[71.207001,42.225666],[71.209472,42.224275],[71.211895,42.223516],[71.214213,42.222577],[71.215081,42.22253],[71.221893,42.222863],[71.227116,42.223676],[71.229297,42.225431],[71.230679,42.227211],[71.233281,42.229377],[71.235825,42.227903],[71.238387,42.227254],[71.244481,42.227904],[71.245016,42.227787],[71.2455,42.224287],[71.245094,42.220019],[71.245351,42.219158],[71.246111,42.217926],[71.251244,42.213466],[71.250527,42.211002],[71.256482,42.209153],[71.260888,42.207101],[71.26719,42.205329],[71.265713,42.201513],[71.265449,42.200202],[71.266131,42.19872],[71.267421,42.197372],[71.269021,42.196881],[71.269093,42.19637],[71.265805,42.194966],[71.263009,42.193489],[71.260879,42.191392],[71.258539,42.189584],[71.258092,42.188],[71.256201,42.18352],[71.254533,42.18272],[71.251115,42.182515],[71.250495,42.181822],[71.251749,42.179572],[71.253006,42.176807],[71.254394,42.17531],[71.25921,42.172625],[71.258362,42.167936],[71.256941,42.166851],[71.253639,42.165146],[71.250369,42.165836],[71.247215,42.166021],[71.245196,42.161807],[71.244287,42.160858],[71.241469,42.158703],[71.239376,42.156722],[71.23841,42.154119],[71.237754,42.153178],[71.235592,42.152616],[71.234141,42.152785],[71.232921,42.15257],[71.228007,42.150244],[71.225245,42.150086],[71.223625,42.149377],[71.22021,42.148769],[71.220914,42.1469],[71.221708,42.146058],[71.22456,42.144971],[71.226594,42.143679],[71.224321,42.141479],[71.222736,42.139569],[71.220444,42.138282],[71.218688,42.137663],[71.217871,42.13721],[71.212475,42.136555],[71.211455,42.136111],[71.210176,42.13604],[71.204022,42.137676],[71.199519,42.137639],[71.198318,42.140282],[71.195373,42.143549],[71.191184,42.142745],[71.188085,42.142559],[71.186483,42.141799],[71.183191,42.141663],[71.178689,42.142301],[71.176539,42.143813],[71.175549,42.144058],[71.173882,42.143764],[71.170896,42.141329],[71.167052,42.14024],[71.164701,42.1391],[71.163278,42.137092],[71.152712,42.130284],[71.148548,42.131217],[71.145839,42.132582],[71.141124,42.133966],[71.13882,42.130316],[71.1372,42.128348],[71.13643,42.12641],[71.136066,42.123417],[71.131946,42.118154],[71.129843,42.116503],[71.126763,42.116001],[71.125359,42.115308],[71.121329,42.114678],[71.119858,42.113958],[71.119174,42.11292],[71.117081,42.11271],[71.113591,42.112766],[71.11009,42.114731],[71.107632,42.115819],[71.105636,42.114829],[71.103555,42.112895],[71.102268,42.110349],[71.102717,42.106979],[71.102677,42.103967],[71.100938,42.09786],[71.099666,42.094619],[71.096077,42.094377],[71.084569,42.094361],[71.080832,42.091907],[71.079398,42.091848],[71.078495,42.09103],[71.07588,42.090697],[71.073827,42.089502],[71.070259,42.086104],[71.069437,42.085977],[71.068161,42.085207],[71.061516,42.085079],[71.056369,42.085239],[71.056452,42.082827],[71.049428,42.081063],[71.048596,42.079337],[71.047693,42.076853],[71.046083,42.075122],[71.046865,42.072325],[71.046727,42.071203],[71.046076,42.070485],[71.044238,42.069058],[71.04226,42.066842],[71.041777,42.065822],[71.040143,42.063652],[71.034415,42.064721],[71.032489,42.065567],[71.028957,42.067723],[71.028627,42.066841],[71.027868,42.066033],[71.025298,42.064217],[71.024667,42.061181],[71.022719,42.060985],[71.018133,42.061326],[71.015355,42.061115],[71.006447,42.056985],[71.009447,42.056087],[71.012257,42.054443],[71.013478,42.05236],[71.012475,42.050861],[71.010596,42.048821],[71.002089,42.044104],[71.001933,42.04371],[71.002161,42.041017],[70.999266,42.03761],[70.997646,42.034729],[70.994164,42.031109],[70.992746,42.030407],[70.985476,42.030856],[70.98304,42.03187],[70.979237,42.032925],[70.973482,42.032841],[70.961092,42.030802],[70.954674,42.031081],[70.942203,42.031181],[70.939639,42.032426],[70.929747,42.034518],[70.926244,42.036799],[70.914452,42.041914],[70.910333,42.04028],[70.906001,42.040313],[70.900594,42.040931],[70.896699,42.043998],[70.89611,42.048194],[70.893482,42.050341],[70.888135,42.051924],[70.885323,42.047324],[70.882857,42.046233],[70.878992,42.046126],[70.877593,42.046883],[70.875958,42.046954],[70.873467,42.048485],[70.872187,42.049964],[70.870764,42.05095],[70.86517,42.054132],[70.864505,42.052464],[70.863628,42.050862],[70.861684,42.049436],[70.860759,42.048291],[70.861334,42.042792],[70.855632,42.039898],[70.856428,42.036902],[70.856463,42.035444],[70.856244,42.033291],[70.857331,42.032726],[70.858398,42.031775],[70.859832,42.02948],[70.859114,42.0268],[70.852208,42.022466],[70.848017,42.019487],[70.846924,42.018502],[70.846957,42.01748],[70.847293,42.015761],[70.845013,42.014067],[70.84228,42.012568],[70.842441,42.010745],[70.84279,42.009315],[70.842441,42.008431],[70.842262,42.005604],[70.840365,42.002062],[70.837876,41.999701],[70.840515,41.997066],[70.843141,41.995397],[70.845324,41.992086],[70.84824,41.990518],[70.852034,41.988985],[70.85229,41.987632],[70.852305,41.985601],[70.851771,41.984295],[70.849822,41.981395],[70.84989,41.97862],[70.84857,41.976546],[70.848673,41.974273],[70.850731,41.97141],[70.850665,41.966502],[70.853017,41.963176],[70.852458,41.96106],[70.852409,41.958871],[70.852944,41.957261],[70.855776,41.955327],[70.855936,41.952956],[70.855498,41.95055],[70.851923,41.94789],[70.853003,41.945399],[70.853915,41.941517],[70.850234,41.94034],[70.847576,41.940043],[70.845808,41.938892],[70.845595,41.93626],[70.844719,41.933618],[70.837772,41.926785],[70.834805,41.923105],[70.830536,41.924765],[70.828965,41.924757],[70.826101,41.92641],[70.824155,41.926546],[70.820277,41.926355],[70.815578,41.926549],[70.814153,41.926342],[70.80686,41.920621],[70.797314,41.926346],[70.796517,41.926413],[70.795439,41.927198],[70.790015,41.929111],[70.784108,41.926425],[70.781702,41.926413],[70.780332,41.926627],[70.77796,41.927975],[70.773278,41.928382],[70.771031,41.931109],[70.767832,41.93377],[70.766662,41.935587],[70.76305,41.936048],[70.757233,41.936424],[70.758139,41.93379],[70.758267,41.932276],[70.758197,41.92389],[70.757296,41.920013],[70.757326,41.918148],[70.756431,41.915614],[70.75571,41.914751],[70.7544,41.913362],[70.752685,41.912736],[70.749041,41.912333],[70.745072,41.913107],[70.741907,41.914003],[70.738473,41.913893],[70.731502,41.917672],[70.730574,41.919128],[70.730363,41.920501],[70.721042,41.919989],[70.713739,41.920496],[70.707664,41.919804],[70.70494,41.91814],[70.702799,41.917165],[70.699377,41.916465],[70.693905,41.914558],[70.689677,41.914507],[70.687245,41.915567],[70.68639,41.914735],[70.683037,41.913267],[70.679136,41.91308],[70.67829,41.912871],[70.676493,41.911798],[70.674136,41.909584],[70.673424,41.908416],[70.669672,41.907297],[70.664961,41.906951],[70.660779,41.901127],[70.660976,41.89943],[70.662742,41.897271],[70.662484,41.895512],[70.661982,41.893897],[70.660038,41.892262],[70.658741,41.890234],[70.657864,41.888453],[70.65576,41.885647],[70.654347,41.884351],[70.652729,41.883296],[70.649186,41.882237],[70.648265,41.879284],[70.647764,41.876399],[70.645931,41.87418],[70.643531,41.872789],[70.640906,41.872287],[70.637967,41.872136],[70.639736,41.868308],[70.637869,41.867545],[70.636139,41.865783],[70.635779,41.863354],[70.634199,41.861392],[70.631219,41.859907],[70.629812,41.855471],[70.628754,41.853324],[70.626859,41.851756],[70.619146,41.851287],[70.61768,41.8515],[70.61411,41.853112],[70.609801,41.851553],[70.603361,41.850717],[70.602124,41.848541],[70.599259,41.837422],[70.597748,41.835307],[70.597613,41.828693],[70.596624,41.826405],[70.596661,41.824367],[70.599324,41.819827],[70.597325,41.818874],[70.596691,41.818221],[70.594153,41.817951],[70.589031,41.818251],[70.584346,41.819253],[70.57853,41.819753],[70.5764,41.818935],[70.574947,41.817184],[70.573409,41.815847],[70.571899,41.813601],[70.56911,41.810646],[70.566659,41.810879],[70.56431,41.810752],[70.562943,41.809032],[70.560465,41.807854],[70.55427,41.807759],[70.552946,41.806708],[70.550234,41.805434],[70.545646,41.803966],[70.543048,41.801422],[70.535694,41.799256],[70.531125,41.798088],[70.527502,41.798576],[70.524127,41.794305],[70.521127,41.789874],[70.519014,41.78796],[70.517484,41.786001],[70.515246,41.784311],[70.51546,41.781977],[70.514927,41.780327],[70.5126,41.77786],[70.510603,41.774078],[70.508693,41.772054],[70.508004,41.765705],[70.508903,41.761306],[70.50669,41.755864],[70.505699,41.754165],[70.504745,41.750642],[70.505843,41.748436],[70.50889,41.746796],[70.506722,41.744522],[70.505934,41.742897],[70.505747,41.741851],[70.506704,41.736587],[70.503434,41.734161],[70.499973,41.726662],[70.4985,41.721554],[70.496693,41.719687],[70.485436,41.720655],[70.482563,41.721048],[70.475837,41.722338],[70.470604,41.721485],[70.468545,41.720726],[70.466804,41.720628],[70.465251,41.718182],[70.464876,41.716915],[70.456779,41.711007],[70.453541,41.707633],[70.449813,41.702546],[70.44467,41.701133],[70.436398,41.700423],[70.430749,41.696787],[70.427314,41.695078],[70.424022,41.693938],[70.421351,41.692762],[70.419729,41.690411],[70.414339,41.690874],[70.410284,41.689841],[70.40752,41.689045],[70.403403,41.686537],[70.400408,41.685775],[70.396569,41.684177],[70.3931,41.681468],[70.388059,41.675849],[70.385669,41.673881],[70.385335,41.671564],[70.382791,41.668408],[70.377053,41.661803],[70.375815,41.657224],[70.371701,41.651618],[70.367074,41.647485],[70.359337,41.645794],[70.355628,41.644721],[70.350387,41.642928],[70.344632,41.640658],[70.3419,41.638155],[70.330078,41.636575],[70.326984,41.636554],[70.322028,41.63684],[70.315159,41.635464],[70.307152,41.633169],[70.304986,41.63203],[70.301846,41.631225],[70.298464,41.628845],[70.294955,41.624007],[70.292614,41.621687],[70.289469,41.621744],[70.284314,41.620942],[70.28358,41.621242],[70.282792,41.621152],[70.281138,41.620077],[70.278948,41.619734],[70.277872,41.618021],[70.276457,41.617186],[70.275203,41.613018],[70.272864,41.612183],[70.271938,41.611445],[70.269936,41.610867],[70.266576,41.608332],[70.265843,41.607463],[70.263204,41.607381],[70.261874,41.608828],[70.258839,41.610722],[70.257973,41.612087],[70.257158,41.612442],[70.254215,41.61345],[70.252237,41.613817],[70.251069,41.613579],[70.24986,41.612538],[70.24934,41.612574],[70.248898,41.61292],[70.248884,41.613311],[70.248515,41.613772],[70.245301,41.615992],[70.240656,41.617115],[70.235021,41.614986],[70.232591,41.613884],[70.230367,41.611973],[70.229577,41.611931],[70.227234,41.610679],[70.225799,41.611445],[70.223151,41.611784],[70.221426,41.611025],[70.219244,41.610557],[70.218527,41.610549],[70.216917,41.611192],[70.214045,41.611155],[70.211831,41.611946],[70.210792,41.612128],[70.209246,41.611957],[70.20984,41.610767],[70.210041,41.609688],[70.209668,41.60913],[70.210411,41.608622],[70.21058,41.607667],[70.210798,41.607328],[70.208284,41.604197],[70.211057,41.600987],[70.214215,41.596489],[70.215782,41.595034],[70.214959,41.591148],[70.214713,41.585841],[70.210112,41.579071],[70.20982,41.574641],[70.208619,41.573304],[70.205619,41.572731],[70.202877,41.572743],[70.197533,41.570241],[70.194478,41.570105],[70.191723,41.569083],[70.190146,41.568104],[70.189823,41.566877],[70.189843,41.564523],[70.187952,41.562249],[70.180821,41.558755],[70.179287,41.557496],[70.180435,41.555876],[70.182232,41.554471],[70.184079,41.552466],[70.185344,41.550348],[70.186333,41.547416],[70.187573,41.544956],[70.184531,41.542351],[70.183338,41.53546],[70.181367,41.527349],[70.177059,41.525597],[70.174915,41.525175],[70.173953,41.523022],[70.171369,41.520222],[70.17043,41.518228],[70.169146,41.516797],[70.168958,41.515354],[70.17007,41.515548],[70.171452,41.516675],[70.172296,41.516822],[70.173218,41.51642],[70.177498,41.513512],[70.186218,41.509167],[70.194787,41.506647],[70.20363,41.506073],[70.206041,41.505603],[70.208392,41.504232],[70.211166,41.504201],[70.21505,41.502174],[70.217651,41.499556],[70.219264,41.495852],[70.222622,41.494201],[70.229164,41.491648],[70.240439,41.491385],[70.252771,41.495591],[70.255434,41.495648],[70.26154,41.496477],[70.267304,41.498123],[70.271235,41.500231],[70.27321,41.502865],[70.273545,41.504262],[70.27446,41.505641],[70.275139,41.510976],[70.276333,41.511734],[70.281747,41.51293],[70.287737,41.514863],[70.291968,41.517747],[70.299034,41.520651],[70.303138,41.520614],[70.306126,41.518114],[70.305836,41.516191],[70.310941,41.510567],[70.320488,41.506759],[70.323073,41.503202],[70.323498,41.501439],[70.325038,41.500482],[70.329233,41.499999],[70.331399,41.499982],[70.333288,41.499566],[70.335048,41.499438],[70.338386,41.500405],[70.338891,41.497279],[70.340042,41.496438],[70.342859,41.495797],[70.344966,41.494281],[70.348009,41.492982],[70.350294,41.492758],[70.352466,41.492993],[70.354591,41.492623],[70.357816,41.493057],[70.363472,41.492685],[70.363933,41.4917],[70.365105,41.490277],[70.366648,41.489353],[70.369295,41.487065],[70.372665,41.482623],[70.372991,41.481798],[70.372845,41.479606],[70.371963,41.477592],[70.375567,41.471661],[70.378062,41.468348],[70.380882,41.466599],[70.38966,41.46818],[70.392501,41.468351],[70.395053,41.469982],[70.396141,41.471025],[70.401073,41.470123],[70.407456,41.470356],[70.407418,41.467977],[70.411025,41.460712],[70.413245,41.458862],[70.416585,41.457662],[70.41753,41.456467],[70.418768,41.454377],[70.42225,41.451966],[70.423915,41.451912],[70.426573,41.451486],[70.433884,41.448241],[70.438566,41.446369],[70.441458,41.442896],[70.442144,41.440141],[70.447569,41.438418],[70.448513,41.436967],[70.45204,41.433508],[70.455604,41.432653],[70.463876,41.426907],[70.464906,41.425253],[70.465163,41.422941],[70.467147,41.420746],[70.468564,41.419538],[70.47014,41.416197],[70.469122,41.410174],[70.469173,41.40944],[70.46988,41.408794],[70.473368,41.408398],[70.476538,41.405885],[70.479169,41.404151],[70.48328,41.401027],[70.488009,41.398174],[70.49527,41.397547],[70.497455,41.399206],[70.498069,41.399341],[70.499528,41.400572],[70.501265,41.401161],[70.504557,41.402948],[70.507295,41.400865],[70.509838,41.399473],[70.513735,41.398875],[70.516243,41.400382],[70.517595,41.401879],[70.519278,41.402258],[70.523432,41.404474],[70.526004,41.404489],[70.529198,41.406168],[70.532449,41.406989],[70.535228,41.408856],[70.538712,41.408878],[70.541094,41.410242],[70.54295,41.40947],[70.549108,41.408693],[70.551018,41.409747],[70.551512,41.410238],[70.552238,41.413217],[70.552327,41.415339],[70.551831,41.416977],[70.552052,41.419393],[70.552906,41.420907],[70.554741,41.422186],[70.560202,41.425469],[70.564794,41.42604],[70.567568,41.426843],[70.567988,41.427669],[70.567854,41.428556],[70.566931,41.429588],[70.566331,41.431631],[70.566419,41.432366],[70.567245,41.434364],[70.568222,41.436002],[70.569628,41.437407],[70.568616,41.438545],[70.568548,41.440541],[70.569834,41.442547],[70.571856,41.443263],[70.57402,41.44374],[70.577026,41.443536],[70.577724,41.442876],[70.580848,41.44288],[70.582844,41.443234],[70.585872,41.442951],[70.590692,41.445492],[70.591735,41.446585],[70.591538,41.45085],[70.590916,41.452813],[70.590937,41.454147],[70.592298,41.455745],[70.594263,41.456817],[70.596231,41.456179],[70.599199,41.455852],[70.601116,41.454141],[70.603662,41.452905],[70.608136,41.452485],[70.612178,41.454061],[70.615933,41.456578],[70.617542,41.457977],[70.619712,41.459563],[70.622967,41.459418],[70.626926,41.4595],[70.630776,41.461119],[70.634243,41.459339],[70.636797,41.45839],[70.63826,41.457104],[70.641228,41.456919],[70.648085,41.45789],[70.649547,41.458609],[70.652644,41.460636],[70.65365,41.462857],[70.656957,41.464946],[70.65858,41.465775],[70.661951,41.467998],[70.663301,41.468532],[70.665996,41.470175],[70.66758,41.47043],[70.670803,41.470577],[70.674901,41.469725],[70.67812,41.46987],[70.68263,41.471606],[70.6868,41.471872],[70.688065,41.470055],[70.689771,41.468519],[70.696284,41.467627],[70.701573,41.465689],[70.707844,41.465886],[70.714131,41.465517],[70.715376,41.465742],[70.717165,41.465792],[70.716878,41.464359],[70.717765,41.459866],[70.716934,41.457814],[70.716494,41.455593],[70.715309,41.453595],[70.715912,41.451703],[70.717256,41.448905],[70.720879,41.442129],[70.724134,41.440272],[70.727073,41.438184],[70.728383,41.437473],[70.729949,41.436991],[70.73307,41.435055],[70.73357,41.431694],[70.733336,41.430386],[70.733617,41.429352],[70.734315,41.42899],[70.734401,41.427204],[70.73664,41.42708],[70.738113,41.426818],[70.738915,41.425664],[70.742351,41.421678],[70.742542,41.419588],[70.747181,41.418427],[70.749912,41.416104],[70.752465,41.413465],[70.754378,41.409577],[70.754389,41.407201],[70.757355,41.403535],[70.762934,41.401781],[70.76665,41.398971],[70.768521,41.396932],[70.769787,41.394566],[70.771391,41.392646],[70.77837,41.388384],[70.779507,41.386614],[70.779857,41.384894],[70.778724,41.383064],[70.778638,41.380874],[70.779024,41.380069],[70.779121,41.378531],[70.778753,41.375555],[70.777587,41.373749],[70.775865,41.37192],[70.775071,41.370825],[70.77572,41.369659],[70.777678,41.367932],[70.779116,41.366064],[70.779379,41.359433],[70.781176,41.354379],[70.784561,41.353055],[70.785247,41.350783],[70.787071,41.348722],[70.786132,41.347338],[70.784207,41.34728],[70.781299,41.346168],[70.779962,41.344808],[70.780355,41.340208],[70.780698,41.338597],[70.77914,41.335882],[70.778968,41.335043],[70.777059,41.333063],[70.777029,41.331685],[70.77782,41.331057],[70.781962,41.330823],[70.782754,41.330406],[70.785313,41.325658],[70.784762,41.323733],[70.784718,41.322834],[70.783837,41.320408],[70.777445,41.316803],[70.776713,41.315573],[70.776815,41.313175],[70.775211,41.311302],[70.77321,41.30565],[70.776397,41.295452],[70.777931,41.291123],[70.778446,41.287576],[70.777182,41.280196],[70.775634,41.277783],[70.773435,41.276437],[70.770166,41.271089],[70.768573,41.266904],[70.768444,41.265162],[70.769458,41.262896],[70.770285,41.261809],[70.773047,41.259606],[70.773702,41.258694],[70.774002,41.257759],[70.773449,41.25625],[70.773964,41.253053],[70.773106,41.251052],[70.772682,41.244155],[70.773471,41.240162],[70.773668,41.233445],[70.775471,41.224666],[70.77517,41.220083],[70.775962,41.21655],[70.781418,41.20724],[70.781535,41.202964],[70.782555,41.198377],[70.786333,41.194854],[70.787335,41.196008],[70.787671,41.200464],[70.794096,41.21043],[70.79592,41.211271],[70.79749,41.215586],[70.796224,41.223317],[70.797232,41.227206],[70.799571,41.230547],[70.802035,41.231444],[70.80725,41.231807],[70.809631,41.233316],[70.811369,41.235382],[70.814656,41.238454],[70.818794,41.2399],[70.824437,41.241352],[70.827516,41.246293],[70.82905,41.247354],[70.834225,41.2502],[70.837934,41.250814],[70.839275,41.250621],[70.840884,41.250992],[70.84446,41.250048],[70.846249,41.249282],[70.850091,41.248618],[70.851404,41.249076],[70.852515,41.249935],[70.853341,41.249758],[70.855243,41.250264],[70.858727,41.245386],[70.861816,41.24324],[70.862852,41.242905],[70.863794,41.242875],[70.86879,41.23806],[70.871601,41.236753],[70.872431,41.235582],[70.876472,41.23351],[70.877064,41.232377],[70.878586,41.230775],[70.878671,41.230169],[70.879385,41.22996],[70.879849,41.229391],[70.879943,41.228503],[70.879085,41.227491],[70.880222,41.226464],[70.880066,41.225943],[70.880125,41.225284],[70.88049,41.224537],[70.880227,41.223876],[70.880538,41.22323],[70.882201,41.223036],[70.882437,41.223173],[70.884237,41.221956],[70.88572,41.219292],[70.886085,41.2175],[70.888617,41.215386],[70.888875,41.214111],[70.891857,41.211899],[70.894775,41.210769],[70.896712,41.20859],[70.899079,41.208639],[70.904152,41.20675],[70.905097,41.204699],[70.907468,41.202689],[70.911504,41.200989],[70.912172,41.200276],[70.912247,41.199565],[70.913272,41.19877],[70.915214,41.198064],[70.917424,41.197753],[70.919763,41.196231],[70.920514,41.194819],[70.928228,41.192881],[70.931168,41.192962],[70.934129,41.191282],[70.937683,41.186585],[70.942326,41.175908],[70.950644,41.169279],[70.9626,41.165755],[70.965779,41.163536],[70.966744,41.164053],[70.966744,41.166734],[70.978289,41.169286],[70.991945,41.177865],[70.996499,41.176714],[71.008158,41.183063],[71.013387,41.185271],[71.025814,41.187717],[71.029799,41.18693],[71.032555,41.187649],[71.033236,41.189147],[71.03454,41.189833],[71.035055,41.190632],[71.035688,41.190814],[71.038938,41.190423],[71.041342,41.187746],[71.042115,41.187504],[71.043724,41.185162],[71.044732,41.18492],[71.045255,41.184239],[71.049399,41.181456],[71.05412,41.180907],[71.05471,41.181206],[71.055687,41.180519],[71.05794,41.180253],[71.058324,41.179883],[71.061974,41.178234],[71.067381,41.177152],[71.070857,41.177362],[71.071308,41.176748],[71.072742,41.176134],[71.073132,41.175634],[71.074011,41.17565],[71.075363,41.173825],[71.075084,41.173227],[71.076436,41.17313],[71.077402,41.17221],[71.077466,41.171596],[71.078937,41.167694],[71.08002,41.167816],[71.081414,41.168753],[71.083088,41.168769],[71.084424,41.168081],[71.084911,41.166742],[71.086521,41.164085],[71.088927,41.161943],[71.090393,41.161869],[71.091675,41.160746],[71.094484,41.158985],[71.094736,41.157448],[71.096184,41.157072],[71.096427,41.156851],[71.096603,41.155858],[71.097803,41.155827],[71.100049,41.153589],[71.100825,41.153961],[71.101937,41.154823],[71.10625,41.154596],[71.111914,41.147329],[71.116351,41.145105],[71.119823,41.14555],[71.12113,41.144138],[71.121027,41.143798],[71.122522,41.143338],[71.122623,41.143541],[71.123913,41.143249],[71.124063,41.143416],[71.127122,41.14358],[71.143906,41.152519],[71.161758,41.166905],[71.167358,41.169396],[71.177674,41.169082],[71.187836,41.180892],[71.195403,41.185744],[71.202384,41.185539],[71.211646,41.168248],[71.217766,41.16732],[71.224503,41.170998],[71.223642,41.179894],[71.224353,41.186309],[71.226707,41.188822],[71.230425,41.192024],[71.231439,41.191421],[71.232089,41.19168],[71.231859,41.192126],[71.232507,41.192276],[71.233464,41.191792],[71.239899,41.19123],[71.251843,41.183154],[71.257469,41.18636],[71.266938,41.180286],[71.272515,41.173389],[71.278197,41.150012],[71.275084,41.113326],[71.277713,41.109687],[71.279807,41.10587],[71.279381,41.101909],[71.277235,41.099419],[71.279983,41.100161],[71.283015,41.101653],[71.293475,41.102474],[71.293138,41.105281],[71.303827,41.109334],[71.303252,41.110498],[71.303626,41.110943],[71.311124,41.112625],[71.316099,41.116279],[71.322318,41.12182],[71.335089,41.12353],[71.346704,41.127237],[71.350417,41.127542],[71.351221,41.127224],[71.352246,41.124797],[71.356708,41.12512],[71.368882,41.120962],[71.373159,41.120983],[71.373224,41.125402],[71.375791,41.125993],[71.37681,41.126428],[71.378011,41.1256],[71.381412,41.126033],[71.38135,41.125207],[71.378785,41.120099],[71.378678,41.118865],[71.382937,41.119065],[71.387765,41.120843],[71.395693,41.107307],[71.396153,41.107567],[71.401803,41.112529],[71.412564,41.119036],[71.427131,41.129346],[71.42996,41.131079],[71.432007,41.132604],[71.433025,41.133962],[71.439043,41.143592],[71.440971,41.146184],[71.451653,41.156998],[71.45113,41.157768],[71.451216,41.159222],[71.451916,41.160683],[71.451893,41.161052],[71.451182,41.162024],[71.450261,41.162258],[71.450037,41.163396],[71.449267,41.163712],[71.44923,41.163996],[71.449692,41.164452],[71.4494,41.164956],[71.447607,41.164786],[71.445502,41.164925],[71.445507,41.165206],[71.445988,41.165409],[71.446163,41.165666],[71.446025,41.166127],[71.446121,41.167022],[71.445675,41.16743],[71.445178,41.167607],[71.444935,41.168174],[71.444691,41.168314],[71.443322,41.168532],[71.443042,41.168718],[71.443367,41.169588],[71.443297,41.169992],[71.443117,41.1703],[71.442444,41.170796],[71.442495,41.171465],[71.441892,41.172201],[71.441463,41.172301],[71.440802,41.172037],[71.439351,41.170696],[71.438073,41.170106],[71.437418,41.169981],[71.437075,41.170143],[71.436244,41.170976],[71.436254,41.171873],[71.435302,41.17268],[71.435517,41.174128],[71.436465,41.17649],[71.436344,41.17668],[71.435421,41.177118],[71.43542,41.17792],[71.435565,41.17821],[71.436152,41.178452],[71.436047,41.178738],[71.433259,41.178166],[71.432954,41.178441],[71.43242,41.180339],[71.432404,41.182115],[71.431917,41.182552],[71.432077,41.182974],[71.431809,41.184026],[71.430457,41.185155],[71.430984,41.187579],[71.430625,41.188192],[71.431084,41.189222],[71.436098,41.191541],[71.439495,41.193528],[71.440544,41.193995],[71.44134,41.194057],[71.442507,41.194596],[71.443535,41.195846],[71.444196,41.197362],[71.445032,41.198052],[71.446609,41.198858],[71.448627,41.200483],[71.448505,41.201079],[71.452859,41.202708],[71.458705,41.207342],[71.457856,41.210084],[71.460238,41.213375],[71.457225,41.215199],[71.458057,41.218016],[71.456112,41.22189],[71.451451,41.224942],[71.448433,41.225347],[71.448042,41.227055],[71.45109,41.230441],[71.454159,41.236506],[71.452186,41.238862],[71.451842,41.242153],[71.448189,41.244906],[71.442359,41.248133],[71.444347,41.254185],[71.447752,41.258214],[71.456871,41.262557],[71.453827,41.267524],[71.450281,41.268582],[71.452352,41.278018],[71.448533,41.280167],[71.447449,41.280975],[71.446611,41.285035],[71.449548,41.287472],[71.45983,41.293352],[71.465347,41.295755],[71.470515,41.296831],[71.476683,41.295245],[71.483067,41.295899],[71.489353,41.29478],[71.492076,41.295215],[71.498152,41.296535],[71.499758,41.299388],[71.511397,41.306617],[71.516423,41.307385],[71.518913,41.305765],[71.519876,41.303898],[71.519983,41.30064],[71.522633,41.297214],[71.522335,41.296293],[71.521817,41.295492],[71.521869,41.294057],[71.523601,41.291507],[71.529562,41.293635],[71.529746,41.293356],[71.530948,41.292773],[71.532487,41.292738],[71.532476,41.292865],[71.533518,41.293124],[71.535047,41.293855],[71.537034,41.294415],[71.550837,41.291279],[71.560267,41.289988],[71.563132,41.291142],[71.569811,41.295508],[71.57954,41.303126],[71.581092,41.304901],[71.582347,41.306832],[71.586221,41.308024],[71.591855,41.310787],[71.592899,41.313276],[71.594711,41.315254],[71.596638,41.31657],[71.600105,41.319489],[71.601292,41.322013],[71.603203,41.322023],[71.604671,41.32476],[71.604957,41.327053],[71.606938,41.328316],[71.610921,41.335016],[71.614646,41.336249],[71.620301,41.335516],[71.625617,41.337648],[71.62824,41.339717],[71.630787,41.340081],[71.636351,41.342503],[71.637997,41.345583],[71.638325,41.350508],[71.63966,41.352651],[71.642203,41.352796],[71.644988,41.354428],[71.646679,41.357202],[71.64638,41.358266],[71.646594,41.359345],[71.64842,41.3599],[71.65043,41.362138],[71.650463,41.365518],[71.652023,41.365696],[71.652296,41.367149],[71.654657,41.36859],[71.654875,41.369765],[71.654768,41.370543],[71.655792,41.371651],[71.657268,41.37488],[71.658143,41.376164],[71.659769,41.377548],[71.660246,41.37834],[71.66002,41.378997],[71.660202,41.380129],[71.661217,41.380758],[71.662341,41.382118],[71.661493,41.383519],[71.659686,41.385053],[71.658253,41.387289],[71.659161,41.389601],[71.650834,41.393141],[71.650568,41.393778],[71.650799,41.395061],[71.650613,41.39825],[71.651495,41.398978],[71.653188,41.399937],[71.653851,41.400104],[71.657384,41.399258],[71.658987,41.399175],[71.661611,41.400021],[71.665701,41.401563],[71.666422,41.402409],[71.665388,41.404434],[71.666114,41.405148],[71.667234,41.405556],[71.667686,41.406275],[71.669343,41.40698],[71.670661,41.407173],[71.671373,41.407884],[71.671895,41.407942],[71.672553,41.407407],[71.674914,41.406995],[71.675138,41.40715],[71.675206,41.407693],[71.674574,41.408251],[71.671977,41.409146],[71.671493,41.410143],[71.67125,41.411196],[71.672362,41.412404],[71.673548,41.412945],[71.675692,41.414534],[71.677891,41.415619],[71.678879,41.415816],[71.679346,41.416998],[71.679538,41.418462],[71.680207,41.420732],[71.68079,41.422047],[71.677136,41.42596],[71.67688,41.428141],[71.67784,41.432699],[71.675413,41.433689],[71.675978,41.43513],[71.675293,41.435836],[71.674365,41.436472],[71.673146,41.437962],[71.672795,41.440571],[71.67203,41.443917],[71.663137,41.451992],[71.664759,41.455139],[71.665594,41.458034],[71.665268,41.460574],[71.664483,41.461936],[71.664502,41.463656],[71.66287,41.464395],[71.661076,41.464466],[71.659392,41.465092],[71.657077,41.468364],[71.651087,41.481973],[71.649516,41.481421],[71.646938,41.479887],[71.643691,41.478909],[71.642161,41.478752],[71.641532,41.477896],[71.639162,41.479049],[71.636267,41.478634],[71.633597,41.478016],[71.629405,41.477696],[71.627198,41.476598],[71.625522,41.476373],[71.624069,41.475987],[71.621169,41.473267],[71.620093,41.472451],[71.617327,41.472512],[71.611711,41.472078],[71.605899,41.473416],[71.601593,41.476798],[71.60249,41.477725],[71.603537,41.477455],[71.604415,41.477447],[71.607199,41.47836],[71.609931,41.480295],[71.610682,41.480315],[71.610855,41.480496],[71.612896,41.481243],[71.61825,41.485628],[71.618051,41.487566],[71.619928,41.487143],[71.624107,41.488771],[71.627475,41.486599],[71.62833,41.487031],[71.630393,41.486452],[71.632146,41.488195],[71.63509,41.489037],[71.639425,41.487287],[71.643159,41.487075],[71.646358,41.487992],[71.657704,41.492107],[71.660956,41.492369],[71.663646,41.495083],[71.665196,41.497349],[71.665728,41.497638],[71.666223,41.497701],[71.66945,41.497427],[71.670271,41.497757],[71.670837,41.498554],[71.670979,41.500305],[71.67144,41.501529],[71.672485,41.50288],[71.67348,41.503775],[71.673844,41.504729],[71.673894,41.505669],[71.678429,41.509001],[71.677797,41.512612],[71.676582,41.514934],[71.683006,41.520162],[71.692355,41.524955],[71.692166,41.527275],[71.69349,41.528088],[71.698361,41.528769],[71.6979,41.530508],[71.697766,41.53209],[71.699435,41.535299],[71.706214,41.535571],[71.706053,41.542327],[71.708316,41.542254],[71.710737,41.542846],[71.712159,41.544029],[71.714544,41.54523],[71.716934,41.547142],[71.717435,41.548241],[71.723157,41.547834],[71.729256,41.545629],[71.733574,41.543483],[71.735243,41.541444],[71.736084,41.539584],[71.737032,41.538991],[71.737151,41.538762],[71.735495,41.536519],[71.73527,41.535871],[71.736934,41.533443],[71.7358,41.532317],[71.73545,41.531001],[71.734787,41.530004],[71.732141,41.527162],[71.728606,41.52542],[71.727551,41.525116],[71.727174,41.52524],[71.726915,41.526324],[71.726508,41.526295],[71.725538,41.525203],[71.724441,41.525019],[71.723909,41.524036],[71.722571,41.523563],[71.720838,41.523615],[71.720249,41.522599],[71.720455,41.522049],[71.719859,41.521532],[71.720117,41.520754],[71.720881,41.520192],[71.722788,41.520027],[71.723602,41.520241],[71.724004,41.521048],[71.724951,41.521363],[71.728174,41.517991],[71.729347,41.517282],[71.732371,41.516691],[71.73393,41.516063],[71.731726,41.515046],[71.729788,41.511269],[71.731275,41.509568],[71.729059,41.509374],[71.728113,41.508749],[71.729255,41.507473],[71.729219,41.506598],[71.729834,41.505225],[71.729761,41.504776],[71.725637,41.502154],[71.723918,41.502192],[71.723028,41.500654],[71.724534,41.497364],[71.726143,41.49579],[71.727563,41.493901],[71.727785,41.493236],[71.726053,41.49301],[71.725158,41.493138],[71.72433,41.491985],[71.723347,41.492417],[71.722237,41.493346],[71.72132,41.49366],[71.720811,41.494145],[71.718751,41.494479],[71.717669,41.494356],[71.717568,41.493381],[71.716437,41.492181],[71.71272,41.493268],[71.712651,41.492305],[71.714983,41.487562],[71.712861,41.487151],[71.71156,41.487655],[71.710992,41.487653],[71.711995,41.484497],[71.714368,41.478377],[71.717802,41.473105],[71.716387,41.472124],[71.71619,41.471833],[71.719005,41.471037],[71.71985,41.470503],[71.720889,41.469514],[71.719971,41.468488],[71.720126,41.467849],[71.721962,41.466851],[71.721015,41.464358],[71.719474,41.463478],[71.7188,41.461333],[71.717526,41.460445],[71.716364,41.460798],[71.715095,41.460829],[71.71192,41.459333],[71.711566,41.458993],[71.711523,41.458605],[71.70971,41.457944],[71.7084,41.457881],[71.706962,41.458591],[71.707059,41.457552],[71.707949,41.456812],[71.708145,41.454626],[71.707477,41.454148],[71.705443,41.45385],[71.704006,41.452419],[71.702942,41.45218],[71.703448,41.451528],[71.699278,41.448606],[71.696881,41.44533],[71.697063,41.444441],[71.696798,41.444015],[71.697008,41.443815],[71.698615,41.443974],[71.698768,41.443902],[71.698683,41.443163],[71.697532,41.441116],[71.696516,41.438827],[71.695715,41.438019],[71.696078,41.43653],[71.695186,41.433974],[71.69521,41.433421],[71.694351,41.428734],[71.69078,41.425147],[71.690004,41.42278],[71.689678,41.421221],[71.6886,41.420245],[71.688161,41.419509],[71.689377,41.418189],[71.689445,41.416252],[71.692156,41.415415],[71.695758,41.412964],[71.698448,41.410409],[71.701241,41.407141],[71.705494,41.404483],[71.706396,41.401883],[71.708012,41.401484],[71.71005,41.399982],[71.712155,41.399033],[71.714296,41.399639],[71.717166,41.401938],[71.724891,41.402335],[71.727833,41.40889],[71.728369,41.412804],[71.720695,41.415692],[71.72091,41.41857],[71.728207,41.425697],[71.720234,41.43374],[71.724566,41.434958],[71.72245,41.435962],[71.725439,41.439822],[71.729817,41.444244],[71.735944,41.442614],[71.739356,41.442754],[71.742057,41.443169],[71.74531,41.4417],[71.748305,41.440885],[71.75293,41.434159],[71.75956,41.43528],[71.763284,41.43951],[71.769856,41.446162],[71.77362,41.447963],[71.777392,41.446673],[71.782147,41.443894],[71.786271,41.441922],[71.792086,41.439477],[71.793223,41.433731],[71.794886,41.42883],[71.793805,41.425566],[71.794584,41.419991],[71.792786,41.417196],[71.794595,41.413237],[71.796506,41.41109],[71.79702,41.40851],[71.799713,41.408059],[71.804474,41.399881],[71.805499,41.39927],[71.806339,41.399449],[71.80686,41.399963],[71.806952,41.401162],[71.807249,41.40125],[71.807859,41.401067],[71.809763,41.397779],[71.811759,41.395791],[71.812704,41.395814],[71.812443,41.393191],[71.813381,41.392664],[71.813913,41.392743],[71.814472,41.392205],[71.815074,41.392053],[71.815618,41.39202],[71.816935,41.392632],[71.820147,41.391537],[71.825835,41.388658],[71.827454,41.386899],[71.829683,41.38795],[71.830967,41.38765],[71.830467,41.386282],[71.830595,41.384931],[71.83082,41.384714],[71.831561,41.384497],[71.831668,41.384255],[71.830323,41.38198],[71.830279,41.381548],[71.830798,41.381184],[71.831607,41.381145],[71.831754,41.380866],[71.831275,41.380518],[71.831137,41.379987],[71.830241,41.379376],[71.830813,41.376728],[71.833774,41.377034],[71.835791,41.37674],[71.840669,41.374477],[71.836381,41.368701],[71.835523,41.368548],[71.835523,41.366277],[71.834879,41.365891],[71.834943,41.365005],[71.833849,41.363781],[71.833482,41.362232],[71.834192,41.359046],[71.835372,41.35874],[71.836853,41.357516],[71.83799,41.355857],[71.838267,41.354729],[71.840179,41.354287],[71.843194,41.352499],[71.845829,41.352439],[71.857536,41.35136],[71.866674,41.349155],[71.867458,41.350097],[71.867119,41.351535],[71.867541,41.35298],[71.868777,41.35372],[71.870765,41.354004],[71.872621,41.355613],[71.874312,41.357629],[71.87509,41.35916],[71.876375,41.361098],[71.878172,41.362255],[71.878599,41.363574],[71.878555,41.364369],[71.878928,41.3643],[71.878939,41.363616],[71.879734,41.362548],[71.882619,41.362],[71.884374,41.360214],[71.883184,41.358593],[71.883126,41.357322],[71.892079,41.350474],[71.893439,41.34268],[71.880415,41.337847],[71.88744,41.325805],[71.890616,41.321946],[71.89356,41.317712],[71.900315,41.309064],[71.90256,41.307419],[71.906642,41.305303],[71.909081,41.302967],[71.914045,41.301045],[71.920507,41.297424],[71.923556,41.295938],[71.92519,41.294563],[71.925132,41.294222],[71.922726,41.292008],[71.920443,41.290457],[71.918815,41.288604],[71.914247,41.285362],[71.916438,41.284601],[71.915796,41.284176],[71.914487,41.284095],[71.913446,41.283741],[71.912584,41.282479],[71.910329,41.280061],[71.910039,41.278669],[71.909258,41.277933],[71.913371,41.262582],[71.913149,41.261061],[71.913455,41.257966],[71.911197,41.256765],[71.903967,41.256011],[71.900232,41.255458],[71.899174,41.25456],[71.898688,41.252561],[71.896731,41.251443],[71.89538,41.250092],[71.895196,41.243159],[71.895432,41.241255],[71.890755,41.238448],[71.89127,41.236414],[71.890401,41.235301],[71.88981,41.233026],[71.87855,41.225155],[71.869319,41.21761],[71.862007,41.200848],[71.863602,41.197459],[71.871643,41.194268],[71.883811,41.193257],[71.885163,41.190551],[71.883353,41.17883],[71.886365,41.167813],[71.895373,41.161875],[71.904571,41.159334],[71.907394,41.159214],[71.912069,41.159933],[71.91374,41.16053],[71.914933,41.159933],[71.916843,41.158005],[71.917649,41.156227],[71.918579,41.155966],[71.920467,41.156066],[71.92212,41.155547],[71.923994,41.156389],[71.925426,41.155065],[71.926857,41.154382],[71.930047,41.153584],[71.93064,41.153198],[71.930489,41.152401],[71.931374,41.15212],[71.932712,41.152015],[71.933807,41.151621],[71.934982,41.151673],[71.935844,41.150613],[71.93688,41.150357],[71.942625,41.145358],[71.95164,41.146104],[71.960175,41.15697],[71.987374,41.156994],[71.992877,41.157443],[72.006605,41.156521],[72.006253,41.152008],[72.010287,41.145757],[72.01281,41.142358],[72.016315,41.140764],[72.019466,41.139653],[72.021826,41.137887],[72.026387,41.136528],[72.0309,41.136602],[72.035726,41.135946],[72.036721,41.135705],[72.041953,41.133241],[72.045283,41.132459],[72.047684,41.132423],[72.049183,41.131779],[72.050537,41.129813],[72.052954,41.129776],[72.053985,41.129473],[72.055549,41.127203],[72.056838,41.127543],[72.05774,41.127482],[72.057815,41.12685],[72.06019,41.126025],[72.061871,41.124729],[72.062506,41.123555],[72.064296,41.121297],[72.067353,41.119472],[72.068599,41.118075],[72.07109,41.117437],[72.074165,41.121683],[72.079041,41.125202],[72.093697,41.134766],[72.094688,41.137007],[72.095441,41.141084],[72.099606,41.146381],[72.102176,41.148062],[72.104513,41.150538],[72.10738,41.152835],[72.110558,41.153985],[72.120354,41.153339],[72.126345,41.155725],[72.130652,41.159189],[72.133933,41.161538],[72.136966,41.16235],[72.139318,41.16142],[72.146919,41.159219],[72.155379,41.160201],[72.16384,41.164107],[72.166454,41.162113],[72.168559,41.163996],[72.175043,41.158125],[72.17674,41.156771],[72.176188,41.156116],[72.176357,41.155837],[72.172837,41.151489],[72.171105,41.150081],[72.16952,41.148393],[72.164895,41.144645],[72.151512,41.138349],[72.149649,41.138253],[72.148071,41.137853],[72.14567,41.137611],[72.146148,41.136653],[72.149007,41.13637],[72.150873,41.136892],[72.150032,41.12534],[72.156852,41.123455],[72.158256,41.123765],[72.159702,41.123084],[72.163212,41.122552],[72.166699,41.12068],[72.168704,41.118998],[72.178873,41.116658],[72.179571,41.107912],[72.179542,41.106428],[72.185832,41.104],[72.186579,41.101634],[72.189854,41.102238],[72.190028,41.102164],[72.193111,41.086137],[72.198209,41.076569],[72.201489,41.072944],[72.203691,41.066774],[72.203128,41.065083],[72.203197,41.064518],[72.20622,41.062848],[72.207383,41.061917],[72.208477,41.059503],[72.208262,41.054936],[72.208661,41.053726],[72.210115,41.050817],[72.209639,41.046097],[72.208694,41.042907],[72.208583,41.041477],[72.2088,41.040376],[72.208521,41.039218],[72.209284,41.03792],[72.209347,41.037466],[72.208781,41.035075],[72.208789,41.033412],[72.208213,41.032],[72.208465,41.030985],[72.207758,41.028469],[72.20663,41.028218],[72.205908,41.027694],[72.205148,41.027872],[72.202052,41.028891],[72.201794,41.029724],[72.197471,41.031068],[72.197114,41.028855],[72.196818,41.028632],[72.196947,41.028122],[72.193045,41.024441],[72.190837,41.021286],[72.185967,41.012369],[72.184036,41.009346],[72.183274,41.008834],[72.182398,41.006903],[72.161534,41.013401],[72.159031,41.005322],[72.163219,41.003129],[72.165758,41.002144],[72.166169,41.001654],[72.166423,41.000588],[72.166733,41.000071],[72.171537,40.994843],[72.171616,40.9924],[72.171017,40.991766],[72.171434,40.991508],[72.171359,40.990843],[72.171551,40.988737],[72.171764,40.988032],[72.172003,40.987872],[72.175305,40.988094],[72.17536,40.988639],[72.177234,40.989331],[72.177472,40.990089],[72.182239,40.992637],[72.181847,40.993952],[72.183593,40.994573],[72.184524,40.996875],[72.188108,40.997432],[72.192028,40.997253],[72.193351,40.997512],[72.195024,40.997284],[72.196506,40.997296],[72.200386,40.998694],[72.208911,40.997594],[72.209071,40.997627],[72.208796,40.998357],[72.20883,40.998706],[72.209016,40.998814],[72.213566,40.999966],[72.216693,41.000027],[72.218,41.000212],[72.21998,41.000921],[72.221581,41.00017],[72.223107,41.000201],[72.223708,41.000039],[72.225857,41.000807],[72.227009,41.001017],[72.23018,41.00119],[72.233686,41.00165],[72.234578,41.001992],[72.236134,41.001994],[72.236781,41.001801],[72.238485,41.00208],[72.239666,41.002761],[72.240289,41.003727],[72.241742,41.004683],[72.242022,41.005083],[72.242827,41.004298],[72.24471,41.004678],[72.245145,41.004598],[72.246606,41.00378],[72.244918,41.003096],[72.244415,41.002819],[72.244293,41.002575],[72.244995,41.001766],[72.244996,41.001326],[72.245804,41.001232],[72.246049,41.001043],[72.247282,41.001878],[72.24808,41.002077],[72.24837,41.002302],[72.249587,41.002511],[72.252103,41.003266],[72.253637,41.004136],[72.254346,41.004148],[72.25499,41.004486],[72.256917,41.004856],[72.256978,41.004998],[72.259857,41.005929],[72.259895,41.006213],[72.259435,41.006842],[72.259634,41.007667],[72.260571,41.007892],[72.261751,41.00904],[72.262405,41.008945],[72.262855,41.009138],[72.263143,41.009666],[72.26445,41.010006],[72.264505,41.010415],[72.265906,41.011527],[72.266546,41.011642],[72.267036,41.011297],[72.268362,41.010925],[72.269321,41.010833],[72.270761,41.011091],[72.271548,41.011532],[72.271421,41.011978],[72.272237,41.012413],[72.272857,41.01328],[72.275492,41.01424],[72.276419,41.014997],[72.278467,41.015634],[72.279014,41.015993],[72.279121,41.016482],[72.279788,41.016996],[72.279941,41.018785],[72.281807,41.019804],[72.282343,41.020379],[72.284075,41.020479],[72.286347,41.022182],[72.286913,41.022749],[72.287257,41.023445],[72.288337,41.024105],[72.28889,41.024785],[72.28887,41.025183],[72.287899,41.025908],[72.288696,41.026505],[72.290419,41.026777],[72.290921,41.027321],[72.290762,41.027537],[72.289567,41.027843],[72.289731,41.028427],[72.292234,41.028597],[72.294496,41.029812],[72.29983,41.028993],[72.300649,41.02922],[72.30178,41.029051],[72.303,41.029747],[72.304114,41.02956],[72.304901,41.030269],[72.305211,41.030287],[72.305721,41.029927],[72.306169,41.030119],[72.30676,41.031652],[72.307385,41.03237],[72.308233,41.032456],[72.308723,41.032162],[72.308625,41.031534],[72.309016,41.030613],[72.310069,41.030987],[72.310538,41.03082],[72.310434,41.030083],[72.310959,41.029848],[72.31238,41.030109],[72.315786,41.030857],[72.317175,41.031729],[72.321646,41.03398],[72.322542,41.034863],[72.330288,41.036926],[72.329596,41.038174],[72.329719,41.039138],[72.332548,41.041672],[72.334043,41.041783],[72.33538,41.043148],[72.337527,41.043043],[72.338523,41.043688],[72.339445,41.044615],[72.340127,41.045529],[72.34162,41.048416],[72.344913,41.055571],[72.347192,41.059425],[72.347698,41.060021],[72.350392,41.060351],[72.350944,41.057416],[72.352179,41.055782],[72.352821,41.055322],[72.353642,41.054171],[72.354693,41.053195],[72.357012,41.04961],[72.357121,41.049151],[72.357929,41.048535],[72.358236,41.04804],[72.35894,41.047615],[72.359596,41.046597],[72.361967,41.045715],[72.361446,41.0455],[72.360646,41.044634],[72.360472,41.04465],[72.360577,41.044238],[72.361909,41.043323],[72.364306,41.042597],[72.366027,41.041854],[72.368063,41.041532],[72.370628,41.041373],[72.37264,41.041567],[72.373501,41.041196],[72.374596,41.04125],[72.375746,41.040978],[72.377156,41.040965],[72.381361,41.03157],[72.388807,41.029067],[72.390033,41.028411],[72.393147,41.027556],[72.395118,41.027543],[72.396968,41.027833],[72.399406,41.027735],[72.405063,41.028069],[72.408308,41.027836],[72.410878,41.027114],[72.41678,41.026396],[72.418266,41.028449],[72.421029,41.028683],[72.422031,41.029076],[72.422878,41.030041],[72.423081,41.03058],[72.423506,41.030884],[72.423864,41.031791],[72.425228,41.032433],[72.42573,41.032885],[72.426122,41.034454],[72.428371,41.03367],[72.431036,41.033597],[72.432848,41.032962],[72.434184,41.032623],[72.434919,41.03261],[72.435803,41.031938],[72.43712,41.031602],[72.440543,41.031288],[72.441643,41.031415],[72.442492,41.031709],[72.443345,41.030476],[72.444115,41.031645],[72.444374,41.031603],[72.445112,41.031298],[72.446432,41.030236],[72.447795,41.029484],[72.450089,41.029005],[72.453014,41.027477],[72.453905,41.026389],[72.467367,41.015433],[72.473436,41.011917],[72.480389,41.008335],[72.486465,41.002644],[72.487873,41.000874],[72.488015,40.998423],[72.485489,40.990855],[72.487139,40.989917],[72.49097,40.989923],[72.494229,40.988395],[72.496834,40.9883],[72.496671,40.987107],[72.497022,40.986708],[72.498158,40.986282],[72.498573,40.986285],[72.499875,40.986919],[72.501403,40.987232],[72.501605,40.987155],[72.501649,40.986997],[72.500254,40.984324],[72.496679,40.981649],[72.494906,40.979756],[72.488546,40.975706],[72.487804,40.974516],[72.487808,40.973661],[72.48865,40.972453],[72.489439,40.971902],[72.49082,40.970068],[72.495241,40.968211],[72.495789,40.967473],[72.49604,40.967468],[72.49708,40.96839],[72.49754,40.968539],[72.498719,40.967897],[72.49925,40.967268],[72.499711,40.967288],[72.500135,40.967523],[72.500881,40.968338],[72.503623,40.970004],[72.503929,40.970475],[72.505568,40.971001],[72.506073,40.970712],[72.506407,40.969389],[72.507576,40.968423],[72.509282,40.969114],[72.511374,40.969673],[72.512736,40.969518],[72.514004,40.969682],[72.514268,40.969401],[72.515259,40.969137],[72.515861,40.969272],[72.517718,40.968861],[72.517909,40.96862],[72.519247,40.969372],[72.51968,40.969452],[72.521946,40.967994],[72.522265,40.967608],[72.524873,40.966041],[72.525093,40.965426],[72.523813,40.963621],[72.521071,40.961867],[72.525116,40.959578],[72.525272,40.959593],[72.529195,40.963928],[72.53124,40.961456],[72.531547,40.961331],[72.538096,40.961661],[72.540142,40.962233],[72.542193,40.963248],[72.543376,40.964177],[72.54263,40.964768],[72.544827,40.965802],[72.546328,40.96476],[72.551467,40.961821],[72.551656,40.961403],[72.551521,40.959891],[72.549927,40.958597],[72.549698,40.957543],[72.550701,40.956266],[72.555983,40.954843],[72.55672,40.95477],[72.558767,40.951897],[72.558894,40.951113],[72.559307,40.950414],[72.560319,40.949495],[72.561395,40.948797],[72.561862,40.94721],[72.562446,40.946239],[72.560635,40.943427],[72.561328,40.942953],[72.563169,40.942607],[72.563573,40.941975],[72.56307,40.940259],[72.564106,40.938644],[72.567394,40.936376],[72.56938,40.934437],[72.57071,40.932555],[72.570932,40.931425],[72.573837,40.928139],[72.577045,40.922586],[72.580297,40.920611],[72.584035,40.918001],[72.589159,40.91241],[72.591246,40.906844],[72.592935,40.905052],[72.591875,40.903869],[72.590832,40.900932],[72.587413,40.896476],[72.586711,40.894238],[72.584003,40.889366],[72.577948,40.883339],[72.577056,40.882127],[72.574767,40.88031],[72.573371,40.87993],[72.572844,40.878943],[72.572821,40.877541],[72.573806,40.876728],[72.576506,40.875551],[72.578521,40.875101],[72.587287,40.873872],[72.589942,40.873249],[72.594313,40.870844],[72.596167,40.87029],[72.598433,40.870584],[72.606444,40.873561],[72.608527,40.87318],[72.611068,40.871415],[72.613654,40.86887],[72.616584,40.866828],[72.61901,40.866447],[72.620452,40.865911],[72.622214,40.865616],[72.629767,40.862328],[72.631649,40.861842],[72.642462,40.859858],[72.659703,40.854823],[72.676363,40.851661],[72.691693,40.850963],[72.697721,40.854615],[72.712603,40.848693],[72.719579,40.849827],[72.752212,40.851567],[72.772214,40.853117],[72.786503,40.852921],[72.802193,40.853225],[72.82142,40.853949],[72.829296,40.856816],[72.834007,40.85598],[72.867523,40.843719],[72.880691,40.83741],[72.892266,40.829857],[72.899783,40.821948],[72.900312,40.815544],[72.916085,40.806604],[72.927353,40.803988],[72.939054,40.800424],[72.947763,40.803367],[72.955261,40.804681],[72.958134,40.805],[72.957209,40.807069],[72.95706,40.807771],[72.957933,40.808924],[72.957746,40.811634],[72.958465,40.812617],[72.958065,40.814611],[72.958772,40.815853],[72.960521,40.81642],[72.960973,40.817512],[72.961163,40.817565],[72.962164,40.817073],[72.962492,40.817202],[72.962265,40.818502],[72.963552,40.819327],[72.964697,40.820914],[72.966032,40.821397],[72.969223,40.82201],[72.969626,40.820138],[72.971712,40.820594],[72.972441,40.821312],[72.972622,40.820561],[72.973274,40.820583],[72.973567,40.819759],[72.976192,40.819738],[72.975945,40.822559],[72.977011,40.822747],[72.977082,40.822873],[72.977965,40.822879],[72.978427,40.824191],[72.97932,40.82408],[72.979473,40.824705],[72.980469,40.826654],[72.979914,40.829493],[72.980596,40.829351],[72.981181,40.829484],[72.983107,40.83026],[72.983755,40.830722],[72.985026,40.830457],[72.989706,40.83049],[72.990533,40.830284],[72.992997,40.830422],[72.994688,40.831433],[72.995434,40.832098],[72.996293,40.833311],[72.996956,40.833955],[72.997773,40.833925],[72.999149,40.838097],[72.999738,40.840441],[72.999938,40.842898],[73.00588,40.839611],[73.006441,40.840998],[73.007405,40.841446],[73.008029,40.84132],[73.008312,40.841449],[73.011325,40.843549],[73.012417,40.84459],[73.012937,40.844301],[73.014054,40.845357],[73.01842,40.846375],[73.020629,40.846294],[73.021625,40.846543],[73.023805,40.845613],[73.02467,40.844766],[73.025213,40.844549],[73.02565,40.843888],[73.025747,40.842899],[73.025499,40.842147],[73.025601,40.841769],[73.02616,40.8411],[73.028323,40.840333],[73.029007,40.83959],[73.029267,40.838957],[73.030964,40.839032],[73.033707,40.841168],[73.036466,40.843819],[73.03729,40.844229],[73.038245,40.844111],[73.039081,40.844351],[73.039495,40.844737],[73.043564,40.846919],[73.04678,40.844081],[73.054807,40.843255],[73.057499,40.844212],[73.057639,40.844069],[73.057369,40.84336],[73.05758,40.843088],[73.062365,40.841225],[73.063069,40.84154],[73.064011,40.841215],[73.068382,40.842503],[73.077965,40.842896],[73.083728,40.842646],[73.114492,40.844299],[73.121294,40.838404],[73.132152,40.84149],[73.138742,40.841521],[73.146487,40.832325],[73.145739,40.82724],[73.148502,40.816076],[73.143779,40.812687],[73.142942,40.811705],[73.142052,40.811744],[73.141728,40.811617],[73.141136,40.81087],[73.141408,40.810139],[73.13993,40.809127],[73.139931,40.808589],[73.139656,40.808081],[73.139655,40.805235],[73.1416,40.793037],[73.143279,40.79293],[73.143554,40.793138],[73.145751,40.795148],[73.147399,40.797036],[73.147765,40.798163],[73.148795,40.799271],[73.15216,40.801801],[73.152984,40.801957],[73.154334,40.802979],[73.155501,40.804123],[73.156257,40.805387],[73.156966,40.805994],[73.158065,40.80641],[73.159667,40.808003],[73.161704,40.809026],[73.162871,40.810862],[73.16429,40.810862],[73.16619,40.812611],[73.16706,40.813096],[73.167792,40.814257],[73.170218,40.814326],[73.170768,40.814881],[73.172049,40.815314],[73.172461,40.815695],[73.172736,40.816509],[73.174705,40.816855],[73.175528,40.817635],[73.176513,40.81767],[73.177245,40.818207],[73.180724,40.818553],[73.182189,40.819419],[73.184363,40.820406],[73.187018,40.820753],[73.189307,40.821498],[73.190749,40.821532],[73.192306,40.821792],[73.193908,40.820718],[73.196837,40.819956],[73.199653,40.821116],[73.200934,40.821238],[73.201781,40.820805],[73.202834,40.820666],[73.203658,40.820181],[73.204116,40.819575],[73.204368,40.8198],[73.204368,40.820389],[73.202491,40.821879],[73.202605,40.8229],[73.203338,40.822623],[73.204184,40.822],[73.2051,40.822519],[73.205558,40.822312],[73.207526,40.822312],[73.208327,40.822034],[73.20835,40.821688],[73.207984,40.821099],[73.208007,40.820753],[73.209449,40.819592],[73.209952,40.819765],[73.211074,40.819506],[73.211486,40.818778],[73.212949,40.819175],[73.213567,40.819486],[73.21375,40.819868],[73.214368,40.82011],[73.214773,40.819801],[73.214224,40.818883],[73.213354,40.818155],[73.209577,40.817012],[73.207655,40.815349],[73.205961,40.814933],[73.204931,40.814916],[73.204473,40.814517],[73.204725,40.81379],[73.203146,40.8123],[73.200147,40.810984],[73.199186,40.809927],[73.194036,40.806739],[73.192182,40.806653],[73.190122,40.805284],[73.188062,40.804747],[73.184858,40.80421],[73.182615,40.803465],[73.179502,40.803101],[73.17909,40.802477],[73.178587,40.802269],[73.178106,40.802598],[73.177511,40.802495],[73.177259,40.802269],[73.176984,40.801368],[73.175382,40.800727],[73.173803,40.799185],[73.17156,40.798648],[73.169935,40.797314],[73.168424,40.794507],[73.166662,40.794212],[73.166685,40.792999],[73.166502,40.79248],[73.166914,40.791353],[73.164648,40.790158],[73.164098,40.789083],[73.164785,40.788719],[73.165472,40.787541],[73.16625,40.787472],[73.167188,40.7869],[73.169157,40.7869],[73.171858,40.787194],[73.177053,40.786276],[73.178678,40.786276],[73.179388,40.785877],[73.180372,40.785808],[73.180875,40.784785],[73.181608,40.784214],[73.183256,40.784006],[73.18543,40.78229],[73.185362,40.781302],[73.185728,40.780921],[73.187238,40.78021],[73.188223,40.780401],[73.190077,40.779846],[73.191885,40.780678],[73.193762,40.779967],[73.193922,40.779465],[73.19502,40.779222],[73.194906,40.778893],[73.194471,40.778581],[73.194471,40.777922],[73.195112,40.777073],[73.195112,40.776172],[73.196096,40.775444],[73.196211,40.77508],[73.195432,40.774092],[73.193624,40.773953],[73.193006,40.77371],[73.19296,40.773],[73.193258,40.772549],[73.19383,40.772306],[73.19392,40.771541],[73.192181,40.771056],[73.19202,40.771541],[73.19257,40.77213],[73.192432,40.772668],[73.191677,40.772633],[73.190762,40.772234],[73.19051,40.77168],[73.189777,40.771073],[73.189503,40.770518],[73.190716,40.770276],[73.190556,40.769964],[73.18948,40.770102],[73.188976,40.769721],[73.188061,40.769513],[73.187603,40.768941],[73.188724,40.768334],[73.188473,40.767641],[73.189068,40.767086],[73.189526,40.765977],[73.189274,40.765907],[73.189114,40.764902],[73.188473,40.764902],[73.18774,40.766289],[73.187214,40.766254],[73.186916,40.766011],[73.186916,40.765457],[73.186665,40.765127],[73.186047,40.765179],[73.185612,40.764885],[73.184582,40.765127],[73.183758,40.764642],[73.183483,40.764157],[73.183872,40.763151],[73.18465,40.762856],[73.185635,40.761504],[73.186298,40.761574],[73.18861,40.761001],[73.189045,40.761314],[73.189297,40.761747],[73.189892,40.761695],[73.190327,40.76218],[73.19202,40.762146],[73.192478,40.762943],[73.192821,40.763134],[73.19376,40.76277],[73.194447,40.763429],[73.195293,40.763134],[73.195843,40.76199],[73.195843,40.761678],[73.195133,40.760949],[73.194267,40.760583],[73.193649,40.760583],[73.193122,40.761085],[73.191543,40.760305],[73.189369,40.76034],[73.188591,40.760167],[73.189094,40.759508],[73.189689,40.759092],[73.18946,40.758693],[73.188751,40.758832],[73.187652,40.760011],[73.187263,40.760236],[73.186004,40.760028],[73.185775,40.760375],[73.185501,40.760375],[73.184951,40.760063],[73.185043,40.759681],[73.185546,40.759698],[73.185867,40.758398],[73.186508,40.758051],[73.187904,40.756855],[73.188179,40.756422],[73.189964,40.757029],[73.190696,40.757011],[73.191085,40.756266],[73.19207,40.756231],[73.192093,40.755659],[73.191887,40.755295],[73.190216,40.755295],[73.190307,40.754931],[73.191314,40.754549],[73.191383,40.753752],[73.190742,40.75363],[73.191085,40.753058],[73.19001,40.75259],[73.188774,40.753734],[73.188156,40.753578],[73.186004,40.753925],[73.185386,40.753405],[73.184059,40.754411],[73.18415,40.754965],[73.183738,40.755104],[73.181793,40.754792],[73.179473,40.755584],[73.178684,40.756123],[73.178665,40.756342],[73.179165,40.756735],[73.179088,40.757289],[73.178492,40.757435],[73.177702,40.756779],[73.176933,40.756998],[73.176451,40.757552],[73.176702,40.757756],[73.176836,40.758791],[73.176182,40.759082],[73.175682,40.75847],[73.175297,40.758543],[73.174546,40.759155],[73.173969,40.760307],[73.172891,40.760526],[73.172467,40.760934],[73.171062,40.761575],[73.169831,40.76366],[73.168964,40.763922],[73.168945,40.76452],[73.169176,40.765059],[73.170062,40.766065],[73.169734,40.767071],[73.166058,40.770496],[73.164153,40.770978],[73.16269,40.77105],[73.162016,40.77054],[73.16117,40.770365],[73.159688,40.770628],[73.15861,40.771254],[73.157744,40.772158],[73.156223,40.773047],[73.155877,40.773689],[73.154568,40.774097],[73.148043,40.773149],[73.143174,40.771692],[73.141846,40.771663],[73.13971,40.770832],[73.139325,40.770832],[73.13867,40.771196],[73.1374,40.770642],[73.133974,40.76764],[73.132685,40.766969],[73.131761,40.765934],[73.131568,40.765599],[73.131915,40.765016],[73.13307,40.764505],[73.133243,40.764228],[73.13305,40.763398],[73.132742,40.763121],[73.132415,40.763645],[73.131491,40.764374],[73.129663,40.765016],[73.128489,40.764972],[73.127527,40.764403],[73.125409,40.764331],[73.124697,40.764462],[73.122099,40.763616],[73.120906,40.763456],[73.11773,40.762188],[73.117749,40.760948],[73.118346,40.76022],[73.120174,40.759695],[73.12079,40.75901],[73.121579,40.758456],[73.121868,40.757697],[73.122619,40.757493],[73.123042,40.757114],[73.123504,40.755496],[73.123908,40.75503],[73.123543,40.754067],[73.12412,40.752449],[73.124274,40.750991],[73.124774,40.749985],[73.125775,40.74946],[73.126526,40.74946],[73.126968,40.749154],[73.127065,40.748643],[73.127719,40.748162],[73.128181,40.747419],[73.129355,40.747039],[73.130356,40.747302],[73.131164,40.746544],[73.132396,40.746033],[73.13305,40.744911],[73.133647,40.744677],[73.134167,40.744094],[73.134648,40.743875],[73.135514,40.742811],[73.136765,40.742082],[73.137265,40.7416],[73.137419,40.741163],[73.13715,40.739224],[73.138362,40.737065],[73.138593,40.735724],[73.138921,40.734965],[73.141134,40.732836],[73.14175,40.731202],[73.14264,40.729896],[73.144333,40.728994],[73.146347,40.7283],[73.146759,40.72771],[73.148545,40.726773],[73.149346,40.72549],[73.14914,40.724172],[73.149208,40.723356],[73.148705,40.722368],[73.149575,40.721674],[73.150055,40.720893],[73.149689,40.720043],[73.14859,40.71921],[73.147698,40.719176],[73.148133,40.716921],[73.146073,40.716817],[73.145317,40.716556],[73.146599,40.714752],[73.145501,40.713919],[73.14589,40.713121],[73.144654,40.71274],[73.145111,40.712427],[73.145203,40.711751],[73.14383,40.711456],[73.143189,40.711525],[73.142319,40.712115],[73.141587,40.712184],[73.141518,40.711647],[73.142365,40.711022],[73.141953,40.709964],[73.139252,40.709686],[73.138474,40.709339],[73.13852,40.708263],[73.137719,40.707934],[73.135201,40.708732],[73.134354,40.708229],[73.133919,40.7092],[73.134377,40.709495],[73.133919,40.709842],[73.13353,40.709547],[73.133004,40.70868],[73.132958,40.708073],[73.133576,40.70783],[73.133919,40.706615],[73.13234,40.705192],[73.131791,40.705279],[73.131562,40.705661],[73.130806,40.706181],[73.130509,40.706858],[73.131653,40.707864],[73.131424,40.708368],[73.130349,40.70861],[73.130303,40.70809],[73.130509,40.707569],[73.130074,40.707014],[73.12909,40.707066],[73.128678,40.707361],[73.129547,40.709756],[73.129273,40.710172],[73.128449,40.710397],[73.128403,40.709894],[73.128769,40.709096],[73.127488,40.709235],[73.127076,40.709721],[73.125931,40.710033],[73.125908,40.709565],[73.126526,40.709287],[73.125748,40.707327],[73.125977,40.706615],[73.125725,40.70606],[73.125176,40.706285],[73.125107,40.706997],[73.124352,40.707778],[73.124535,40.708385],[73.124329,40.709009],[73.124901,40.711282],[73.124329,40.712375],[73.123711,40.716192],[73.123253,40.717615],[73.122818,40.718048],[73.123047,40.718551],[73.122612,40.719158],[73.121949,40.719245],[73.12172,40.719002],[73.120804,40.718829],[73.121216,40.718118],[73.121033,40.717372],[73.11998,40.718256],[73.119133,40.71817],[73.118859,40.718499],[73.118744,40.719332],[73.118492,40.719852],[73.116547,40.719852],[73.116135,40.719453],[73.115929,40.718551],[73.114991,40.71817],[73.114258,40.718638],[73.114304,40.717927],[73.113205,40.71758],[73.112267,40.717788],[73.110482,40.718725],[73.110344,40.720078],[73.11055,40.721275],[73.110394,40.722349],[73.109501,40.723754],[73.109089,40.725263],[73.109226,40.726876],[73.108471,40.728784],[73.108837,40.730276],[73.109135,40.73038],[73.109066,40.733016],[73.110096,40.735132],[73.110302,40.736467],[73.111584,40.737959],[73.112545,40.738548],[73.112751,40.73952],[73.112339,40.740369],[73.112477,40.741306],[73.113186,40.742537],[73.113232,40.742901],[73.112408,40.74493],[73.112225,40.745953],[73.111241,40.746681],[73.109867,40.748034],[73.109936,40.749976],[73.109684,40.750964],[73.109089,40.751675],[73.108151,40.751484],[73.105931,40.749109],[73.104992,40.749109],[73.104443,40.748537],[73.10371,40.74819],[73.103276,40.747687],[73.102955,40.748259],[73.104237,40.750115],[73.104786,40.750566],[73.104992,40.751138],[73.105725,40.751831],[73.10561,40.752244],[73.107638,40.75445],[73.107733,40.755028],[73.107229,40.755409],[73.106372,40.755749],[73.106127,40.756089],[73.105202,40.756492],[73.105161,40.757502],[73.104766,40.757935],[73.104276,40.758162],[73.103596,40.759244],[73.101241,40.760213],[73.097648,40.759842],[73.097363,40.760254],[73.096723,40.760687],[73.096138,40.760687],[73.095131,40.760388],[73.093253,40.760429],[73.092341,40.75977],[73.09196,40.759028],[73.091606,40.75777],[73.090667,40.756358],[73.090463,40.757388],[73.090735,40.758595],[73.090476,40.759275],[73.09015,40.759636],[73.089401,40.759976],[73.088598,40.760069],[73.088054,40.759945],[73.087346,40.759481],[73.08574,40.75779],[73.085359,40.757863],[73.085536,40.75877],[73.086162,40.759966],[73.086802,40.760708],[73.086475,40.761512],[73.085985,40.761883],[73.084964,40.762233],[73.084216,40.762738],[73.082161,40.762914],[73.081739,40.763419],[73.078377,40.76445],[73.076799,40.764109],[73.076499,40.763656],[73.076785,40.762883],[73.076037,40.762976],[73.075098,40.763759],[73.074676,40.763656],[73.07424,40.763264],[73.073818,40.762223],[73.073492,40.76212],[73.073151,40.762409],[73.072471,40.764037],[73.071804,40.764388],[73.071227,40.76566],[73.071104,40.766166],[73.07207,40.766635],[73.072043,40.767114],[73.071655,40.767388],[73.069491,40.766548],[73.068879,40.765439],[73.068926,40.764419],[73.069369,40.763373],[73.06945,40.762713],[73.069028,40.761548],[73.069382,40.76045],[73.06992,40.759595],[73.070491,40.757775],[73.070274,40.757172],[73.069273,40.755605],[73.069389,40.75511],[73.069709,40.754683],[73.071362,40.753538],[73.072492,40.7516],[73.071614,40.750167],[73.070859,40.750182],[73.070246,40.749868],[73.069379,40.749897],[73.068909,40.749464],[73.068869,40.749078],[73.069501,40.748186],[73.069617,40.747681],[73.069379,40.746851],[73.06957,40.745938],[73.069515,40.745634],[73.068583,40.744624],[73.068821,40.743902],[73.068644,40.741953],[73.06876,40.740896],[73.068712,40.740675],[73.068522,40.740597],[73.067807,40.740757],[73.067093,40.741242],[73.066991,40.74185],[73.067344,40.742912],[73.067201,40.743309],[73.066698,40.743856],[73.066827,40.745139],[73.067773,40.745758],[73.067896,40.746145],[73.067617,40.746495],[73.06714,40.746706],[73.066897,40.74776],[73.066204,40.748766],[73.065463,40.749153],[73.064577,40.749809],[73.06451,40.750005],[73.065453,40.750632],[73.065482,40.751099],[73.065059,40.75166],[73.065107,40.752535],[73.065751,40.755415],[73.065424,40.755852],[73.064885,40.756195],[73.063509,40.756217],[73.062922,40.756559],[73.062797,40.7568],[73.062605,40.759001],[73.062797,40.75922],[73.063788,40.759285],[73.064414,40.759555],[73.064847,40.760058],[73.064038,40.762536],[73.063249,40.763317],[73.062426,40.76321],[73.060825,40.76376],[73.058225,40.766425],[73.05761,40.766824],[73.057375,40.767174],[73.057385,40.767544],[73.057211,40.767629],[73.053012,40.764632],[73.052356,40.76455],[73.047951,40.764812],[73.047197,40.764616],[73.045678,40.765038],[73.044998,40.765486],[73.044014,40.76575],[73.043292,40.765382],[73.039483,40.764375],[73.036835,40.764552],[73.035885,40.764856],[73.032039,40.765466],[73.031102,40.765785],[73.030966,40.766335],[73.029332,40.76639],[73.020205,40.767724],[73.006869,40.764693],[73.004546,40.763733],[72.999658,40.763641],[72.991056,40.764627],[72.990384,40.764361],[72.967295,40.750441],[72.946131,40.731957],[72.933986,40.731177],[72.926205,40.72824],[72.92441,40.727786],[72.923318,40.727096],[72.92238,40.725882],[72.916878,40.723366],[72.904622,40.721504],[72.896226,40.719251],[72.891836,40.717675],[72.889229,40.71618],[72.888144,40.715933],[72.88603,40.7161],[72.885243,40.715046],[72.884927,40.714879],[72.881647,40.713779],[72.879854,40.71286],[72.872748,40.711249],[72.87068,40.711096],[72.867638,40.711614],[72.859736,40.711716],[72.853318,40.712331],[72.853289,40.708271],[72.855006,40.708085],[72.858555,40.708266],[72.858546,40.707636],[72.859687,40.707568],[72.859591,40.703594],[72.858488,40.703543],[72.858439,40.7007],[72.865259,40.701031],[72.86541,40.70068],[72.855249,40.685711],[72.846604,40.672633],[72.836746,40.673936],[72.83017,40.675465],[72.819945,40.676871],[72.814786,40.675936],[72.812631,40.677088],[72.810772,40.67702],[72.809499,40.676148],[72.806236,40.676397],[72.801371,40.677258],[72.800256,40.674764],[72.798203,40.671853],[72.795129,40.672985],[72.792792,40.674253],[72.789551,40.670363],[72.787455,40.66841],[72.784509,40.663921],[72.779259,40.660862],[72.781272,40.648405],[72.768858,40.646823],[72.774986,40.63854],[72.77357,40.638191],[72.771434,40.636687],[72.770037,40.63549],[72.768739,40.634298],[72.766774,40.631756],[72.76592,40.630303],[72.765415,40.62988],[72.765103,40.629264],[72.763806,40.628058],[72.762879,40.627775],[72.761031,40.626642],[72.757792,40.623569],[72.756833,40.621836],[72.756923,40.61948],[72.756619,40.618489],[72.755733,40.618135],[72.754724,40.617328],[72.753436,40.614199],[72.752731,40.613889],[72.752338,40.612938],[72.751261,40.611159],[72.750611,40.610433],[72.750027,40.609311],[72.749889,40.608504],[72.749418,40.607534],[72.749411,40.605196],[72.750208,40.603079],[72.750313,40.602349],[72.749865,40.600554],[72.749874,40.599977],[72.749559,40.599597],[72.749357,40.598159],[72.749026,40.597375],[72.749002,40.596319],[72.7494,40.595471],[72.750379,40.594514],[72.750567,40.593444],[72.750843,40.592944],[72.752444,40.591351],[72.752828,40.588765],[72.756503,40.582281],[72.756456,40.581799],[72.755243,40.581178],[72.755148,40.580918],[72.755826,40.580409],[72.756792,40.579329],[72.758885,40.578222],[72.758934,40.577856],[72.760712,40.577331],[72.760177,40.575296],[72.760154,40.573537],[72.760411,40.573085],[72.760355,40.572808],[72.7591,40.571945],[72.75682,40.572473],[72.755659,40.572568],[72.754822,40.573059],[72.754044,40.574108],[72.753501,40.574147],[72.752952,40.57358],[72.752595,40.572799],[72.752032,40.572532],[72.75164,40.571945],[72.750786,40.571244],[72.750303,40.571182],[72.749622,40.571551],[72.748984,40.57132],[72.747606,40.571403],[72.747355,40.572067],[72.747826,40.573275],[72.747794,40.573719],[72.746464,40.574591],[72.7449,40.574628],[72.746325,40.575789],[72.746814,40.576712],[72.74762,40.577316],[72.747283,40.577869],[72.746745,40.578142],[72.747089,40.579063],[72.74761,40.579471],[72.74752,40.579834],[72.747866,40.579995],[72.746376,40.580939],[72.743894,40.581865],[72.742801,40.582648],[72.742215,40.582548],[72.741601,40.583695],[72.741098,40.583823],[72.74047,40.583748],[72.739926,40.58426],[72.739473,40.584384],[72.738556,40.584312],[72.737512,40.583999],[72.736335,40.582863],[72.735369,40.582402],[72.734636,40.582242],[72.731341,40.583898],[72.730379,40.584942],[72.729987,40.585957],[72.728538,40.586644],[72.728045,40.58666],[72.727015,40.586061],[72.726623,40.586483],[72.725866,40.586732],[72.725092,40.587448],[72.724642,40.58763],[72.723201,40.588],[72.720057,40.588267],[72.719141,40.588977],[72.717555,40.589848],[72.716284,40.589578],[72.715775,40.589281],[72.715006,40.588356],[72.714258,40.586941],[72.71307,40.586295],[72.710195,40.586306],[72.709217,40.585956],[72.708342,40.585852],[72.704345,40.587149],[72.704072,40.587844],[72.702921,40.58742],[72.701072,40.587832],[72.700795,40.588495],[72.701164,40.589057],[72.701701,40.589464],[72.702344,40.590914],[72.70204,40.59166],[72.701152,40.591974],[72.700135,40.591814],[72.699645,40.591954],[72.699458,40.592167],[72.699732,40.592429],[72.699733,40.592745],[72.698898,40.593323],[72.698284,40.593418],[72.697309,40.592961],[72.696802,40.593086],[72.694162,40.595076],[72.693878,40.595367],[72.693926,40.595978],[72.693658,40.596931],[72.694782,40.597921],[72.692677,40.598051],[72.6926,40.597214],[72.690817,40.596433],[72.68841,40.595862],[72.688023,40.595452],[72.687388,40.595184],[72.685576,40.595586],[72.684961,40.595396],[72.682975,40.594237],[72.678206,40.592751],[72.677033,40.592146],[72.67655,40.59167],[72.67476,40.590768],[72.672685,40.590828],[72.672122,40.590197],[72.671587,40.589924],[72.670289,40.589643],[72.66947,40.588485],[72.668849,40.588036],[72.668192,40.58792],[72.667176,40.587124],[72.666522,40.586817],[72.666425,40.586588],[72.667039,40.586052],[72.666783,40.585637],[72.665975,40.5852],[72.663739,40.585403],[72.663773,40.585196],[72.664871,40.584474],[72.664808,40.584297],[72.664262,40.58415],[72.663208,40.583375],[72.663027,40.583044],[72.66198,40.582503],[72.662452,40.581652],[72.663192,40.58192],[72.663619,40.582313],[72.665133,40.582516],[72.665429,40.582369],[72.665702,40.581993],[72.663497,40.580278],[72.664148,40.579992],[72.664865,40.579897],[72.665099,40.579724],[72.665099,40.579404],[72.665452,40.579227],[72.667286,40.579226],[72.667927,40.578604],[72.668531,40.577426],[72.669208,40.575493],[72.668861,40.574883],[72.668754,40.57374],[72.672883,40.568823],[72.67337,40.567107],[72.673215,40.565079],[72.672738,40.563992],[72.669022,40.562934],[72.668036,40.563169],[72.66645,40.564421],[72.665754,40.562719],[72.66385,40.56189],[72.663689,40.561471],[72.668376,40.557544],[72.667683,40.556445],[72.667458,40.555503],[72.667778,40.555177],[72.667784,40.554582],[72.668121,40.554107],[72.668635,40.55176],[72.668662,40.550288],[72.669386,40.549088],[72.66955,40.529282],[72.66935,40.523383],[72.658882,40.512473],[72.656548,40.512866],[72.655308,40.510487],[72.654567,40.510322],[72.645706,40.510352],[72.632911,40.510976],[72.62511,40.513153],[72.623993,40.513039],[72.621298,40.513649],[72.616286,40.514157],[72.615028,40.515029],[72.610117,40.515814],[72.607938,40.516991],[72.608634,40.518716],[72.603314,40.523503],[72.582977,40.535981],[72.570618,40.537747],[72.55117,40.537057],[72.542979,40.540503],[72.541233,40.540449],[72.539837,40.540919],[72.537777,40.54038],[72.536656,40.540554],[72.533474,40.543424],[72.53059,40.543841],[72.52956,40.543493],[72.528782,40.543546],[72.52789,40.545546],[72.526493,40.546189],[72.524213,40.54591],[72.521489,40.54664],[72.519269,40.546501],[72.518102,40.545962],[72.514394,40.547545],[72.512952,40.548328],[72.511785,40.54958],[72.512197,40.551023],[72.511647,40.553406],[72.511052,40.555336],[72.510617,40.556223],[72.509473,40.557336],[72.508443,40.557266],[72.507642,40.558031],[72.506726,40.559353],[72.507321,40.56064],[72.505696,40.562344],[72.503819,40.5633],[72.502194,40.565839],[72.501851,40.566847],[72.50073,40.567821],[72.499722,40.569855],[72.495282,40.570679],[72.492232,40.568782],[72.493191,40.56474],[72.493553,40.560981],[72.493383,40.555077],[72.49102,40.552895],[72.488873,40.55278],[72.488027,40.552188],[72.485967,40.552014],[72.481252,40.551962],[72.480634,40.551632],[72.479702,40.549499],[72.476018,40.550555],[72.473994,40.552817],[72.472966,40.553295],[72.453455,40.569808],[72.450598,40.573021],[72.449528,40.575144],[72.449527,40.575952],[72.449051,40.576654],[72.446222,40.578316],[72.441874,40.587185],[72.436206,40.595659],[72.43057,40.601861],[72.423088,40.605859],[72.421318,40.606652],[72.418029,40.608535],[72.416973,40.608955],[72.416468,40.608975],[72.415464,40.60951],[72.415058,40.610388],[72.415283,40.611423],[72.414934,40.611724],[72.414167,40.611997],[72.413663,40.613964],[72.413984,40.614959],[72.41288,40.616391],[72.410476,40.616684],[72.40834,40.618184],[72.406699,40.617907],[72.405318,40.617371],[72.4049,40.617839],[72.401655,40.617156],[72.398128,40.617461],[72.395702,40.616941],[72.394226,40.61615],[72.389877,40.612099],[72.386275,40.613406],[72.383898,40.611369],[72.385097,40.610602],[72.385415,40.603995],[72.384225,40.602203],[72.383349,40.601516],[72.382051,40.602965],[72.38084,40.603458],[72.379605,40.603147],[72.378518,40.602424],[72.377162,40.602519],[72.375973,40.604085],[72.374816,40.604333],[72.373879,40.604085],[72.368649,40.604149],[72.367639,40.603909],[72.366891,40.602983],[72.362051,40.603709],[72.361222,40.603159],[72.35938,40.602967],[72.35836,40.603215],[72.35736,40.602664],[72.355892,40.602788],[72.355079,40.602207],[72.354332,40.602166],[72.352036,40.602659],[72.350788,40.603629],[72.349933,40.603927],[72.348156,40.603726],[72.346236,40.603002],[72.346207,40.602497],[72.344489,40.601022],[72.351462,40.597148],[72.353365,40.596681],[72.354023,40.595769],[72.354989,40.595113],[72.354996,40.594041],[72.356489,40.593206],[72.357294,40.593077],[72.365157,40.588474],[72.365802,40.587616],[72.366919,40.586583],[72.368369,40.584046],[72.372497,40.580135],[72.379843,40.576816],[72.382797,40.576346],[72.392965,40.575795],[72.394751,40.575341],[72.396257,40.573986],[72.391675,40.571123],[72.389362,40.572697],[72.387634,40.571667],[72.388728,40.570548],[72.389862,40.56588],[72.394135,40.56401],[72.396093,40.564073],[72.398703,40.563146],[72.403902,40.563226],[72.405193,40.562806],[72.407135,40.561563],[72.408949,40.561254],[72.409456,40.561218],[72.412335,40.562648],[72.414235,40.563096],[72.419065,40.562151],[72.420181,40.561493],[72.418241,40.560228],[72.415615,40.556343],[72.416968,40.55273],[72.416062,40.551725],[72.419875,40.549216],[72.418018,40.54795],[72.418736,40.547413],[72.419516,40.544949],[72.419645,40.542847],[72.422015,40.542082],[72.42444,40.541844],[72.425715,40.541346],[72.426283,40.540562],[72.425989,40.539577],[72.425081,40.539937],[72.424365,40.539661],[72.422721,40.539869],[72.422448,40.538508],[72.421691,40.537621],[72.417696,40.534493],[72.412585,40.532946],[72.409702,40.533658],[72.408799,40.533331],[72.407786,40.53139],[72.406053,40.529551],[72.404467,40.528831],[72.404255,40.528477],[72.404442,40.528212],[72.404984,40.527935],[72.405448,40.526088],[72.403168,40.525202],[72.396788,40.523328],[72.395349,40.523082],[72.392837,40.523294],[72.389807,40.522604],[72.387646,40.522368],[72.384509,40.522957],[72.382583,40.52274],[72.382169,40.522434],[72.383965,40.518585],[72.38225,40.517956],[72.37997,40.516453],[72.378639,40.516361],[72.378574,40.511828],[72.383796,40.511146],[72.38563,40.509595],[72.386958,40.50908],[72.387864,40.50895],[72.388769,40.508287],[72.393696,40.50695],[72.399552,40.50734],[72.400448,40.507905],[72.403603,40.508188],[72.405308,40.508619],[72.40627,40.508579],[72.406722,40.508973],[72.40793,40.509294],[72.408988,40.50918],[72.409811,40.509399],[72.411189,40.50944],[72.414221,40.508845],[72.41508,40.508438],[72.415089,40.508093],[72.415425,40.507511],[72.414802,40.506487],[72.414948,40.506222],[72.419492,40.503796],[72.419625,40.502424],[72.419392,40.501746],[72.419635,40.500341],[72.422031,40.495637],[72.42261,40.492815],[72.423432,40.491824],[72.423383,40.491346],[72.423977,40.490511],[72.423563,40.487051],[72.424387,40.486077],[72.424421,40.484834],[72.43041,40.482513],[72.435369,40.480875],[72.436645,40.480144],[72.434728,40.476931],[72.434461,40.475331],[72.434887,40.473647],[72.433913,40.469778],[72.432988,40.468381],[72.432372,40.464873],[72.434875,40.459039],[72.43536,40.456459],[72.433566,40.455858],[72.432675,40.45505],[72.427384,40.453308],[72.421083,40.451709],[72.419061,40.45042],[72.418646,40.448689],[72.41788,40.447207],[72.41735,40.445603],[72.416177,40.429272],[72.422157,40.415479],[72.420815,40.404926],[72.417038,40.402317],[72.410508,40.401239],[72.399017,40.404149],[72.38642,40.404972],[72.378541,40.407518],[72.368766,40.412067],[72.362197,40.418758],[72.331203,40.434792],[72.329918,40.436372],[72.325719,40.437922],[72.319281,40.438462],[72.318337,40.439297],[72.314694,40.443296],[72.313455,40.444979],[72.312132,40.445506],[72.31174,40.445136],[72.309816,40.444686],[72.308192,40.443542],[72.305692,40.439803],[72.303114,40.438025],[72.277808,40.434242],[72.272701,40.438407],[72.273283,40.43906],[72.272169,40.450982],[72.271899,40.451218],[72.265384,40.453726],[72.263841,40.453263],[72.261919,40.453727],[72.261553,40.454108],[72.254334,40.45688],[72.254271,40.457299],[72.252914,40.457313],[72.243501,40.460299],[72.247419,40.468965],[72.247841,40.470857],[72.250775,40.474803],[72.253294,40.478751],[72.25395,40.480237],[72.253706,40.481015],[72.25106,40.481394],[72.246563,40.4843],[72.246467,40.484907],[72.244211,40.485771],[72.243081,40.48663],[72.242757,40.486546],[72.242547,40.484959],[72.241845,40.483032],[72.240227,40.483551],[72.227081,40.484347],[72.214331,40.486415],[72.203308,40.48644],[72.200518,40.486931],[72.200346,40.48547],[72.19868,40.481253],[72.193111,40.481122],[72.188254,40.483946],[72.187507,40.485447],[72.186892,40.492367],[72.186279,40.496056],[72.176496,40.492481],[72.176191,40.495128],[72.173947,40.495859],[72.172986,40.495476],[72.172451,40.494594],[72.172102,40.485746],[72.159206,40.483172],[72.148133,40.473269],[72.132288,40.462478],[72.131231,40.462078],[72.129643,40.461067],[72.128103,40.459679],[72.130186,40.456794],[72.12618,40.457661],[72.125997,40.45716],[72.125245,40.457285],[72.122925,40.457104],[72.121363,40.457487],[72.121153,40.45674],[72.119486,40.455184],[72.118378,40.454705],[72.117244,40.454446],[72.115852,40.45295],[72.113772,40.44984],[72.110846,40.447808],[72.1096,40.447132],[72.106761,40.444082],[72.106058,40.443444],[72.104548,40.442632],[72.103803,40.441938],[72.10291,40.440623],[72.101368,40.439323],[72.10112,40.434416],[72.100376,40.433787],[72.10088,40.433036],[72.101717,40.43097],[72.102766,40.430472],[72.10342,40.429622],[72.104792,40.429458],[72.105062,40.429704],[72.105774,40.429698],[72.107437,40.429099],[72.108127,40.429151],[72.10942,40.428933],[72.109906,40.429049],[72.110964,40.429835],[72.113095,40.427903],[72.112666,40.426994],[72.111523,40.425484],[72.107669,40.42099],[72.103575,40.418979],[72.100608,40.417056],[72.097547,40.413116],[72.098662,40.411762],[72.096515,40.410801],[72.095429,40.411063],[72.094822,40.410753],[72.094386,40.410725],[72.093368,40.411232],[72.092979,40.41127],[72.092965,40.410347],[72.092019,40.408568],[72.088712,40.408191],[72.087891,40.407655],[72.088289,40.406482],[72.088944,40.405622],[72.089105,40.405082],[72.087496,40.404041],[72.08209,40.401078],[72.079594,40.401035],[72.076825,40.400741],[72.068036,40.395702],[72.066447,40.395404],[72.063298,40.390172],[72.061154,40.385799],[72.057061,40.385718],[72.055124,40.380976],[72.054468,40.380694],[72.047556,40.379957],[72.043848,40.378333],[72.047166,40.373752],[72.048454,40.37143],[72.048289,40.370808],[72.045489,40.369125],[72.039348,40.366456],[72.034147,40.364399],[72.033492,40.363502],[72.032351,40.36276],[72.026455,40.360285],[72.019465,40.354324],[72.015235,40.351314],[72.008508,40.3475],[72.00228,40.343504],[71.999774,40.341651],[72.000747,40.340751],[71.998024,40.338936],[71.998425,40.337841],[71.995462,40.337675],[71.990405,40.335905],[71.987497,40.333256],[71.985328,40.332338],[71.981666,40.330224],[71.977984,40.328669],[71.974121,40.326315],[71.972165,40.325547],[71.969765,40.324353],[71.96855,40.323946],[71.968303,40.3236],[71.968204,40.322909],[71.967154,40.322613],[71.967072,40.321851],[71.965338,40.32119],[71.965261,40.320899],[71.96541,40.320443],[71.96509,40.31914],[71.966568,40.317012],[71.967125,40.315582],[71.96907,40.314592],[71.970961,40.31298],[71.972162,40.312198],[71.97224,40.310687],[71.982872,40.304695],[71.982601,40.304415],[71.982359,40.303767],[71.98369,40.303424],[71.983626,40.303226],[71.983992,40.302878],[71.983666,40.302351],[71.983722,40.302201],[71.984065,40.302235],[71.98468,40.301837],[71.985005,40.302075],[71.98647,40.301738],[71.98862,40.300957],[71.990063,40.300919],[71.993537,40.297686],[71.993993,40.297442],[71.994799,40.297489],[71.996545,40.298302],[71.998251,40.298515],[72.002324,40.298009],[72.004136,40.296976],[72.008615,40.295058],[72.011163,40.294868],[72.012694,40.295025],[72.014601,40.294139],[72.019461,40.293252],[72.024019,40.293249],[72.026464,40.292834],[72.027833,40.292783],[72.029216,40.292113],[72.029507,40.29147],[72.030951,40.291407],[72.032085,40.2919],[72.032841,40.292007],[72.035788,40.290835],[72.037659,40.29035],[72.038801,40.289814],[72.04422,40.288896],[72.04998,40.287483],[72.051306,40.286828],[72.052779,40.284608],[72.052178,40.282826],[72.052302,40.279553],[72.052099,40.278771],[72.051206,40.277773],[72.050207,40.277157],[72.046906,40.276121],[72.044788,40.275727],[72.043455,40.275936],[72.042917,40.275027],[72.039883,40.275082],[72.035238,40.274216],[72.034212,40.273559],[72.031961,40.272631],[72.030758,40.271293],[72.02919,40.270801],[72.024436,40.268507],[72.025454,40.266922],[72.024888,40.265448],[72.024367,40.264733],[72.020643,40.266436],[72.018769,40.268757],[72.017161,40.268731],[72.016259,40.269349],[72.012384,40.272711],[72.007989,40.274749],[72.004361,40.275832],[72.00163,40.274285],[71.997331,40.272666],[71.992597,40.269709],[71.99003,40.268357],[71.986317,40.263762],[71.984983,40.261263],[71.982925,40.259746],[71.980937,40.2588],[71.979467,40.25847],[71.978526,40.256584],[71.971894,40.256361],[71.958815,40.256554],[71.952248,40.256077],[71.949248,40.256184],[71.93948,40.250168],[71.950786,40.24836],[71.951499,40.248694],[71.956196,40.24802],[71.957265,40.246238],[71.958922,40.245787],[71.959313,40.246262],[71.961406,40.24582],[71.962342,40.24578],[71.966756,40.244698],[71.965807,40.243715],[71.965438,40.242639],[71.964918,40.241834],[71.963109,40.24081],[71.959077,40.240298],[71.957657,40.240503],[71.954813,40.240339],[71.954106,40.240114],[71.951902,40.239879],[71.949349,40.239175],[71.946544,40.238118],[71.945393,40.2379],[71.941948,40.237708],[71.940886,40.237878],[71.939455,40.239169],[71.938329,40.238264],[71.937417,40.238313],[71.937577,40.238997],[71.93703,40.239573],[71.934191,40.240654],[71.933332,40.241347],[71.931722,40.241959],[71.931485,40.242189],[71.93026,40.242453],[71.928068,40.242606],[71.927023,40.241949],[71.927203,40.244507],[71.926997,40.247198],[71.92714,40.248984],[71.926865,40.251467],[71.926083,40.252624],[71.924025,40.253395],[71.922676,40.253473],[71.922145,40.254291],[71.921415,40.254812],[71.920647,40.254684],[71.917711,40.254739],[71.916578,40.255323],[71.915709,40.256482],[71.91195,40.257321],[71.907403,40.257711],[71.905606,40.257711],[71.903983,40.257057],[71.902201,40.25735],[71.900593,40.257324],[71.899621,40.258577],[71.899357,40.258701],[71.89869,40.258644],[71.898264,40.25827],[71.897849,40.25818],[71.897049,40.258673],[71.896742,40.258401],[71.894814,40.259737],[71.893369,40.259275],[71.892799,40.259332],[71.892318,40.260256],[71.891376,40.260555],[71.890789,40.260395],[71.890646,40.260545],[71.889992,40.260522],[71.890033,40.260032],[71.889351,40.259912],[71.888697,40.260171],[71.888213,40.260074],[71.887658,40.260222],[71.886452,40.260043],[71.885934,40.261425],[71.885263,40.26221],[71.884632,40.262582],[71.882065,40.262377],[71.879449,40.261842],[71.878756,40.26249],[71.878164,40.262773],[71.876437,40.262194],[71.873753,40.262039],[71.872408,40.261416],[71.871767,40.26093],[71.871004,40.260039],[71.87073,40.25942],[71.870159,40.259127],[71.868908,40.25897],[71.867251,40.258509],[71.865431,40.257737],[71.860308,40.257272],[71.859597,40.257447],[71.858171,40.257098],[71.857185,40.256536],[71.854493,40.255549],[71.85092,40.254478],[71.844865,40.253286],[71.843036,40.253055],[71.842228,40.254131],[71.841153,40.253799],[71.840013,40.253153],[71.839348,40.252538],[71.839187,40.252195],[71.83854,40.248202],[71.838252,40.247942],[71.831312,40.245808],[71.831505,40.243247],[71.83068,40.242489],[71.828576,40.241103],[71.831283,40.218443],[71.836503,40.21055],[71.83258,40.207025],[71.831886,40.205945],[71.830646,40.205199],[71.828911,40.204844],[71.826894,40.205062],[71.823989,40.204618],[71.823155,40.204929],[71.815748,40.204401],[71.814876,40.204455],[71.813497,40.204987],[71.808052,40.196704],[71.805739,40.19561],[71.804768,40.194348],[71.803427,40.193459],[71.801507,40.192733],[71.798468,40.19084],[71.797607,40.192987],[71.79829,40.196982],[71.782112,40.192869],[71.780867,40.193227],[71.78036,40.194118],[71.778424,40.193489],[71.778483,40.190191],[71.777519,40.186256],[71.772225,40.186197],[71.770313,40.185634],[71.768612,40.184629],[71.768867,40.183548],[71.768357,40.183285],[71.768408,40.181787],[71.767813,40.181521],[71.768044,40.181105],[71.767727,40.180609],[71.768644,40.178906],[71.765469,40.177795],[71.764228,40.177909],[71.763344,40.1778],[71.762418,40.17744],[71.760625,40.17734],[71.760286,40.176416],[71.757739,40.177049],[71.75666,40.176119],[71.756042,40.176015],[71.754761,40.176111],[71.753546,40.175699],[71.752156,40.173642],[71.751162,40.171844],[71.749907,40.170024],[71.749318,40.169482],[71.7398,40.164502],[71.735055,40.162565],[71.734722,40.162202],[71.734765,40.160641],[71.733768,40.157531],[71.733135,40.155817],[71.732129,40.153994],[71.734692,40.153154],[71.735283,40.150341],[71.735358,40.148701],[71.730718,40.148572],[71.728094,40.149137],[71.726351,40.149953],[71.726427,40.149565],[71.725397,40.149575],[71.725199,40.149774],[71.723764,40.150019],[71.723865,40.151082],[71.723623,40.151168],[71.723026,40.152385],[71.721819,40.153708],[71.722665,40.154566],[71.723185,40.155726],[71.723514,40.159042],[71.723691,40.163597],[71.723721,40.165987],[71.723371,40.16753],[71.721722,40.171396],[71.718544,40.174163],[71.715304,40.177287],[71.711452,40.177493],[71.709053,40.177507],[71.708291,40.177358],[71.707804,40.177747],[71.707005,40.177673],[71.705704,40.178028],[71.704596,40.177954],[71.702552,40.178268],[71.70161,40.178075],[71.700475,40.179052],[71.699469,40.179004],[71.698452,40.18025],[71.697203,40.181446],[71.692641,40.183953],[71.692356,40.184278],[71.691882,40.185572],[71.689924,40.186706],[71.689306,40.187338],[71.68794,40.186841],[71.687242,40.186987],[71.686416,40.18679],[71.685488,40.186928],[71.68497,40.189125],[71.684524,40.189198],[71.682732,40.188861],[71.682483,40.189045],[71.681367,40.188957],[71.682818,40.191504],[71.683161,40.191853],[71.683308,40.192353],[71.683471,40.194171],[71.683248,40.195337],[71.687577,40.195188],[71.68978,40.194627],[71.690136,40.194797],[71.69031,40.194488],[71.691311,40.1945],[71.695331,40.193646],[71.700211,40.191357],[71.701216,40.19153],[71.702385,40.191188],[71.702588,40.191498],[71.700664,40.192716],[71.699228,40.193379],[71.69893,40.193778],[71.6979,40.194269],[71.69696,40.195182],[71.696725,40.195768],[71.695123,40.197102],[71.695176,40.197373],[71.695562,40.197683],[71.695603,40.197974],[71.695123,40.199149],[71.694762,40.199285],[71.694562,40.199655],[71.694526,40.200258],[71.69411,40.201622],[71.693396,40.202795],[71.692787,40.20518],[71.697394,40.206133],[71.697937,40.20634],[71.697794,40.206564],[71.698621,40.20722],[71.699791,40.207586],[71.701638,40.203706],[71.706161,40.201383],[71.706217,40.202018],[71.706558,40.202748],[71.705763,40.203769],[71.704998,40.204212],[71.704318,40.205482],[71.704317,40.2064],[71.70394,40.207154],[71.704015,40.208142],[71.702525,40.209672],[71.702171,40.210614],[71.701601,40.211482],[71.700244,40.213168],[71.699665,40.214322],[71.699006,40.214955],[71.698899,40.215975],[71.698133,40.216736],[71.698023,40.217031],[71.698298,40.217974],[71.697683,40.220859],[71.697251,40.221197],[71.695506,40.223881],[71.6942,40.224745],[71.694578,40.225794],[71.694688,40.226754],[71.69498,40.226925],[71.69506,40.227457],[71.695867,40.228046],[71.696662,40.229523],[71.697919,40.230945],[71.698283,40.23166],[71.699608,40.232512],[71.700084,40.23336],[71.700818,40.235768],[71.70076,40.237321],[71.699801,40.240108],[71.700044,40.240562],[71.699768,40.241565],[71.699308,40.242228],[71.698708,40.244275],[71.698155,40.244555],[71.696901,40.246026],[71.694234,40.248296],[71.690617,40.248799],[71.689979,40.249083],[71.688791,40.250174],[71.687377,40.250652],[71.685607,40.252001],[71.681529,40.255919],[71.681044,40.256711],[71.681322,40.257252],[71.681119,40.258027],[71.68059,40.258598],[71.680416,40.25935],[71.680005,40.2597],[71.680149,40.261084],[71.673108,40.269652],[71.672768,40.269628],[71.668061,40.270969],[71.658027,40.271026],[71.652835,40.271306],[71.649561,40.270477],[71.645192,40.269771],[71.644524,40.268727],[71.644257,40.268682],[71.643596,40.267971],[71.643739,40.267177],[71.640603,40.266584],[71.636708,40.26517],[71.634956,40.265007],[71.633865,40.264694],[71.631641,40.264876],[71.631178,40.265958],[71.630723,40.266259],[71.629282,40.26785],[71.626501,40.267546],[71.623134,40.267511],[71.620075,40.267129],[71.620106,40.266617],[71.619683,40.265261],[71.619987,40.264454],[71.619204,40.260014],[71.618851,40.258798],[71.618918,40.257543],[71.620242,40.25734],[71.619905,40.255732],[71.618172,40.25565],[71.618134,40.25538],[71.618323,40.255035],[71.618738,40.254851],[71.61908,40.254438],[71.619149,40.25382],[71.618416,40.25299],[71.61824,40.252449],[71.618599,40.252191],[71.618662,40.250827],[71.618994,40.250257],[71.6201,40.249351],[71.62066,40.249121],[71.622333,40.248954],[71.621375,40.247055],[71.621333,40.245949],[71.621061,40.244855],[71.620677,40.244058],[71.619585,40.238052],[71.619682,40.237739],[71.621435,40.236172],[71.622414,40.231923],[71.624034,40.230761],[71.624468,40.226423],[71.624672,40.226009],[71.624221,40.224283],[71.625293,40.222305],[71.625148,40.221418],[71.625533,40.220674],[71.626235,40.22003],[71.625957,40.219767],[71.626311,40.219291],[71.627297,40.218724],[71.628238,40.217727],[71.628692,40.217518],[71.626665,40.214861],[71.624597,40.215664],[71.624746,40.216213],[71.621722,40.216926],[71.619216,40.217769],[71.615336,40.218172],[71.615621,40.21646],[71.616714,40.216384],[71.617207,40.216566],[71.617653,40.216438],[71.617745,40.215436],[71.618426,40.21531],[71.618833,40.21506],[71.619017,40.214771],[71.620996,40.213312],[71.61919,40.207446],[71.618164,40.207309],[71.616257,40.207712],[71.613676,40.207607],[71.612878,40.207708],[71.61279,40.207846],[71.609602,40.208492],[71.608555,40.208832],[71.607652,40.209336],[71.606114,40.209675],[71.605787,40.209611],[71.603371,40.210209],[71.598063,40.210782],[71.596126,40.211515],[71.595555,40.2115],[71.595427,40.212264],[71.594108,40.212371],[71.593709,40.214858],[71.593018,40.217385],[71.592573,40.21795],[71.590986,40.218096],[71.589536,40.217687],[71.585602,40.217996],[71.584233,40.218394],[71.583955,40.218746],[71.580269,40.218687],[71.579984,40.217911],[71.579874,40.216831],[71.580257,40.215979],[71.580004,40.214235],[71.579594,40.214471],[71.578224,40.214763],[71.578417,40.216355],[71.578227,40.216739],[71.576892,40.216691],[71.575254,40.216936],[71.574899,40.216112],[71.574377,40.216015],[71.57413,40.215693],[71.5694,40.216407],[71.568898,40.215239],[71.564417,40.215868],[71.564703,40.216461],[71.564492,40.216533],[71.564581,40.216768],[71.555825,40.218358],[71.552618,40.219508],[71.547363,40.221107],[71.542614,40.222856],[71.539979,40.223393],[71.530815,40.226337],[71.526663,40.226773],[71.523706,40.226908],[71.523676,40.226677],[71.522621,40.22626],[71.521655,40.226365],[71.521481,40.225825],[71.521226,40.225719],[71.520344,40.225914],[71.520451,40.226146],[71.51795,40.226911],[71.517235,40.228178],[71.515993,40.229343],[71.512936,40.23099],[71.5141,40.232974],[71.514353,40.233755],[71.517581,40.238715],[71.517498,40.239064],[71.511488,40.244158],[71.512679,40.248464],[71.512693,40.249537],[71.512922,40.250443],[71.512135,40.251929],[71.51149,40.252385],[71.511318,40.252966],[71.511559,40.253381],[71.511566,40.256045],[71.511804,40.256115],[71.510965,40.257216],[71.512128,40.257736],[71.511317,40.258914],[71.512613,40.26359],[71.512049,40.265577],[71.511405,40.265566],[71.511156,40.266072],[71.510926,40.266091],[71.510651,40.266684],[71.510722,40.267137],[71.511429,40.268266],[71.511342,40.268483],[71.511479,40.268538],[71.511172,40.268993],[71.511438,40.269359],[71.510224,40.270616],[71.507808,40.271311],[71.506748,40.27209],[71.505827,40.273154],[71.504897,40.273446],[71.50209,40.276784],[71.500784,40.277678],[71.500353,40.277798],[71.498766,40.277158],[71.49713,40.277222],[71.496329,40.277945],[71.493649,40.279038],[71.493377,40.279304],[71.492061,40.279352],[71.491716,40.279785],[71.491485,40.279822],[71.489055,40.279335],[71.488209,40.278841],[71.486251,40.278637],[71.486101,40.278549],[71.48619,40.277899],[71.484903,40.276759],[71.4796,40.274893],[71.478172,40.274979],[71.476522,40.275483],[71.472848,40.276997],[71.471527,40.277287],[71.45969,40.277396],[71.457719,40.278115],[71.448945,40.27925],[71.442601,40.280763],[71.439696,40.281232],[71.427982,40.284046],[71.42607,40.284979],[71.425519,40.285038],[71.424635,40.285432],[71.42319,40.286675],[71.417596,40.290145],[71.41408,40.291173],[71.401245,40.301227],[71.399984,40.301898],[71.398811,40.301954],[71.398156,40.304309],[71.397168,40.306357],[71.395612,40.307145],[71.394758,40.30703],[71.392991,40.308385],[71.391277,40.309088],[71.390075,40.309191],[71.381569,40.306435],[71.379896,40.307171],[71.376572,40.307562],[71.369976,40.305928],[71.367408,40.306053],[71.367818,40.30921],[71.374962,40.312232],[71.376642,40.314227],[71.376049,40.315525],[71.375261,40.316539],[71.371778,40.315395],[71.371359,40.31577],[71.370474,40.317114],[71.369898,40.318304],[71.36906,40.318823],[71.367068,40.318563],[71.363802,40.316991],[71.362465,40.316847],[71.361686,40.316979],[71.358195,40.316519],[71.357463,40.318433],[71.356878,40.318846],[71.35369,40.318841],[71.352739,40.320302],[71.352521,40.320344],[71.349604,40.319709],[71.349672,40.319127],[71.347354,40.318365],[71.346224,40.318617],[71.345871,40.318084],[71.346632,40.315017],[71.345278,40.314584],[71.344253,40.31454],[71.343029,40.31424],[71.341421,40.314247],[71.339419,40.313722],[71.336775,40.313305],[71.334261,40.314098],[71.335523,40.317057],[71.335375,40.317366],[71.333584,40.317661],[71.330273,40.317867],[71.324084,40.317916],[71.323173,40.317416],[71.321341,40.314854],[71.320594,40.31429],[71.318105,40.311021],[71.312824,40.309759],[71.31066,40.307191],[71.308069,40.308342],[71.301363,40.313209],[71.300997,40.313247],[71.298617,40.314983],[71.297698,40.316346],[71.295876,40.319979],[71.29501,40.321181],[71.293053,40.325673],[71.294627,40.326971],[71.298594,40.328748],[71.300667,40.330802],[71.298267,40.331747],[71.297128,40.332449],[71.294082,40.335122],[71.291368,40.336143],[71.29028,40.337006],[71.285947,40.339297],[71.285035,40.340419],[71.282763,40.34145],[71.276398,40.34318],[71.273758,40.343599],[71.272886,40.342518],[71.272632,40.342616],[71.272061,40.341949],[71.270613,40.339631],[71.269421,40.33937],[71.267609,40.337166],[71.266018,40.336329],[71.265935,40.336037],[71.265139,40.335483],[71.258566,40.332612],[71.257361,40.332426],[71.256778,40.331875],[71.256794,40.331454],[71.256055,40.330861],[71.254794,40.331203],[71.252949,40.327912],[71.25133,40.326608],[71.248982,40.325663],[71.248315,40.324616],[71.248447,40.32409],[71.248065,40.323334],[71.247515,40.323463],[71.247655,40.324098],[71.247362,40.324839],[71.245726,40.32421],[71.245402,40.324303],[71.244542,40.324044],[71.24112,40.322001],[71.240231,40.322681],[71.240265,40.32291],[71.241196,40.323551],[71.24205,40.323687],[71.243041,40.324562],[71.244571,40.325426],[71.247083,40.326102],[71.248961,40.327132],[71.251869,40.329507],[71.2524,40.331502],[71.250432,40.333193],[71.248702,40.333642],[71.243237,40.336907],[71.224656,40.341717],[71.201615,40.343964],[71.199488,40.342809],[71.187718,40.340993],[71.182298,40.340726],[71.1805,40.339863],[71.170512,40.338023],[71.166412,40.334922],[71.155452,40.335823],[71.150425,40.335287],[71.145968,40.333549],[71.127939,40.335105],[71.124265,40.332204],[71.120526,40.329994],[71.106595,40.323674],[71.104656,40.323503],[71.102781,40.321232],[71.101284,40.319964],[71.098822,40.316565],[71.093723,40.312736],[71.089525,40.311006],[71.081203,40.30619],[71.07473,40.298455],[71.073175,40.297408],[71.071049,40.294246],[71.06236,40.293963],[71.05603,40.29233],[71.05453,40.290331],[71.050747,40.290228],[71.042098,40.288312],[71.036597,40.286583],[71.034628,40.286836],[71.027653,40.291162],[71.025364,40.292337],[71.018844,40.296129],[70.984599,40.285989],[70.972368,40.288546],[70.963745,40.288329],[70.959142,40.285184],[70.960847,40.267593],[70.976668,40.257043],[70.976631,40.251609],[70.975167,40.250094],[70.976252,40.248443],[70.980335,40.243222],[70.980514,40.238742],[70.982571,40.232539],[70.982578,40.229577],[70.984622,40.22241],[70.955579,40.221032],[70.954442,40.220446],[70.863014,40.220739],[70.861187,40.220391],[70.855188,40.21659],[70.850973,40.21463],[70.848664,40.210054],[70.825687,40.205045],[70.821764,40.203759],[70.820102,40.202237],[70.818393,40.202557],[70.817626,40.201807],[70.815244,40.201525],[70.813208,40.201953],[70.811294,40.201164],[70.80928,40.201313],[70.808505,40.203783],[70.803007,40.203096],[70.796757,40.203173],[70.793518,40.202139],[70.790183,40.201986],[70.787874,40.199474],[70.783008,40.199002],[70.783251,40.198069],[70.7802,40.198084],[70.77605,40.197285],[70.767581,40.191995],[70.759905,40.188189],[70.744251,40.187728],[70.72694,40.189313],[70.718616,40.189848],[70.713954,40.189862],[70.703291,40.188104],[70.691624,40.184815],[70.662973,40.180545],[70.64765,40.178538],[70.63233,40.177295],[70.627344,40.181136],[70.616384,40.194951],[70.611733,40.20109],[70.606079,40.205698],[70.5951,40.213126],[70.585122,40.223871],[70.579474,40.234353],[70.596205,40.239795],[70.597695,40.240092],[70.598494,40.240674],[70.598314,40.241958],[70.595503,40.244239],[70.595743,40.245911],[70.592448,40.249552],[70.588513,40.25334],[70.586684,40.253713],[70.586541,40.253268],[70.586039,40.253082],[70.58596,40.252466],[70.585389,40.252412],[70.585037,40.252605],[70.584689,40.253252],[70.584671,40.254064],[70.583942,40.255246],[70.582728,40.256355],[70.582517,40.256843],[70.581433,40.257853],[70.581236,40.258251],[70.580755,40.258197],[70.580281,40.25853],[70.580065,40.258852],[70.579949,40.259618],[70.577348,40.262632],[70.576561,40.26313],[70.575735,40.264284],[70.575542,40.265614],[70.574795,40.267678],[70.574022,40.272732],[70.575305,40.276752],[70.575637,40.278525],[70.575985,40.282732],[70.576306,40.283622],[70.575901,40.286872],[70.575439,40.289052],[70.572141,40.290991],[70.569341,40.29377],[70.568609,40.29755],[70.567846,40.298978],[70.567343,40.301316],[70.566131,40.304529],[70.56553,40.305347],[70.563003,40.305928],[70.559797,40.312059],[70.560221,40.317768],[70.562008,40.319939],[70.562542,40.320236],[70.562324,40.320891],[70.577468,40.33601],[70.58197,40.338905],[70.578218,40.340836],[70.574928,40.340222],[70.573632,40.340808],[70.570109,40.344583],[70.568331,40.345677],[70.562515,40.347882],[70.558639,40.352495],[70.55186,40.35478],[70.525626,40.356582],[70.525316,40.353157],[70.504825,40.35345],[70.49636,40.34811],[70.487588,40.350266],[70.476668,40.351955],[70.473165,40.353764],[70.463521,40.357913],[70.458783,40.359741],[70.454204,40.362031],[70.454429,40.362924],[70.456034,40.364513],[70.450954,40.366536],[70.449971,40.367118],[70.448738,40.367603],[70.445449,40.368341],[70.436099,40.368602],[70.432759,40.36937],[70.427078,40.375757],[70.422067,40.378314],[70.403696,40.380107],[70.386807,40.383758],[70.378953,40.38652],[70.369035,40.393299],[70.364873,40.397488],[70.359765,40.403743],[70.356211,40.405914],[70.353706,40.406621],[70.350471,40.408698],[70.350288,40.411871],[70.348023,40.42553],[70.344825,40.429504],[70.337817,40.433752],[70.333665,40.437268],[70.330575,40.440403],[70.329202,40.443147],[70.328344,40.447197],[70.328172,40.455165],[70.329202,40.456732],[70.33212,40.458561],[70.337614,40.459214],[70.343793,40.459475],[70.346025,40.460259],[70.346385,40.46267],[70.348428,40.465222],[70.352548,40.46692],[70.360616,40.469793],[70.368681,40.47246],[70.377795,40.474425],[70.393575,40.478281],[70.399583,40.481545],[70.403875,40.483373],[70.414518,40.48729],[70.429624,40.489117],[70.432886,40.490031],[70.436662,40.492512],[70.445543,40.496815],[70.452455,40.495906],[70.457262,40.496559],[70.461381,40.498125],[70.462755,40.498386],[70.474771,40.499561],[70.48023,40.500436],[70.483011,40.501519],[70.48529,40.503404],[70.487067,40.505221],[70.488847,40.508698],[70.493654,40.514048],[70.495027,40.520573],[70.499147,40.523966],[70.501893,40.526706],[70.503438,40.530881],[70.503953,40.535839],[70.505842,40.540275],[70.510648,40.546667],[70.51391,40.549536],[70.520433,40.552536],[70.530561,40.554884],[70.546697,40.554362],[70.55322,40.554362],[70.557512,40.555667],[70.561975,40.558405],[70.572275,40.562709],[70.575708,40.563361],[70.581544,40.563883],[70.588067,40.566491],[70.589956,40.568577],[70.592016,40.570142],[70.596307,40.572228],[70.600599,40.575749],[70.606779,40.582137],[70.608745,40.583867],[70.610727,40.586831],[70.613068,40.59165],[70.616801,40.59746],[70.618172,40.600219],[70.620445,40.602976],[70.621864,40.606242],[70.623661,40.608028],[70.628025,40.615148],[70.635103,40.62228],[70.636133,40.623713],[70.640081,40.62658],[70.642827,40.62671],[70.647977,40.625748],[70.651638,40.625807],[70.65496,40.626702],[70.658792,40.629185],[70.663576,40.63343],[70.669263,40.639086],[70.671495,40.642082],[70.6748,40.644994],[70.683683,40.650808],[70.687459,40.652501],[70.689149,40.654683],[70.693328,40.656838],[70.699991,40.659273],[70.70494,40.663],[70.710045,40.66373],[70.716814,40.662659],[70.720219,40.660898],[70.722615,40.658505],[70.723644,40.656263],[70.726144,40.655319],[70.728242,40.654949],[70.730771,40.655524],[70.733246,40.656331],[70.736158,40.658622],[70.737585,40.664091],[70.736555,40.666956],[70.73295,40.671383],[70.730476,40.674078],[70.730413,40.677968],[70.729173,40.681277],[70.730023,40.684563],[70.730747,40.686037],[70.732263,40.687005],[70.735696,40.687526],[70.738927,40.687008],[70.747253,40.683852],[70.749899,40.683453],[70.752435,40.682821],[70.75732,40.682885],[70.760529,40.683523],[70.762545,40.684753],[70.766665,40.688232],[70.768449,40.691743],[70.768999,40.695335],[70.768827,40.698459],[70.768999,40.700411],[70.772775,40.704445],[70.773068,40.706137],[70.775573,40.714359],[70.776439,40.716215],[70.778357,40.717528],[70.780686,40.718263],[70.782728,40.718617],[70.792191,40.719966],[70.796581,40.719694],[70.797344,40.719818],[70.795845,40.732543],[70.794814,40.734565],[70.789327,40.738866],[70.788405,40.739919],[70.786958,40.742386],[70.785538,40.742862],[70.781778,40.745037],[70.78017,40.747317],[70.778913,40.749632],[70.776981,40.750279],[70.77618,40.750372],[70.775314,40.751155],[70.772373,40.75324],[70.763991,40.758497],[70.751234,40.763484],[70.741956,40.764986],[70.739869,40.766951],[70.738476,40.766649],[70.736138,40.76649],[70.727674,40.769215],[70.724932,40.77516],[70.717311,40.785427],[70.711993,40.790929],[70.703387,40.800506],[70.70416,40.800629],[70.710873,40.800232],[70.713454,40.799907],[70.723883,40.806132],[70.728211,40.809279],[70.725244,40.812267],[70.723443,40.814378],[70.721069,40.815267],[70.716321,40.820859],[70.706495,40.8284],[70.701958,40.832037],[70.700379,40.833489],[70.698963,40.834422],[70.686891,40.838218],[70.679392,40.842271],[70.674459,40.847188],[70.672522,40.848898],[70.671253,40.850601],[70.669765,40.851108],[70.668276,40.850972],[70.665651,40.852334],[70.651792,40.858291],[70.645264,40.864836],[70.643291,40.869856],[70.642601,40.873553],[70.642658,40.8788],[70.640792,40.882662],[70.633918,40.885833],[70.630895,40.889074],[70.629227,40.894839],[70.627948,40.895739],[70.623886,40.897568],[70.619418,40.899169],[70.614581,40.901199],[70.610149,40.905212],[70.607757,40.90793],[70.606701,40.91234],[70.603971,40.917474],[70.599903,40.920916],[70.597375,40.927042],[70.598102,40.929694],[70.59839,40.932112],[70.595741,40.934573],[70.589302,40.938183],[70.586354,40.941473],[70.582876,40.946897],[70.57977,40.952176],[70.57428,40.956403],[70.572953,40.957863],[70.568447,40.960845],[70.568124,40.96292],[70.568597,40.964588],[70.566795,40.964912],[70.566409,40.965576],[70.566875,40.967189],[70.565851,40.968817],[70.564542,40.969433],[70.563981,40.97034],[70.563115,40.97081],[70.562117,40.970923],[70.561785,40.971693],[70.560027,40.973066],[70.556211,40.97889],[70.548298,40.980659],[70.546775,40.980578],[70.54184,40.980789],[70.536443,40.980072],[70.533707,40.980076],[70.532033,40.982377],[70.530403,40.983818],[70.529137,40.983932],[70.526326,40.984725],[70.521202,40.987233],[70.521403,40.993816],[70.520472,40.996211],[70.520308,40.997873],[70.517494,41.001242],[70.516524,41.00385],[70.515372,41.005501],[70.513051,41.007292],[70.513333,41.008961],[70.514498,41.009568],[70.514455,41.010482],[70.509133,41.013822],[70.506362,41.014739],[70.504053,41.016045],[70.500571,41.016799],[70.497057,41.018823],[70.494343,41.02269],[70.491575,41.022795],[70.490255,41.023051],[70.488957,41.023749],[70.487501,41.025352],[70.486882,41.027751],[70.485885,41.028895],[70.48537,41.029935],[70.484089,41.031748],[70.48342,41.033732],[70.480975,41.034345],[70.480452,41.034878],[70.479811,41.03504],[70.477564,41.035208],[70.476312,41.035951],[70.475736,41.037301],[70.475204,41.03766],[70.474379,41.0395],[70.47254,41.04131],[70.469399,41.04189],[70.467949,41.041644],[70.465558,41.040467],[70.462146,41.039389],[70.458658,41.036786],[70.451633,41.038553],[70.449422,41.042245],[70.448465,41.04325],[70.444945,41.045094],[70.441544,41.043829],[70.434921,41.04049],[70.430017,41.037056],[70.427552,41.03616],[70.421395,41.034433],[70.413846,41.034462],[70.410798,41.032308],[70.407989,41.030886],[70.404046,41.029436],[70.400753,41.026824],[70.395721,41.026859],[70.394198,41.02358],[70.392128,41.020821],[70.390341,41.016894],[70.390799,41.014997],[70.385536,41.00978],[70.3803,41.006983],[70.377963,41.005526],[70.374619,41.00294],[70.375732,41.000992],[70.376636,40.996199],[70.379558,40.993444],[70.380162,40.992565],[70.380823,40.990329],[70.382299,40.983938],[70.382681,40.980232],[70.383117,40.978612],[70.384191,40.976501],[70.386304,40.974681],[70.387954,40.974068],[70.388884,40.970083],[70.388872,40.967106],[70.388548,40.96404],[70.386996,40.958289],[70.387481,40.955664],[70.38836,40.953513],[70.38725,40.951453],[70.385917,40.949783],[70.381629,40.946301],[70.38029,40.945702],[70.377136,40.945392],[70.371534,40.943692],[70.370602,40.943265],[70.370878,40.941918],[70.374033,40.933248],[70.375723,40.926053],[70.375475,40.923109],[70.379083,40.918925],[70.379253,40.918141],[70.378473,40.916263],[70.377688,40.913383],[70.376022,40.909402],[70.373436,40.904886],[70.371823,40.897997],[70.367751,40.896706],[70.361657,40.893583],[70.354979,40.888982],[70.349521,40.887019],[70.34697,40.886484],[70.34539,40.886349],[70.343839,40.884937],[70.339144,40.883883],[70.337063,40.88313],[70.335102,40.881989],[70.332027,40.883809],[70.331017,40.884941],[70.329243,40.886509],[70.327843,40.886705],[70.326366,40.886495],[70.325493,40.886315],[70.321551,40.8838],[70.317426,40.883258],[70.315818,40.883489],[70.314261,40.883226],[70.311593,40.880867],[70.309288,40.879756],[70.307001,40.879324],[70.302532,40.877028],[70.295925,40.875705],[70.289662,40.875482],[70.286354,40.874735],[70.285159,40.8734],[70.283116,40.87253],[70.282214,40.872339],[70.281421,40.871766],[70.278419,40.871065],[70.277619,40.869567],[70.276533,40.868033],[70.274373,40.866782],[70.271777,40.863079],[70.271603,40.859151],[70.269345,40.855071],[70.267599,40.851534],[70.266365,40.85016],[70.263504,40.849697],[70.260185,40.848082],[70.259034,40.847261],[70.257981,40.846893],[70.25018,40.84271],[70.246349,40.84106],[70.244459,40.839861],[70.240456,40.839347],[70.237626,40.838782],[70.23567,40.837419],[70.233663,40.836504],[70.231299,40.835961],[70.22759,40.834363],[70.224691,40.832705],[70.222803,40.831871],[70.221101,40.830168],[70.219069,40.828493],[70.216994,40.828003],[70.213683,40.828108],[70.20334,40.823588],[70.201264,40.822216],[70.199753,40.823465],[70.193361,40.827459],[70.188012,40.829856],[70.183958,40.83096],[70.182536,40.832557],[70.181177,40.833773],[70.176026,40.832937],[70.174669,40.83235],[70.173767,40.832249],[70.171443,40.833212],[70.16658,40.834123],[70.162713,40.83423],[70.160167,40.833912],[70.15911,40.833581],[70.155304,40.831595],[70.151757,40.830723],[70.149062,40.828911],[70.14409,40.826351],[70.142351,40.824421],[70.138725,40.823603],[70.13498,40.823053],[70.132927,40.822339],[70.127386,40.822062],[70.126363,40.821388],[70.123848,40.818917],[70.120525,40.816304],[70.120102,40.815258],[70.120697,40.814457],[70.122223,40.810076],[70.124022,40.809332],[70.124385,40.807399],[70.122329,40.804153],[70.121119,40.800921],[70.121062,40.798887],[70.119419,40.797082],[70.117035,40.795614],[70.115716,40.793725],[70.114474,40.790847],[70.114195,40.789219],[70.114345,40.788415],[70.113712,40.787115],[70.109517,40.784907],[70.106922,40.783965],[70.104988,40.783042],[70.102732,40.783153],[70.10147,40.783027],[70.098407,40.781585],[70.095738,40.778364],[70.092349,40.774971],[70.088406,40.772575],[70.086697,40.771058],[70.08464,40.769865],[70.082227,40.769212],[70.08107,40.766216],[70.078244,40.762963],[70.075613,40.760986],[70.071199,40.758334],[70.068173,40.755183],[70.065667,40.754783],[70.060692,40.755521],[70.058043,40.755616],[70.054996,40.755479],[70.052104,40.754512],[70.050154,40.753582],[70.047157,40.753006],[70.044356,40.7533],[70.043424,40.753192],[70.040664,40.753367],[70.039137,40.75317],[70.037211,40.749267],[70.035534,40.747087],[70.032134,40.744858],[70.029632,40.744096],[70.027123,40.744029],[70.02399,40.743255],[70.02143,40.743308],[70.019155,40.742622],[70.01608,40.740867],[70.015337,40.740679],[70.011383,40.737521],[70.008538,40.736813],[70.006514,40.736009],[70.004417,40.735711],[70.001267,40.735756],[69.998206,40.735542],[69.993009,40.736397],[69.986028,40.73815],[69.982677,40.737713],[69.981487,40.737368],[69.979339,40.737602],[69.973926,40.738915],[69.971722,40.736673],[69.968998,40.735482],[69.967566,40.733868],[69.965763,40.732737],[69.963487,40.732021],[69.962271,40.727425],[69.961456,40.725829],[69.956722,40.725654],[69.950997,40.725791],[69.94734,40.724634],[69.940624,40.719322],[69.939027,40.718709],[69.934997,40.717731],[69.931455,40.716585],[69.924683,40.718876],[69.922434,40.719836],[69.917363,40.720431],[69.911027,40.720728],[69.908797,40.720327],[69.907024,40.719754],[69.905047,40.720569],[69.903414,40.721025],[69.900105,40.719977],[69.895615,40.719846],[69.891499,40.721668],[69.889919,40.72556],[69.884084,40.722412],[69.88193,40.722147],[69.88093,40.72032],[69.878731,40.718355],[69.875174,40.716718],[69.872671,40.715202],[69.869179,40.714381],[69.865716,40.714805],[69.865266,40.714197],[69.861508,40.713243],[69.85949,40.712929],[69.857559,40.711685],[69.856605,40.710758],[69.851013,40.709914],[69.848115,40.708988],[69.84667,40.708291],[69.841409,40.706605],[69.839803,40.70552],[69.838922,40.702626],[69.835088,40.699669],[69.832539,40.701072],[69.824908,40.700675],[69.822481,40.702131],[69.82015,40.70578],[69.81925,40.705938],[69.815952,40.707322],[69.814956,40.707286],[69.810601,40.706568],[69.808146,40.704585],[69.804492,40.704426],[69.797766,40.702875],[69.793164,40.701593],[69.792326,40.69952],[69.791425,40.697889],[69.790032,40.69258],[69.790203,40.690633],[69.789644,40.689521],[69.784388,40.68445],[69.781701,40.683232],[69.77994,40.678615],[69.774879,40.674966],[69.773951,40.669586],[69.770244,40.664424],[69.767122,40.662819],[69.765449,40.661776],[69.762656,40.660657],[69.761691,40.659255],[69.762062,40.657838],[69.763061,40.65613],[69.763424,40.65393],[69.76489,40.651575],[69.758251,40.645233],[69.753898,40.643469],[69.751306,40.644696],[69.748974,40.645179],[69.742332,40.642328],[69.742189,40.641897],[69.740026,40.64077],[69.738701,40.638994],[69.736565,40.63719],[69.734852,40.635139],[69.732152,40.634205],[69.728021,40.633265],[69.725722,40.630782],[69.720487,40.628689],[69.719587,40.628781],[69.715384,40.63053],[69.71205,40.630486],[69.708972,40.628629],[69.703165,40.628099],[69.70096,40.627389],[69.698429,40.627477],[69.697991,40.628391],[69.697331,40.629233],[69.695421,40.630036],[69.692713,40.629938],[69.689807,40.630378],[69.688845,40.631577],[69.685285,40.632711],[69.678491,40.632607],[69.673398,40.633987],[69.669267,40.634138],[69.666554,40.638807],[69.666337,40.642114],[69.666536,40.648974],[69.665331,40.650527],[69.663311,40.651348],[69.663353,40.652505],[69.663801,40.653699],[69.662571,40.654399],[69.662456,40.655994],[69.661767,40.656456],[69.661545,40.657562],[69.661265,40.657996],[69.661953,40.658313],[69.663337,40.659797],[69.655675,40.663964],[69.653203,40.665726],[69.652315,40.669018],[69.652207,40.670394],[69.651694,40.67109],[69.648711,40.673344],[69.644667,40.674196],[69.643268,40.674824],[69.640447,40.674252],[69.636581,40.673204],[69.631339,40.6753],[69.627141,40.676278],[69.625336,40.676263],[69.621245,40.682664],[69.620253,40.683134],[69.620279,40.683895],[69.620092,40.684294],[69.618909,40.685447],[69.617814,40.686132],[69.61743,40.686828],[69.616894,40.687289],[69.617099,40.688234],[69.617122,40.689741],[69.614967,40.690182],[69.614711,40.691248],[69.614412,40.69134],[69.612094,40.691092],[69.607448,40.69154],[69.605774,40.692389],[69.605491,40.692859],[69.605476,40.693226],[69.605808,40.693686],[69.604038,40.694012],[69.603059,40.69457],[69.601821,40.694804],[69.601147,40.695197],[69.599376,40.695753],[69.596669,40.696102],[69.594507,40.697138],[69.593442,40.697265],[69.591979,40.69845],[69.591822,40.698828],[69.590096,40.699954],[69.588642,40.700467],[69.587599,40.701883],[69.585334,40.702742],[69.583751,40.704095],[69.583483,40.704599],[69.58343,40.705873],[69.58303,40.706948],[69.582558,40.707553],[69.582396,40.70825],[69.582728,40.710444],[69.582575,40.710967],[69.582145,40.711521],[69.581494,40.711941],[69.578968,40.713134],[69.57871,40.713944],[69.579039,40.715102],[69.578489,40.715402],[69.57837,40.715941],[69.576153,40.717902],[69.575829,40.718025],[69.574344,40.720317],[69.574569,40.720573],[69.573982,40.721822],[69.573577,40.723242],[69.573544,40.724607],[69.573768,40.725637],[69.574273,40.726309],[69.574101,40.726839],[69.572538,40.728623],[69.573557,40.731477],[69.575435,40.731971],[69.575652,40.732451],[69.574072,40.735077],[69.572766,40.74047],[69.571734,40.742196],[69.571638,40.743663],[69.569904,40.74452],[69.569394,40.745607],[69.568065,40.747387],[69.568097,40.750239],[69.567807,40.750684],[69.567153,40.751368],[69.565552,40.752052],[69.563979,40.753566],[69.561489,40.754763],[69.562004,40.756128],[69.561925,40.756693],[69.559699,40.75712],[69.560158,40.75879],[69.559266,40.760819],[69.55937,40.762494],[69.559098,40.762887],[69.558229,40.763567],[69.558017,40.764276],[69.557705,40.764514],[69.556516,40.764337],[69.555631,40.764595],[69.555458,40.76596],[69.554413,40.76734],[69.553296,40.768487],[69.551319,40.769716],[69.548713,40.768932],[69.546837,40.76941],[69.546463,40.770489],[69.545956,40.770659],[69.545569,40.772321],[69.545145,40.772563],[69.54337,40.772746],[69.542633,40.772355],[69.542114,40.77162],[69.54176,40.770374],[69.54097,40.770484],[69.540253,40.770841],[69.539874,40.771272],[69.539013,40.77158],[69.538512,40.771035],[69.537951,40.770892],[69.536903,40.771382],[69.535481,40.773315],[69.535389,40.775897],[69.534716,40.777052],[69.534402,40.777148],[69.531919,40.776253],[69.529714,40.776473],[69.528891,40.776816],[69.528604,40.777177],[69.526173,40.775674],[69.524597,40.775449],[69.524154,40.77564],[69.523842,40.776191],[69.522457,40.777471],[69.520727,40.779581],[69.520174,40.781287],[69.51924,40.781298],[69.518565,40.78253],[69.518037,40.782482],[69.517629,40.781504],[69.517074,40.780689],[69.516222,40.779819],[69.516005,40.779197],[69.516138,40.778187],[69.515939,40.777774],[69.514972,40.777191],[69.513388,40.777176],[69.513302,40.777481],[69.512266,40.778142],[69.511837,40.777984],[69.511437,40.77744],[69.51067,40.777124],[69.509988,40.777412],[69.50939,40.778073],[69.506754,40.778411],[69.505001,40.779601],[69.502441,40.779667],[69.500163,40.780945],[69.499865,40.781268],[69.499422,40.782005],[69.498893,40.784524],[69.498376,40.785877],[69.497407,40.787265],[69.49846,40.790289],[69.498891,40.79581],[69.496886,40.797444],[69.49609,40.797094],[69.488398,40.795585],[69.487596,40.793263],[69.481443,40.792591],[69.481466,40.79225],[69.479919,40.791668],[69.4788,40.790135],[69.478097,40.78834],[69.477774,40.786997],[69.47643,40.784929],[69.474795,40.782899],[69.474359,40.78073],[69.471368,40.783698],[69.470558,40.784069],[69.467834,40.784429],[69.461256,40.784789],[69.458734,40.784757],[69.455345,40.78415],[69.453175,40.786405],[69.44795,40.788058],[69.444534,40.788925],[69.444218,40.789393],[69.443534,40.789559],[69.437689,40.78886],[69.428512,40.783508],[69.424296,40.775244],[69.421608,40.769049],[69.421179,40.76064],[69.420114,40.759067],[69.418284,40.757125],[69.407833,40.752228],[69.405886,40.752072],[69.404015,40.754901],[69.397964,40.762594],[69.395595,40.766384],[69.394209,40.76931],[69.388631,40.784227],[69.381974,40.787017],[69.379521,40.786642],[69.378216,40.787301],[69.378382,40.787754],[69.374399,40.788405],[69.374517,40.790407],[69.373457,40.790647],[69.37183,40.789589],[69.3679,40.787607],[69.368456,40.786982],[69.367045,40.785907],[69.363475,40.78471],[69.362232,40.782782],[69.357613,40.779637],[69.352363,40.778152],[69.351447,40.776667],[69.347661,40.774914],[69.349766,40.772153],[69.3529,40.770378],[69.353953,40.768296],[69.353412,40.765699],[69.354148,40.764567],[69.354658,40.763261],[69.357303,40.761575],[69.358825,40.761417],[69.359386,40.760871],[69.359626,40.760318],[69.357642,40.756266],[69.357635,40.755861],[69.361656,40.753801],[69.361795,40.753396],[69.361739,40.753081],[69.361406,40.75276],[69.359244,40.751306],[69.359233,40.749991],[69.359549,40.749305],[69.359912,40.74892],[69.361352,40.748144],[69.362425,40.747197],[69.364339,40.744621],[69.364502,40.744049],[69.364402,40.743783],[69.363029,40.742658],[69.361955,40.741364],[69.360091,40.74042],[69.359691,40.739659],[69.35982,40.7391],[69.361425,40.73701],[69.362923,40.734391],[69.361007,40.732635],[69.360703,40.732539],[69.359877,40.73266],[69.353038,40.732731],[69.351134,40.732115],[69.351105,40.730971],[69.352756,40.728897],[69.355229,40.727516],[69.355893,40.726693],[69.355264,40.726377],[69.352791,40.725987],[69.349169,40.726822],[69.348224,40.726224],[69.347942,40.725617],[69.347153,40.724952],[69.346764,40.724396],[69.345953,40.722532],[69.346177,40.720501],[69.34685,40.718086],[69.346907,40.715988],[69.346197,40.712271],[69.345577,40.712014],[69.340882,40.712597],[69.339605,40.712517],[69.337081,40.711021],[69.335625,40.709434],[69.334445,40.708938],[69.334277,40.70868],[69.334278,40.707852],[69.334104,40.70752],[69.33445,40.706411],[69.331527,40.705483],[69.328694,40.704185],[69.328551,40.703955],[69.329387,40.70043],[69.329882,40.699189],[69.330238,40.698824],[69.330676,40.698657],[69.331198,40.697934],[69.332908,40.697592],[69.333952,40.696863],[69.334511,40.694975],[69.334388,40.694622],[69.33465,40.694405],[69.337369,40.693675],[69.337676,40.693437],[69.338234,40.691827],[69.338639,40.69144],[69.339004,40.690608],[69.337712,40.689806],[69.340477,40.686919],[69.34198,40.68633],[69.342334,40.685966],[69.342538,40.685135],[69.342686,40.68388],[69.342542,40.68231],[69.342048,40.680146],[69.340734,40.671408],[69.339059,40.668664],[69.338376,40.667226],[69.337061,40.658617],[69.339143,40.65698],[69.339116,40.65193],[69.338764,40.643006],[69.344403,40.627265],[69.347583,40.614648],[69.347428,40.613763],[69.34686,40.600954],[69.347346,40.600259],[69.346457,40.591312],[69.347763,40.589755],[69.347078,40.585319],[69.346825,40.585176],[69.345317,40.585148],[69.344085,40.581071],[69.343718,40.580892],[69.340399,40.580498],[69.340647,40.582105],[69.331696,40.581637],[69.327012,40.581685],[69.32543,40.581252],[69.321483,40.579323],[69.319677,40.578639],[69.30316,40.581094],[69.298514,40.581468],[69.284251,40.581878],[69.2821,40.580612],[69.280584,40.576893],[69.279544,40.57535],[69.278138,40.574544],[69.275973,40.57401],[69.262298,40.576347],[69.261147,40.575941],[69.258523,40.572446],[69.250488,40.565303],[69.24136,40.562349],[69.238485,40.559032],[69.233774,40.554407],[69.232333,40.553177],[69.226772,40.549938],[69.226065,40.549612],[69.220565,40.548508],[69.220712,40.547729],[69.214529,40.546836],[69.211031,40.546786],[69.211099,40.546651],[69.212048,40.546567],[69.212159,40.546429],[69.211987,40.546134],[69.212145,40.546076],[69.211936,40.540792],[69.215249,40.540144],[69.215099,40.538824],[69.216168,40.538138],[69.219494,40.536783],[69.221201,40.536408],[69.221329,40.535897],[69.22117,40.534959],[69.221292,40.533729],[69.220484,40.532728],[69.220395,40.531197],[69.224577,40.527943],[69.228628,40.525878],[69.230874,40.522676],[69.239855,40.520317],[69.240464,40.51992],[69.247968,40.510233],[69.256424,40.50704],[69.262794,40.499979],[69.279442,40.493411],[69.27986,40.492855],[69.278646,40.489452],[69.277863,40.489065],[69.272371,40.488222],[69.271627,40.487904],[69.270022,40.485096],[69.269748,40.484362],[69.272206,40.480836],[69.272597,40.480103],[69.272494,40.479584],[69.266426,40.475948],[69.26628,40.47544],[69.268615,40.470548],[69.271659,40.468794],[69.271788,40.468274],[69.268454,40.462419],[69.26772,40.459718],[69.267978,40.459199],[69.270517,40.457986],[69.272832,40.455506],[69.277997,40.453204],[69.279325,40.451884],[69.283932,40.443429],[69.283771,40.439071],[69.282756,40.436318],[69.28318,40.435757],[69.284121,40.435293],[69.284749,40.434745],[69.285524,40.430996],[69.284048,40.427386],[69.284158,40.426613],[69.285979,40.423611],[69.28581,40.42303],[69.28335,40.421004],[69.283224,40.420633],[69.283397,40.420001],[69.28854,40.415354],[69.293965,40.415173],[69.294868,40.414956],[69.296039,40.414438],[69.297944,40.412621],[69.298443,40.411835],[69.297762,40.407961],[69.296118,40.40653],[69.291598,40.404348],[69.291153,40.403876],[69.291029,40.403382],[69.291116,40.402381],[69.291891,40.3967],[69.292129,40.395946],[69.292943,40.394958],[69.297426,40.391465],[69.302999,40.39039],[69.304032,40.38987],[69.305004,40.389019],[69.306191,40.38746],[69.306504,40.386785],[69.307166,40.379994],[69.306855,40.379435],[69.303349,40.375794],[69.303109,40.375049],[69.302415,40.368875],[69.302614,40.368135],[69.303229,40.367458],[69.316183,40.356665],[69.325692,40.351697],[69.33629,40.348756],[69.337307,40.347768],[69.340508,40.339022],[69.339492,40.333621],[69.338035,40.321348],[69.337609,40.320398],[69.334837,40.318],[69.334273,40.317155],[69.332929,40.312561],[69.328307,40.308914],[69.327713,40.308275],[69.326573,40.302445],[69.327964,40.300435],[69.328164,40.299825],[69.328389,40.299002],[69.328459,40.297814],[69.328287,40.297212],[69.322743,40.29271],[69.322027,40.29258],[69.319466,40.293147],[69.318669,40.293017],[69.311638,40.290332],[69.311077,40.289764],[69.310196,40.2882],[69.309681,40.287707],[69.307662,40.28668],[69.307291,40.286184],[69.307235,40.285696],[69.307935,40.282535],[69.30743,40.281888],[69.289582,40.288617],[69.265347,40.29738],[69.259866,40.297215],[69.253712,40.301945],[69.2492,40.303493],[69.246612,40.295443],[69.246827,40.294251],[69.249909,40.292228],[69.252522,40.291329],[69.254669,40.283709],[69.24906,40.281025],[69.247785,40.274813],[69.251303,40.270663],[69.2549,40.269578],[69.255366,40.267317],[69.256563,40.265584],[69.26117,40.263825],[69.262694,40.25828],[69.264851,40.25864],[69.267697,40.258571],[69.273197,40.256279],[69.27786,40.252939],[69.285734,40.25104],[69.287543,40.24878],[69.28971,40.247833],[69.301455,40.244813],[69.29713,40.233803],[69.29642,40.233408],[69.295377,40.232182],[69.288637,40.225685],[69.289176,40.222025],[69.290431,40.219501],[69.290088,40.218497],[69.290482,40.217441],[69.291095,40.216802],[69.29296,40.215485],[69.2932,40.214916],[69.294012,40.214055],[69.295803,40.213306],[69.296283,40.211796],[69.297162,40.211264],[69.297369,40.210846],[69.297261,40.210023],[69.298979,40.207258],[69.29842,40.206303],[69.299654,40.202103],[69.298813,40.199754],[69.300777,40.197315],[69.300419,40.196653],[69.301069,40.195763],[69.3045,40.195632],[69.305507,40.195094],[69.304103,40.191017],[69.304312,40.188442],[69.303209,40.18831],[69.300887,40.188517],[69.29916,40.189065],[69.285224,40.196086],[69.282156,40.198877],[69.274016,40.201989],[69.271652,40.202078],[69.265355,40.200792],[69.263311,40.200568],[69.261172,40.200725],[69.251789,40.206515],[69.247485,40.208071],[69.246513,40.208256],[69.241512,40.207984],[69.238397,40.208065],[69.233596,40.20847],[69.231242,40.208207],[69.230061,40.208254],[69.2227,40.210383],[69.219524,40.210986],[69.216609,40.21126],[69.213807,40.212275],[69.204498,40.214032],[69.197737,40.215073],[69.189432,40.214796],[69.186632,40.213921],[69.180385,40.213373],[69.173376,40.21183],[69.171975,40.211758],[69.169782,40.212125],[69.168056,40.210829],[69.166535,40.210541],[69.165281,40.210577],[69.164114,40.210908],[69.15347,40.215437],[69.152695,40.214418],[69.149316,40.215767],[69.134234,40.217852],[69.087746,40.221398],[69.078648,40.222897],[69.078204,40.222857],[69.07646,40.221579],[69.075687,40.22145],[69.071854,40.22162],[69.070297,40.222394],[69.067069,40.223053],[69.0612,40.222774],[69.056783,40.223701],[69.052116,40.226611],[69.03575,40.228734],[69.009493,40.226129],[68.984295,40.223284],[68.963594,40.221483],[68.93497,40.218421],[68.862762,40.210035],[68.860795,40.209461],[68.85152,40.203487],[68.85196,40.197778],[68.847201,40.195178],[68.840952,40.193881],[68.84195,40.190024],[68.842591,40.186543],[68.843612,40.183276],[68.840279,40.182179],[68.834983,40.181068],[68.830953,40.180467],[68.823718,40.178858],[68.817206,40.178299],[68.811844,40.178394],[68.7973,40.172603],[68.779565,40.203926],[68.761361,40.199867],[68.711976,40.186966],[68.701505,40.183998],[68.694005,40.18139],[68.68844,40.178306],[68.681126,40.178601],[68.671113,40.176273],[68.663024,40.175007],[68.653645,40.172952],[68.632204,40.167912],[68.606705,40.161125],[68.597945,40.157131],[68.581493,40.153787],[68.567332,40.152648],[68.554771,40.151007],[68.532861,40.143821],[68.530788,40.118288],[68.530982,40.118163],[68.531026,40.11777],[68.633236,40.076677],[68.638496,40.077272],[68.654404,40.081939],[68.682872,40.091975],[68.694095,40.095043],[68.702038,40.094433],[68.722825,40.0993],[68.736388,40.099052],[68.750341,40.101336],[68.758935,40.09871],[68.76583,40.097968],[68.773136,40.099379],[68.782419,40.107169],[68.796362,40.111907],[68.811224,40.116629],[68.83062,40.117997],[68.83367,40.119039],[68.838467,40.119389],[68.847767,40.121379],[68.852344,40.123979],[68.859075,40.124521],[68.874583,40.12984],[68.881643,40.133075],[68.891364,40.135088],[68.897181,40.137091],[68.914663,40.139491],[68.927018,40.14491],[68.928008,40.144087],[68.928421,40.143966],[68.930439,40.144354],[68.931753,40.145995],[68.940635,40.147063],[68.950876,40.146689],[68.952564,40.145991],[68.957886,40.144594],[68.963336,40.145386],[68.966945,40.144261],[68.967816,40.144362],[68.969675,40.146782],[68.970637,40.147032],[68.972731,40.146811],[68.973542,40.146049],[68.980719,40.142781],[68.988764,40.144874],[68.994552,40.150626],[69.000441,40.152716],[69.004673,40.153841],[69.014621,40.154626],[69.02002,40.15423],[69.023926,40.145578],[69.023641,40.136825],[69.0241,40.126037],[69.023752,40.122233],[69.022798,40.120449],[69.008453,40.099133],[68.995273,40.093254],[68.988824,40.092808],[68.979896,40.093525],[68.970741,40.092677],[68.96007,40.087913],[68.956864,40.083622],[68.965202,40.070073],[68.967827,40.066095],[68.96843,40.064823],[68.972329,40.06558],[68.97719,40.057764],[68.977528,40.053472],[68.976944,40.051892],[68.97919,40.047309],[68.979593,40.043071],[68.977473,40.041974],[68.973006,40.042069],[68.972274,40.04602],[68.971253,40.046806],[68.970258,40.050332],[68.967934,40.052532],[68.967125,40.055212],[68.959192,40.059613],[68.956929,40.061677],[68.955226,40.062761],[68.950127,40.061848],[68.947077,40.06265],[68.946523,40.063086],[68.946392,40.06258],[68.944624,40.061569],[68.934981,40.061896],[68.93401,40.061735],[68.929575,40.061837],[68.926503,40.06257],[68.916188,40.061331],[68.915666,40.061531],[68.913858,40.063918],[68.91208,40.065528],[68.909312,40.066887],[68.908771,40.067338],[68.907999,40.067445],[68.906628,40.068065],[68.904828,40.067996],[68.903667,40.06773],[68.901882,40.067026],[68.900963,40.066229],[68.900685,40.065581],[68.900748,40.065027],[68.900391,40.064145],[68.900459,40.06261],[68.900287,40.06214],[68.898896,40.061268],[68.898901,40.060601],[68.897963,40.059133],[68.897225,40.049785],[68.893337,40.048214],[68.888569,40.054979],[68.877172,40.055675],[68.867278,40.055835],[68.862367,40.053575],[68.862894,40.052525],[68.861069,40.051987],[68.861219,40.0517],[68.856929,40.05057],[68.857171,40.050302],[68.856559,40.048401],[68.85652,40.04697],[68.857586,40.046438],[68.859151,40.044341],[68.859405,40.04332],[68.860867,40.041202],[68.861058,40.039963],[68.864623,40.038066],[68.863788,40.036283],[68.865815,40.032285],[68.867082,40.030676],[68.870395,40.028342],[68.873738,40.023101],[68.875295,40.019251],[68.876999,40.018887],[68.87877,40.019769],[68.881371,40.017107],[68.883813,40.014087],[68.885842,40.009334],[68.891899,40.004997],[68.899527,39.993101],[68.900722,39.98971],[68.901486,39.981625],[68.906699,39.977967],[68.910824,39.97401],[68.912677,39.965144],[68.917354,39.955424],[68.921442,39.94966],[68.922683,39.944537],[68.92525,39.939423],[68.928246,39.930273],[68.932131,39.928451],[68.933535,39.928539],[68.935206,39.92663],[68.938881,39.923237],[68.9403,39.921162],[68.943258,39.919196],[68.942318,39.9175],[68.938853,39.916387],[68.935597,39.916592],[68.928721,39.915101],[68.923715,39.9115],[68.919789,39.902145],[68.920386,39.898149],[68.919632,39.896163],[68.917369,39.891279],[68.913984,39.887086],[68.906283,39.880701],[68.896613,39.879023],[68.895778,39.872633],[68.894697,39.869627],[68.893561,39.868997],[68.89282,39.868198],[68.891564,39.86808],[68.889503,39.864906],[68.887872,39.864549],[68.886232,39.864568],[68.885321,39.863161],[68.875875,39.864775],[68.87498,39.864297],[68.872555,39.863718],[68.871563,39.864438],[68.870458,39.866017],[68.867679,39.86694],[68.864157,39.866797],[68.864067,39.864508],[68.862419,39.862509],[68.862306,39.861248],[68.859878,39.861189],[68.857422,39.861965],[68.85475,39.86314],[68.853503,39.866738],[68.854175,39.868435],[68.852717,39.870147],[68.85272,39.888495],[68.847174,39.889391],[68.844592,39.890672],[68.845266,39.894435],[68.848327,39.897898],[68.850542,39.898871],[68.85093,39.901875],[68.852214,39.903322],[68.853412,39.906063],[68.854267,39.906407],[68.856353,39.916326],[68.8552,39.921302],[68.850537,39.926462],[68.847234,39.929158],[68.844791,39.941577],[68.837523,39.955834],[68.828097,39.971017],[68.824398,39.986701],[68.820286,39.985872],[68.819455,39.983627],[68.820898,39.979697],[68.819707,39.978431],[68.813694,39.976261],[68.812457,39.97468],[68.811915,39.974402],[68.801849,39.972552],[68.801003,39.971714],[68.800675,39.969964],[68.801347,39.968035],[68.812643,39.968645],[68.816578,39.96805],[68.821705,39.951642],[68.822711,39.949638],[68.825607,39.948563],[68.828233,39.946932],[68.830033,39.937517],[68.830011,39.921255],[68.82733,39.916349],[68.82782,39.90365],[68.82304,39.900706],[68.82113,39.895186],[68.831666,39.893783],[68.83111,39.890962],[68.826359,39.887165],[68.82323,39.886417],[68.821702,39.882769],[68.821308,39.874212],[68.822611,39.870495],[68.819612,39.870102],[68.811065,39.874706],[68.808281,39.874059],[68.806701,39.875134],[68.803777,39.874052],[68.803653,39.872879],[68.799048,39.870027],[68.798308,39.867959],[68.796357,39.86742],[68.793861,39.864313],[68.789375,39.853044],[68.78848,39.845086],[68.786115,39.844681],[68.785372,39.83982],[68.778504,39.839883],[68.775856,39.847983],[68.774236,39.851807],[68.770197,39.859498],[68.771575,39.87191],[68.772525,39.874994],[68.767342,39.875344],[68.760575,39.874686],[68.755423,39.871906],[68.749883,39.867397],[68.750387,39.862625],[68.757283,39.846894],[68.75912,39.845674],[68.759121,39.844719],[68.757777,39.84566],[68.754684,39.847397],[68.752613,39.847732],[68.746136,39.845786],[68.739425,39.851092],[68.730019,39.853945],[68.7205,39.85967],[68.718673,39.859284],[68.715231,39.85495],[68.707155,39.852608],[68.703879,39.849914],[68.702836,39.849559],[68.702156,39.848763],[68.698727,39.848133],[68.682115,39.850874],[68.65752,39.8542],[68.650447,39.854417],[68.644671,39.853337],[68.640096,39.854038],[68.636868,39.854906],[68.636584,39.852965],[68.636134,39.851552],[68.636202,39.847751],[68.634553,39.846096],[68.634432,39.841948],[68.633615,39.838937],[68.634009,39.838052],[68.634067,39.832602],[68.635454,39.827714],[68.637276,39.824527],[68.637149,39.823155],[68.637428,39.821507],[68.637235,39.820337],[68.638201,39.818656],[68.637152,39.800411],[68.638267,39.798345],[68.638779,39.794047],[68.638178,39.79121],[68.638409,39.789439],[68.637426,39.78707],[68.63981,39.783223],[68.640901,39.77984],[68.643221,39.777324],[68.642614,39.776373],[68.638324,39.77664],[68.637376,39.77381],[68.63251,39.771214],[68.629889,39.770767],[68.624041,39.771456],[68.619877,39.762061],[68.621672,39.759716],[68.625465,39.756019],[68.623255,39.752541],[68.619027,39.747122],[68.612975,39.744933],[68.609503,39.741625],[68.596643,39.738467],[68.589537,39.737465],[68.588994,39.73055],[68.58675,39.724452],[68.587011,39.721759],[68.589846,39.719676],[68.598375,39.71473],[68.599663,39.712545],[68.603512,39.711055],[68.602924,39.706803],[68.605913,39.706613],[68.610714,39.704482],[68.620303,39.698636],[68.626201,39.695704],[68.625739,39.691823],[68.626656,39.6896],[68.629862,39.683857],[68.628545,39.679316],[68.625611,39.675365],[68.625004,39.673437],[68.624039,39.671653],[68.622751,39.671124],[68.622238,39.670521],[68.62155,39.668894],[68.621327,39.667255],[68.62052,39.665211],[68.620091,39.662403],[68.619715,39.661618],[68.619753,39.660755],[68.62023,39.660066],[68.620284,39.659017],[68.620745,39.657852],[68.620616,39.657571],[68.61935,39.657208],[68.618687,39.656853],[68.618631,39.656407],[68.618943,39.65582],[68.618395,39.65392],[68.618932,39.652904],[68.618138,39.651343],[68.61864,39.649998],[68.618692,39.647787],[68.618508,39.644871],[68.61788,39.642413],[68.618009,39.640736],[68.617246,39.63799],[68.616443,39.63577],[68.614658,39.634962],[68.611737,39.634832],[68.609963,39.63368],[68.605789,39.630193],[68.604721,39.628474],[68.603203,39.627615],[68.599215,39.624491],[68.595704,39.623714],[68.592054,39.623463],[68.587754,39.623458],[68.583106,39.62275],[68.581327,39.622251],[68.579809,39.621312],[68.579002,39.620527],[68.57916,39.619268],[68.578892,39.617425],[68.578076,39.616103],[68.577916,39.614026],[68.576478,39.610375],[68.575126,39.60992],[68.573442,39.607903],[68.572218,39.607275],[68.571907,39.606796],[68.572133,39.605482],[68.57188,39.603414],[68.570154,39.601416],[68.566387,39.600228],[68.563416,39.59889],[68.560792,39.598873],[68.558035,39.599702],[68.555626,39.599447],[68.552446,39.599786],[68.551464,39.599025],[68.551136,39.598265],[68.550439,39.597488],[68.549205,39.596669],[68.547644,39.594866],[68.54692,39.592379],[68.546963,39.590821],[68.546577,39.59032],[68.545547,39.589609],[68.544291,39.589014],[68.542364,39.587033],[68.541107,39.585973],[68.539345,39.585309],[68.538078,39.584522],[68.5395,39.582958],[68.539774,39.58175],[68.539614,39.580472],[68.53902,39.578238],[68.537967,39.576118],[68.537092,39.575031],[68.53662,39.572616],[68.535686,39.571321],[68.536191,39.569168],[68.536953,39.568531],[68.538251,39.567034],[68.538673,39.566021],[68.541786,39.564978],[68.543808,39.562816],[68.547343,39.560402],[68.546845,39.559255],[68.546909,39.558378],[68.54678,39.558002],[68.544753,39.5554],[68.544554,39.554594],[68.544162,39.553932],[68.543324,39.553637],[68.541653,39.549629],[68.541201,39.549456],[68.537754,39.549067],[68.535163,39.547828],[68.531418,39.545182],[68.53086,39.543107],[68.530017,39.542122],[68.528997,39.540314],[68.528525,39.538403],[68.526814,39.536715],[68.526063,39.535049],[68.524878,39.53394],[68.524208,39.532126],[68.52271,39.53216],[68.518531,39.531688],[68.517421,39.531386],[68.515924,39.531242],[68.514835,39.530877],[68.512121,39.530762],[68.511033,39.5305],[68.510892,39.53252],[68.510446,39.534049],[68.50686,39.53559],[68.504798,39.537112],[68.501502,39.540019],[68.500099,39.540008],[68.497868,39.540257],[68.492256,39.542193],[68.490972,39.542327],[68.490143,39.542203],[68.487889,39.540274],[68.485884,39.539404],[68.481988,39.539255],[68.479223,39.535592],[68.469265,39.537222],[68.46839,39.537224],[68.464303,39.538912],[68.462933,39.537483],[68.460739,39.534549],[68.456318,39.533649],[68.451356,39.536231],[68.448021,39.536556],[68.443523,39.54002],[68.438194,39.538933],[68.435082,39.538718],[68.433337,39.538896],[68.430748,39.53866],[68.424352,39.537716],[68.421547,39.539991],[68.41533,39.542293],[68.408412,39.540764],[68.407051,39.540901],[68.398026,39.542477],[68.392083,39.544705],[68.389898,39.543247],[68.387557,39.542122],[68.385317,39.542181],[68.377237,39.538039],[68.376154,39.536955],[68.374894,39.535333],[68.372093,39.533033],[68.371493,39.532015],[68.370023,39.530284],[68.369169,39.529988],[68.367561,39.530265],[68.36652,39.530708],[68.364959,39.531072],[68.359573,39.531122],[68.358243,39.531395],[68.35725,39.531386],[68.356621,39.531645],[68.356091,39.53216],[68.353136,39.533848],[68.351247,39.537344],[68.34996,39.538502],[68.348885,39.53884],[68.34731,39.540166],[68.345196,39.540852],[68.342235,39.541514],[68.340733,39.542598],[68.339797,39.543008],[68.339086,39.543645],[68.338235,39.544083],[68.334031,39.544709],[68.331699,39.545403],[68.329232,39.545254],[68.328352,39.545816],[68.326695,39.548117],[68.324683,39.548215],[68.320026,39.54896],[68.318063,39.550389],[68.315432,39.551634],[68.313053,39.552476],[68.309576,39.554126],[68.308148,39.554018],[68.304094,39.551665],[68.303139,39.55078],[68.300607,39.549903],[68.299159,39.549663],[68.298123,39.54972],[68.295007,39.552848],[68.291268,39.555479],[68.287432,39.557514],[68.286917,39.55806],[68.286301,39.559678],[68.285233,39.55961],[68.281971,39.559908],[68.28018,39.560285],[68.277542,39.560196],[68.274348,39.558833],[68.273211,39.558556],[68.272165,39.558556],[68.271307,39.558324],[68.267021,39.557858],[68.264022,39.558878],[68.261168,39.559242],[68.259049,39.559321],[68.257821,39.559652],[68.254344,39.560905],[68.251126,39.562295],[68.250737,39.562681],[68.248487,39.560235],[68.245719,39.558299],[68.244238,39.557745],[68.243101,39.557067],[68.239973,39.55609],[68.238326,39.55624],[68.236685,39.55672],[68.235848,39.557158],[68.235297,39.557178],[68.229829,39.555082],[68.226057,39.554764],[68.222239,39.5559],[68.218076,39.553648],[68.214734,39.552989],[68.212673,39.553289],[68.209386,39.554176],[68.207838,39.554854],[68.20719,39.554173],[68.202701,39.553424],[68.200657,39.55356],[68.196731,39.554618],[68.192606,39.556237],[68.19046,39.558254],[68.189746,39.558667],[68.189135,39.5594],[68.187477,39.560301],[68.186833,39.561165],[68.186197,39.561551],[68.185519,39.562261],[68.18406,39.564172],[68.183888,39.564693],[68.182815,39.565471],[68.180362,39.566183],[68.17928,39.567398],[68.178443,39.567468],[68.177376,39.568808],[68.176905,39.569176],[68.173594,39.568539],[68.167383,39.566986],[68.165746,39.566976],[68.164136,39.56648],[68.160381,39.56461],[68.15874,39.563254],[68.156627,39.562735],[68.155038,39.563196],[68.150725,39.565272],[68.148204,39.566174],[68.144754,39.568164],[68.141391,39.566198],[68.141112,39.564247],[68.138731,39.562245],[68.137497,39.561459],[68.133696,39.560605],[68.131489,39.559921],[68.129568,39.560003],[68.127379,39.560905],[68.1215,39.560028],[68.11482,39.560256],[68.112252,39.561137],[68.111178,39.563311],[68.110385,39.564213],[68.109076,39.564428],[68.107209,39.565702],[68.101362,39.567679],[68.096824,39.569746],[68.096062,39.569904],[68.095193,39.569829],[68.090017,39.572224],[68.089196,39.573021],[68.088015,39.573815],[68.086331,39.574138],[68.083162,39.575694],[68.08116,39.577561],[68.079165,39.577937],[68.077619,39.577793],[68.072963,39.576668],[68.07086,39.57518],[68.061629,39.574106],[68.059369,39.574278],[68.054531,39.576263],[68.05158,39.576999],[68.050765,39.577032],[68.049563,39.57671],[68.048962,39.576718],[68.044722,39.578047],[68.043834,39.577967],[68.041753,39.577289],[68.038307,39.577311],[68.036222,39.578368],[68.034993,39.578554],[68.032215,39.580869],[68.027129,39.582705],[68.027473,39.586178],[68.024855,39.586442],[68.018904,39.585264],[68.017194,39.588013],[68.016486,39.58889],[68.014855,39.588609],[68.013353,39.587864],[68.012044,39.590295],[68.011401,39.590924],[68.008214,39.590461],[68.007528,39.591043],[68.005908,39.591122],[68.00256,39.58965],[68.000758,39.590882],[67.999111,39.590969],[67.997525,39.59217],[67.996359,39.592718],[67.995018,39.592866],[67.993591,39.594288],[67.990705,39.595694],[67.985576,39.598637],[67.980974,39.600315],[67.979128,39.600828],[67.978227,39.603142],[67.977766,39.605176],[67.977187,39.605477],[67.976124,39.605539],[67.972562,39.604283],[67.971919,39.603769],[67.949073,39.603531],[67.93892,39.598839],[67.912104,39.609068],[67.899903,39.610734],[67.888444,39.61791],[67.87508,39.627375],[67.861911,39.623838],[67.853057,39.626041],[67.835875,39.630677],[67.829015,39.639241],[67.817167,39.643713],[67.809896,39.650243],[67.805737,39.653084],[67.793137,39.656959],[67.781845,39.646826],[67.771797,39.642501],[67.765928,39.640521],[67.760789,39.639918],[67.752672,39.642419],[67.744418,39.645888],[67.735452,39.650658],[67.714641,39.657221],[67.710464,39.659554],[67.707976,39.659658],[67.70448,39.65795],[67.698414,39.651242],[67.689822,39.645111],[67.683689,39.638725],[67.679939,39.638122],[67.674369,39.639297],[67.664609,39.641642],[67.659784,39.63672],[67.651498,39.635377],[67.6478,39.630199],[67.647334,39.625138],[67.634508,39.619928],[67.628974,39.613368],[67.628302,39.610053],[67.630453,39.604303],[67.629983,39.602075],[67.627561,39.600811],[67.618553,39.60021],[67.614004,39.598118],[67.604783,39.597576],[67.599465,39.598024],[67.592001,39.597331],[67.582435,39.599957],[67.575717,39.594709],[67.565519,39.594543],[67.557467,39.588421],[67.548052,39.588347],[67.545648,39.590448],[67.541156,39.587468],[67.536349,39.588327],[67.534355,39.589881],[67.532326,39.585554],[67.52841,39.583664],[67.524839,39.583343],[67.52348,39.581312],[67.519335,39.579179],[67.517546,39.580277],[67.515134,39.579802],[67.513584,39.580521],[67.50889,39.578927],[67.506505,39.579663],[67.505131,39.580396],[67.503463,39.582158],[67.502039,39.58249],[67.499435,39.5839],[67.496266,39.581878],[67.49314,39.58089],[67.489261,39.578371],[67.482751,39.576446],[67.478454,39.577872],[67.47626,39.576838],[67.473586,39.577513],[67.470456,39.577334],[67.468613,39.575995],[67.465083,39.574914],[67.46337,39.575142],[67.462801,39.574721],[67.460975,39.575858],[67.457805,39.577185],[67.456473,39.578254],[67.452171,39.578618],[67.451444,39.578022],[67.452319,39.575516],[67.456142,39.574455],[67.455857,39.573031],[67.454426,39.572723],[67.451929,39.570207],[67.450031,39.567194],[67.444965,39.556352],[67.444401,39.553144],[67.44449,39.551553],[67.443928,39.550232],[67.444175,39.549965],[67.444477,39.549124],[67.445304,39.548758],[67.445812,39.548319],[67.447833,39.548],[67.449261,39.548048],[67.449608,39.5483],[67.450699,39.548363],[67.451325,39.548754],[67.453403,39.547667],[67.455794,39.546895],[67.456118,39.545893],[67.45709,39.5456],[67.458983,39.543844],[67.459021,39.543383],[67.459291,39.5429],[67.460511,39.542103],[67.463476,39.542856],[67.464149,39.543292],[67.466147,39.543028],[67.470581,39.54163],[67.470087,39.539955],[67.470106,39.53893],[67.470301,39.537935],[67.471471,39.536756],[67.471463,39.536173],[67.470622,39.534531],[67.468151,39.531942],[67.46877,39.531534],[67.468711,39.531307],[67.467299,39.53172],[67.463627,39.533561],[67.460817,39.533012],[67.45922,39.533377],[67.455509,39.533221],[67.451445,39.532671],[67.449175,39.531649],[67.446783,39.531711],[67.445138,39.53138],[67.442836,39.529205],[67.432251,39.529814],[67.426638,39.533861],[67.422296,39.535095],[67.416309,39.538487],[67.411458,39.537349],[67.407809,39.537485],[67.410004,39.532731],[67.404068,39.533046],[67.401923,39.533435],[67.399395,39.530748],[67.398644,39.530233],[67.396728,39.528054],[67.394559,39.523141],[67.398174,39.521648],[67.397481,39.519254],[67.399372,39.518814],[67.399268,39.518495],[67.399541,39.518324],[67.399473,39.518133],[67.399216,39.518179],[67.398225,39.515649],[67.40329,39.51447],[67.4032,39.513607],[67.403478,39.513042],[67.403035,39.510528],[67.403345,39.509994],[67.404751,39.509117],[67.404545,39.508665],[67.407537,39.508141],[67.409099,39.506508],[67.41088,39.506521],[67.411389,39.506672],[67.412585,39.506185],[67.414003,39.505922],[67.41591,39.504814],[67.421606,39.503567],[67.436358,39.498557],[67.440215,39.495468],[67.445948,39.489972],[67.447261,39.489308],[67.4483,39.487388],[67.448409,39.485457],[67.450278,39.482867],[67.451509,39.479918],[67.454965,39.476401],[67.45815,39.473826],[67.459394,39.470196],[67.462013,39.466461],[67.463843,39.464352],[67.464543,39.462721],[67.464644,39.456232],[67.463647,39.452026],[67.461921,39.452669],[67.461424,39.451168],[67.45823,39.445057],[67.457168,39.443729],[67.455702,39.441104],[67.451605,39.440642],[67.450798,39.436982],[67.452236,39.435787],[67.452645,39.433975],[67.452728,39.424817],[67.451881,39.42319],[67.451446,39.420912],[67.452097,39.417541],[67.453341,39.41508],[67.454465,39.414311],[67.455999,39.414747],[67.457399,39.414741],[67.460577,39.411818],[67.463545,39.408499],[67.476622,39.400917],[67.478308,39.399224],[67.477993,39.396909],[67.47669,39.394472],[67.476513,39.392224],[67.477829,39.386335],[67.478126,39.383258],[67.477501,39.381783],[67.476626,39.378511],[67.48324,39.377429],[67.480265,39.372232],[67.478007,39.3678],[67.480321,39.366391],[67.479334,39.363134],[67.477876,39.361545],[67.475827,39.360414],[67.474035,39.355585],[67.473254,39.346803],[67.471213,39.342213],[67.469654,39.339472],[67.471049,39.335454],[67.474391,39.333778],[67.475746,39.329967],[67.474024,39.322948],[67.467608,39.321389],[67.465925,39.319079],[67.462722,39.317536],[67.459564,39.3164],[67.457674,39.316189],[67.45468,39.313742],[67.451907,39.314122],[67.449177,39.312553],[67.444581,39.312376],[67.441144,39.312921],[67.438929,39.311061],[67.433293,39.3099],[67.430126,39.30995],[67.426803,39.311181],[67.42098,39.310548],[67.415563,39.312934],[67.413495,39.313664],[67.410219,39.310845],[67.404458,39.310321],[67.400053,39.310495],[67.395331,39.313119],[67.391321,39.314235],[67.386753,39.314407],[67.380083,39.313227],[67.377907,39.313457],[67.3754,39.311893],[67.370369,39.310779],[67.368141,39.311118],[67.365866,39.309875],[67.361566,39.308876],[67.350075,39.308786],[67.348162,39.307993],[67.344006,39.308539],[67.336119,39.305038],[67.333278,39.304229],[67.334678,39.301046],[67.338092,39.299789],[67.338296,39.296016],[67.343564,39.294213],[67.34646,39.294035],[67.351762,39.291912],[67.358122,39.287768],[67.358975,39.285809],[67.356095,39.278802],[67.356769,39.276362],[67.358492,39.273731],[67.358742,39.264733],[67.360083,39.262691],[67.362794,39.262302],[67.364174,39.262466],[67.36348,39.261299],[67.361739,39.25943],[67.359764,39.256136],[67.360026,39.254591],[67.358632,39.25065],[67.356975,39.249307],[67.35636,39.249285],[67.355843,39.248139],[67.354996,39.247339],[67.351555,39.246872],[67.355775,39.243019],[67.349937,39.239855],[67.348594,39.238443],[67.345258,39.237089],[67.342029,39.233526],[67.342953,39.231673],[67.355447,39.227972],[67.365024,39.228121],[67.399246,39.225865],[67.402837,39.214237],[67.406738,39.215398],[67.418571,39.213235],[67.42187,39.214236],[67.428069,39.211666],[67.431468,39.212387],[67.435878,39.211447],[67.439503,39.212373],[67.444954,39.207837],[67.451854,39.205928],[67.452028,39.203909],[67.459336,39.199082],[67.461358,39.193815],[67.463416,39.195215],[67.463827,39.196646],[67.478526,39.200816],[67.487955,39.201758],[67.48954,39.199259],[67.492642,39.196578],[67.492778,39.1944],[67.495075,39.193773],[67.497179,39.193703],[67.495673,39.191078],[67.494719,39.188162],[67.49927,39.186571],[67.512157,39.184587],[67.520953,39.184065],[67.527735,39.184167],[67.531054,39.182369],[67.53327,39.182608],[67.537691,39.181319],[67.549985,39.180284],[67.568812,39.183461],[67.584182,39.188339],[67.595523,39.184726],[67.598535,39.181549],[67.610519,39.180156],[67.621764,39.173177],[67.626966,39.170394],[67.626067,39.166742],[67.625206,39.158675],[67.626092,39.152003],[67.631433,39.146699],[67.635513,39.144577],[67.642559,39.144001],[67.661985,39.14394],[67.66848,39.145554],[67.677154,39.146438],[67.677282,39.13757],[67.678973,39.129391],[67.678805,39.128186],[67.679205,39.127055],[67.676417,39.119745],[67.676097,39.116211],[67.678156,39.114072],[67.672847,39.109697],[67.674851,39.104349],[67.672674,39.100607],[67.672191,39.098372],[67.672231,39.095752],[67.669787,39.094383],[67.670292,39.091091],[67.668636,39.084575],[67.668836,39.083282],[67.66999,39.08235],[67.67153,39.080573],[67.67193,39.07917],[67.67322,39.071825],[67.670597,39.069205],[67.671681,39.067064],[67.670752,39.065805],[67.671455,39.063305],[67.673568,39.059899],[67.675727,39.059205],[67.679621,39.059202],[67.681696,39.057807],[67.683608,39.053773],[67.683343,39.052803],[67.679307,39.051259],[67.6801,39.049862],[67.682825,39.049008],[67.682679,39.046722],[67.683529,39.045965],[67.683634,39.044197],[67.681294,39.043266],[67.679077,39.039972],[67.679664,39.037352],[67.680733,39.03677],[67.679906,39.034521],[67.682921,39.032206],[67.683415,39.030996],[67.685118,39.029204],[67.684798,39.027274],[67.684746,39.023868],[67.683031,39.022517],[67.682928,39.020778],[67.683674,39.018965],[67.685608,39.018834],[67.686093,39.017122],[67.690539,39.016213],[67.693403,39.013351],[67.693133,39.011641],[67.691365,39.008928],[67.691247,39.007015],[67.694938,39.004887],[67.69736,39.004505],[67.69954,39.002787],[67.701974,39.002254],[67.703983,39.00031],[67.706976,39.000743],[67.706352,38.997184],[67.709762,38.996732],[67.715535,38.996261],[67.72143,38.997155],[67.724153,39.000553],[67.727413,39.001029],[67.735495,39.003354],[67.738882,39.006113],[67.741767,39.00557],[67.745255,39.004109],[67.744704,39.002264],[67.749774,39.002231],[67.751752,39.001641],[67.754147,39.004478],[67.757429,39.007188],[67.757584,39.008015],[67.759365,39.008289],[67.760695,39.010932],[67.762452,39.011084],[67.76165,39.01237],[67.762441,39.013485],[67.764776,39.014624],[67.765125,39.017185],[67.766211,39.017512],[67.769179,39.015004],[67.773204,39.014366],[67.775272,39.014386],[67.776118,39.0151],[67.777659,39.015317],[67.785235,39.012996],[67.786958,39.013071],[67.789097,39.013815],[67.791617,39.012827],[67.794817,39.011205],[67.797489,39.01085],[67.799479,39.011615],[67.801078,39.013878],[67.803143,39.013354],[67.806185,39.011164],[67.813373,39.012513],[67.813332,39.013718],[67.815084,39.015075],[67.820101,39.016335],[67.822572,39.014143],[67.825216,39.012475],[67.828586,39.013317],[67.83144,39.012547],[67.834467,39.010349],[67.843071,39.00984],[67.849416,39.006528],[67.858642,39.002261],[67.869066,39.001359],[67.874385,39.004351],[67.878843,39.005396],[67.882261,39.011443],[67.883125,39.013606],[67.888719,39.016377],[67.890704,39.019181],[67.894886,39.020228],[67.900698,39.018655],[67.904022,39.017973],[67.909062,39.020748],[67.915208,39.023078],[67.919694,39.025858],[67.921648,39.026491],[67.924669,39.024075],[67.930775,39.023582],[67.935507,39.024189],[67.939889,39.023947],[67.942986,39.021208],[67.94477,39.021248],[67.950764,39.022522],[67.955506,39.023778],[67.960509,39.023947],[67.966608,39.023018],[67.973596,39.025772],[67.976136,39.028352],[67.981475,39.032207],[67.98269,39.035035],[67.988397,39.035125],[67.992772,39.031809],[67.994136,39.028282],[67.995159,39.021953],[67.997413,39.020757],[67.999887,39.018996],[68.002394,39.016537],[68.007183,39.015039],[68.008509,39.015087],[68.011552,39.014538],[68.014412,39.014604],[68.016817,39.013727],[68.021065,39.013189],[68.024015,39.012183],[68.024981,39.010884],[68.027429,39.009592],[68.031287,39.011379],[68.035094,39.011601],[68.037046,39.013097],[68.040059,39.01455],[68.04105,39.016234],[68.044882,39.015778],[68.046494,39.016661],[68.058548,39.016345],[68.060643,39.016797],[68.064193,39.01827],[68.063955,39.02007],[68.064821,39.021162],[68.064955,39.022454],[68.066844,39.025466],[68.068187,39.026308],[68.070739,39.025849],[68.071002,39.023979],[68.074678,39.023765],[68.077339,39.025398],[68.078307,39.026678],[68.079229,39.025828],[68.086626,39.022693],[68.088085,39.02225],[68.090934,39.022273],[68.094509,39.022974],[68.095895,39.021122],[68.09862,39.018952],[68.101213,39.017894],[68.101967,39.016241],[68.104627,39.016111],[68.105664,39.016786],[68.107201,39.016991],[68.10802,39.01622],[68.109034,39.016381],[68.110901,39.015181],[68.112599,39.015147],[68.115776,39.013174],[68.117177,39.010386],[68.118641,39.008975],[68.118616,39.006391],[68.117004,39.005648],[68.116443,39.00278],[68.1181,39.001196],[68.121247,39.000516],[68.121693,39.00005],[68.12546,38.997966],[68.126693,38.998047],[68.127727,38.997697],[68.130054,38.998071],[68.130848,38.997374],[68.13066,38.996021],[68.129588,38.993922],[68.129418,38.992604],[68.130225,38.991559],[68.131671,38.991269],[68.133024,38.990515],[68.133358,38.988139],[68.132682,38.986432],[68.132932,38.98582],[68.133885,38.985275],[68.137694,38.979193],[68.139371,38.979007],[68.14007,38.97795],[68.139641,38.976436],[68.140127,38.976046],[68.139466,38.975462],[68.138694,38.97307],[68.134751,38.970324],[68.134451,38.966138],[68.135995,38.965244],[68.135645,38.963628],[68.133942,38.96268],[68.136639,38.960967],[68.140565,38.959952],[68.145286,38.956923],[68.150006,38.954543],[68.152783,38.951297],[68.158612,38.949133],[68.163053,38.948268],[68.169159,38.948269],[68.173045,38.947836],[68.176931,38.945239],[68.177646,38.944428],[68.185071,38.942889],[68.188298,38.941438],[68.189277,38.940131],[68.190224,38.939638],[68.194955,38.939806],[68.196079,38.938527],[68.198021,38.935497],[68.20024,38.931295],[68.201781,38.930173],[68.202406,38.928668],[68.20205,38.927487],[68.202881,38.926096],[68.204083,38.925268],[68.203962,38.923946],[68.207825,38.921654],[68.208154,38.919389],[68.207621,38.918082],[68.204679,38.915977],[68.200136,38.916232],[68.197181,38.915363],[68.195004,38.913433],[68.196207,38.91011],[68.196812,38.907921],[68.196672,38.905954],[68.196398,38.904703],[68.195162,38.90376],[68.19491,38.901494],[68.194178,38.900234],[68.192282,38.895359],[68.190333,38.895823],[68.187638,38.895569],[68.1829,38.894175],[68.182442,38.894213],[68.182484,38.894956],[68.181433,38.894931],[68.180716,38.894134],[68.18134,38.892837],[68.178767,38.892245],[68.177597,38.891056],[68.178424,38.889027],[68.180574,38.887956],[68.181202,38.886224],[68.17831,38.883615],[68.177296,38.881652],[68.178451,38.880008],[68.179011,38.878835],[68.180045,38.875869],[68.181784,38.876139],[68.183713,38.875795],[68.187392,38.873963],[68.188407,38.873059],[68.190046,38.872176],[68.191229,38.871052],[68.19332,38.870406],[68.195429,38.868951],[68.197651,38.867922],[68.199837,38.867348],[68.201903,38.8663],[68.200353,38.864225],[68.200002,38.862741],[68.200343,38.861545],[68.20135,38.860717],[68.200991,38.8596],[68.201635,38.85801],[68.20126,38.856747],[68.2016,38.855832],[68.197348,38.8559],[68.195593,38.854347],[68.195776,38.853136],[68.195417,38.853028],[68.192804,38.853734],[68.190198,38.853887],[68.187161,38.852265],[68.185777,38.850318],[68.183509,38.849245],[68.181967,38.849069],[68.180564,38.848422],[68.179223,38.8483],[68.178008,38.846368],[68.17671,38.84578],[68.174842,38.845338],[68.174976,38.843525],[68.174894,38.84182],[68.173098,38.841543],[68.17339,38.839582],[68.171488,38.838746],[68.170462,38.836749],[68.171465,38.836036],[68.170737,38.835218],[68.170428,38.830999],[68.169404,38.830798],[68.166475,38.83072],[68.163016,38.828862],[68.161481,38.828739],[68.158991,38.828818],[68.158282,38.828506],[68.157851,38.827299],[68.153925,38.825909],[68.151229,38.825724],[68.150304,38.826213],[68.148161,38.82609],[68.145648,38.826274],[68.144581,38.826753],[68.142308,38.826064],[68.140535,38.826729],[68.137662,38.825989],[68.133733,38.826622],[68.132716,38.825995],[68.132097,38.822756],[68.132448,38.821967],[68.134123,38.820683],[68.134584,38.819956],[68.134606,38.818796],[68.13199,38.817481],[68.130525,38.817817],[68.128403,38.818754],[68.127051,38.817815],[68.124441,38.817035],[68.119208,38.816845],[68.115993,38.818385],[68.113869,38.818592],[68.111912,38.817361],[68.111295,38.816583],[68.108712,38.815778],[68.105473,38.816422],[68.10268,38.815897],[68.099871,38.81583],[68.098351,38.816434],[68.0946,38.81336],[68.091835,38.813395],[68.087151,38.814454],[68.086191,38.815465],[68.074076,38.817161],[68.06974,38.818338],[68.068918,38.815867],[68.06945,38.81369],[68.068816,38.813065],[68.06868,38.811836],[68.067398,38.811068],[68.06864,38.809684],[68.068423,38.808854],[68.067475,38.808178],[68.066776,38.807261],[68.067715,38.805402],[68.069489,38.803964],[68.069258,38.80326],[68.065824,38.802601],[68.065658,38.801117],[68.067125,38.798922],[68.070259,38.796645],[68.071888,38.796346],[68.073646,38.796917],[68.07538,38.796601],[68.07765,38.794371],[68.080631,38.793395],[68.084136,38.793632],[68.08946,38.791643],[68.092654,38.791327],[68.0936,38.790319],[68.094601,38.787392],[68.097466,38.784037],[68.100143,38.779416],[68.100242,38.774248],[68.101645,38.772478],[68.102114,38.771259],[68.104525,38.768812],[68.106885,38.765804],[68.10941,38.764803],[68.1119,38.761011],[68.116688,38.756852],[68.116296,38.755742],[68.116779,38.754011],[68.119646,38.753136],[68.12073,38.752214],[68.122239,38.751716],[68.123815,38.746731],[68.124926,38.741969],[68.128339,38.736329],[68.127499,38.735334],[68.126306,38.73434],[68.12848,38.732668],[68.127214,38.731805],[68.120998,38.731812],[68.118761,38.729911],[68.115126,38.729887],[68.109016,38.727962],[68.105467,38.728308],[68.103682,38.727816],[68.0962,38.72767],[68.092243,38.728122],[68.089408,38.728762],[68.085602,38.727338],[68.083363,38.727607],[68.078764,38.726961],[68.074483,38.723847],[68.068866,38.720109],[68.064255,38.719207],[68.06243,38.718332],[68.060438,38.718085],[68.058736,38.71728],[68.057985,38.71559],[68.05669,38.714569],[68.057684,38.712458],[68.057259,38.711921],[68.058235,38.707686],[68.059741,38.707493],[68.060977,38.703387],[68.063108,38.701288],[68.065501,38.699681],[68.065947,38.697322],[68.06515,38.694366],[68.069823,38.691478],[68.072952,38.68991],[68.074316,38.68562],[68.073978,38.682817],[68.073444,38.681143],[68.077422,38.676783],[68.079623,38.675059],[68.081086,38.673408],[68.082386,38.672559],[68.082148,38.670789],[68.079002,38.669215],[68.077592,38.666619],[68.077586,38.665682],[68.080958,38.662271],[68.08169,38.657556],[68.082576,38.656099],[68.08108,38.653273],[68.089234,38.64705],[68.092832,38.642455],[68.090893,38.639011],[68.085086,38.635136],[68.081491,38.631692],[68.080104,38.626311],[68.078434,38.61189],[68.07465,38.606408],[68.076038,38.600777],[68.074962,38.594333],[68.071931,38.591404],[68.069661,38.587652],[68.067639,38.583691],[68.064763,38.582128],[68.0624,38.578091],[68.061715,38.57574],[68.061562,38.574526],[68.060999,38.5728],[68.061218,38.570977],[68.061991,38.567179],[68.060418,38.565279],[68.058964,38.559912],[68.059835,38.559367],[68.060613,38.557879],[68.062118,38.554244],[68.062395,38.552813],[68.063016,38.551754],[68.062965,38.551154],[68.06261,38.55044],[68.062571,38.547537],[68.061964,38.544179],[68.063233,38.542952],[68.063435,38.541737],[68.065131,38.54037],[68.065048,38.539074],[68.064195,38.536354],[68.06413,38.535429],[68.064419,38.535042],[68.064957,38.53344],[68.06401,38.532295],[68.064699,38.530016],[68.06602,38.52881],[68.069844,38.528266],[68.073078,38.526861],[68.075548,38.525102],[68.081224,38.522106],[68.083236,38.5202],[68.086406,38.51629],[68.08869,38.515242],[68.089629,38.515319],[68.097026,38.51287],[68.098043,38.511978],[68.099064,38.511803],[68.100042,38.5121],[68.100611,38.51277],[68.100892,38.512639],[68.101048,38.512174],[68.101362,38.508367],[68.101473,38.504869],[68.103148,38.504384],[68.104305,38.503827],[68.105142,38.503793],[68.105345,38.503533],[68.105342,38.503027],[68.106159,38.501695],[68.10752,38.500796],[68.107887,38.498873],[68.109076,38.497846],[68.10911,38.497503],[68.109046,38.497192],[68.107353,38.496955],[68.106574,38.496579],[68.100942,38.494949],[68.097772,38.492185],[68.10826,38.48295],[68.109086,38.48295],[68.116424,38.468112],[68.101832,38.449726],[68.09699,38.443926],[68.096746,38.443187],[68.081609,38.426052],[68.079007,38.423752],[68.077403,38.422944],[68.077306,38.42265],[68.070442,38.41989],[68.064762,38.410141],[68.064164,38.407291],[68.064828,38.406897],[68.064848,38.404749],[68.063995,38.403938],[68.061915,38.392726],[68.066454,38.392168],[68.07003,38.391944],[68.07679,38.389821],[68.079496,38.390115],[68.08023,38.388234],[68.089135,38.391785],[68.092685,38.389308],[68.099588,38.393873],[68.103922,38.397028],[68.10984,38.402105],[68.112384,38.402278],[68.130369,38.40933],[68.130895,38.409782],[68.135753,38.410845],[68.137465,38.41031],[68.137603,38.410214],[68.141021,38.39971],[68.143005,38.398312],[68.143646,38.39836],[68.146936,38.396515],[68.147507,38.395143],[68.14792,38.394647],[68.148885,38.395267],[68.149248,38.395266],[68.149729,38.394635],[68.149572,38.393878],[68.149681,38.393346],[68.152759,38.389407],[68.156372,38.379128],[68.156994,38.374116],[68.160676,38.371914],[68.165546,38.368558],[68.167615,38.368009],[68.169818,38.36754],[68.180932,38.368574],[68.182129,38.368263],[68.182626,38.367847],[68.185984,38.363112],[68.189625,38.355844],[68.192743,38.352631],[68.197265,38.34981],[68.201408,38.348739],[68.205115,38.345415],[68.207817,38.343695],[68.209173,38.34209],[68.210529,38.338666],[68.209732,38.337813],[68.210293,38.336195],[68.21232,38.335574],[68.219178,38.335143],[68.221078,38.334063],[68.223249,38.331186],[68.232437,38.327585],[68.239036,38.328647],[68.245128,38.32868],[68.248485,38.326734],[68.254307,38.324089],[68.255893,38.322907],[68.258644,38.322903],[68.263588,38.320312],[68.26761,38.321664],[68.273224,38.320742],[68.273364,38.31651],[68.273801,38.313792],[68.277703,38.313302],[68.277414,38.311967],[68.279155,38.30884],[68.283264,38.30824],[68.287472,38.305305],[68.286872,38.302],[68.292665,38.298308],[68.290725,38.294652],[68.291258,38.290346],[68.293158,38.283885],[68.297505,38.270746],[68.300224,38.263207],[68.300756,38.258901],[68.302392,38.255669],[68.305133,38.253727],[68.312824,38.25242],[68.31694,38.25069],[68.319404,38.248533],[68.319658,38.243581],[68.319096,38.240784],[68.329239,38.234951],[68.333358,38.234297],[68.340789,38.236648],[68.344643,38.238147],[68.348486,38.237277],[68.351969,38.235001],[68.356031,38.232642],[68.356138,38.229852],[68.362125,38.226746],[68.364792,38.221939],[68.36643,38.22126],[68.368369,38.221626],[68.370863,38.225488],[68.373448,38.225759],[68.372044,38.220901],[68.374261,38.219068],[68.370996,38.211449],[68.372124,38.207032],[68.376912,38.202892],[68.380403,38.201848],[68.383948,38.201654],[68.387054,38.199999],[68.389298,38.199579],[68.390807,38.199052],[68.396983,38.197573],[68.398861,38.198211],[68.403953,38.19891],[68.404398,38.197908],[68.404653,38.196578],[68.402568,38.193859],[68.402093,38.192855],[68.404083,38.189349],[68.404131,38.187521],[68.404556,38.18611],[68.404055,38.184534],[68.405344,38.180743],[68.403564,38.173375],[68.401286,38.169756],[68.397539,38.165534],[68.396491,38.163599],[68.397222,38.161186],[68.399272,38.158674],[68.399487,38.157863],[68.396126,38.156181],[68.394586,38.154086],[68.395234,38.148919],[68.395139,38.144103],[68.393837,38.142867],[68.388924,38.143796],[68.387216,38.143455],[68.386524,38.140947],[68.388409,38.135899],[68.387727,38.132886],[68.385538,38.130284],[68.383392,38.125144],[68.378652,38.119672],[68.377742,38.118357],[68.378248,38.116672],[68.376452,38.110343],[68.380122,38.106418],[68.380672,38.104649],[68.37903,38.103043],[68.378105,38.101138],[68.375359,38.099312],[68.374137,38.098312],[68.374673,38.096318],[68.374627,38.095149],[68.373077,38.093816],[68.373027,38.092652],[68.374352,38.089447],[68.376596,38.086967],[68.377339,38.085414],[68.37707,38.084515],[68.372706,38.081042],[68.371293,38.076479],[68.368729,38.071827],[68.365108,38.068532],[68.361307,38.068532],[68.359955,38.067704],[68.358758,38.065292],[68.357608,38.064296],[68.354652,38.063681],[68.351305,38.06241],[68.347301,38.062429],[68.345077,38.061698],[68.343241,38.060001],[68.342764,38.056073],[68.341776,38.055042],[68.338566,38.053544],[68.334805,38.050754],[68.332565,38.043173],[68.324152,38.038499],[68.323513,38.037046],[68.323156,38.033696],[68.322247,38.032549],[68.321328,38.03236],[68.318418,38.032942],[68.316239,38.032499],[68.311971,38.030002],[68.308556,38.029535],[68.307497,38.029209],[68.306798,38.025967],[68.304787,38.024102],[68.302793,38.021377],[68.30179,38.018611],[68.300949,38.01723],[68.300352,38.011602],[68.299845,38.010144],[68.297075,38.007125],[68.292402,38.003901],[68.290407,38.0016],[68.288833,37.999287],[68.28841,37.997259],[68.287775,37.995824],[68.287472,37.991312],[68.285622,37.98841],[68.285723,37.986467],[68.287637,37.982683],[68.287194,37.981575],[68.285175,37.980713],[68.284389,37.979116],[68.284441,37.976845],[68.287354,37.973341],[68.287025,37.970316],[68.283037,37.967186],[68.280197,37.965697],[68.279777,37.964834],[68.281294,37.961152],[68.284517,37.955183],[68.283899,37.953426],[68.281812,37.95198],[68.281162,37.950609],[68.282395,37.946496],[68.281309,37.94369],[68.274412,37.937998],[68.275927,37.931211],[68.281538,37.929343],[68.283428,37.927984],[68.284004,37.926994],[68.283675,37.926088],[68.282406,37.924486],[68.279658,37.922887],[68.2742,37.917684],[68.270632,37.91501],[68.269954,37.913057],[68.268342,37.909657],[68.267952,37.909119],[68.26737,37.908751],[68.265385,37.908309],[68.264771,37.908295],[68.26371,37.908577],[68.262502,37.908408],[68.260072,37.909763],[68.259171,37.910828],[68.259104,37.911489],[68.259435,37.911824],[68.259353,37.912827],[68.259468,37.913077],[68.259157,37.913323],[68.259069,37.913712],[68.259279,37.914011],[68.259056,37.914155],[68.258556,37.914096],[68.25838,37.914326],[68.258319,37.914598],[68.258961,37.914945],[68.258468,37.915825],[68.258569,37.916561],[68.25842,37.916854],[68.257785,37.917089],[68.256973,37.916934],[68.256706,37.91716],[68.256706,37.917466],[68.256211,37.917739],[68.256454,37.918295],[68.256416,37.918756],[68.256169,37.918793],[68.255599,37.91849],[68.255422,37.919249],[68.254861,37.91961],[68.254945,37.919916],[68.254693,37.920134],[68.254782,37.920542],[68.254604,37.920671],[68.254217,37.920406],[68.253913,37.920553],[68.253773,37.920786],[68.253923,37.921113],[68.253792,37.921279],[68.251172,37.921161],[68.250817,37.921412],[68.25071,37.92185],[68.25,37.921891],[68.249042,37.922528],[68.247109,37.922944],[68.246623,37.923313],[68.246427,37.923681],[68.245773,37.923976],[68.245657,37.924414],[68.245306,37.924609],[68.244386,37.925641],[68.243233,37.926168],[68.242383,37.926061],[68.240071,37.926768],[68.238502,37.926768],[68.23804,37.92724],[68.238091,37.927457],[68.237012,37.927221],[68.23655,37.92756],[68.236055,37.92735],[68.235836,37.927671],[68.235607,37.927232],[68.235429,37.927199],[68.235088,37.92731],[68.234593,37.927774],[68.233734,37.927976],[68.233725,37.928183],[68.232898,37.927917],[68.231866,37.928389],[68.23082,37.928569],[68.230442,37.92882],[68.229583,37.929022],[68.229475,37.929531],[68.229041,37.929431],[68.228705,37.929715],[68.228088,37.929608],[68.227971,37.929973],[68.227168,37.930198],[68.227518,37.930374],[68.227374,37.930691],[68.226687,37.930735],[68.226804,37.931218],[68.226696,37.931391],[68.226486,37.931446],[68.226192,37.931126],[68.22594,37.931129],[68.225543,37.931461],[68.224637,37.931247],[68.22395,37.931457],[68.223339,37.932032],[68.221882,37.932036],[68.221405,37.932293],[68.221088,37.932279],[68.220672,37.93194],[68.220308,37.932117],[68.220649,37.932386],[68.220583,37.932588],[68.219411,37.932673],[68.218879,37.933181],[68.217917,37.933421],[68.217805,37.933332],[68.218008,37.932752],[68.217622,37.932519],[68.217251,37.932688],[68.216989,37.932608],[68.216586,37.932849],[68.216361,37.932811],[68.216211,37.932515],[68.215401,37.932727],[68.21436,37.932397],[68.213958,37.932752],[68.212837,37.932815],[68.212085,37.932604],[68.211699,37.932756],[68.21112,37.932583],[68.210723,37.932714],[68.210476,37.932223],[68.210235,37.932155],[68.209269,37.932523],[68.208566,37.932464],[68.208314,37.932642],[68.208057,37.932612],[68.20752,37.932151],[68.20722,37.93216],[68.207038,37.932392],[68.206614,37.93235],[68.206329,37.932824],[68.205042,37.9329],[68.203631,37.93392],[68.202725,37.933018],[68.202097,37.933188],[68.201673,37.933057],[68.201233,37.932752],[68.201035,37.932299],[68.200305,37.932642],[68.199055,37.932286],[68.196915,37.932532],[68.196448,37.93232],[68.195129,37.932341],[68.194651,37.932629],[68.194147,37.932549],[68.193787,37.932765],[68.19339,37.932392],[68.192639,37.9326],[68.192382,37.932409],[68.191266,37.93301],[68.191454,37.933255],[68.1914,37.933573],[68.192103,37.9343],[68.192017,37.934453],[68.19235,37.934774],[68.191072,37.935061],[68.190154,37.934792],[68.189371,37.935042],[68.189042,37.935423],[68.188771,37.935451],[68.18873,37.935061],[68.187795,37.935172],[68.187083,37.934624],[68.186382,37.934648],[68.186229,37.934346],[68.186041,37.934327],[68.185818,37.934778],[68.185629,37.934782],[68.185412,37.934583],[68.185712,37.934304],[68.18547,37.934086],[68.185282,37.9341],[68.185241,37.934369],[68.1851,37.934411],[68.184453,37.934193],[68.184253,37.934518],[68.183429,37.934327],[68.182999,37.934569],[68.181999,37.934211],[68.181352,37.934365],[68.181093,37.934165],[68.181222,37.933627],[68.180816,37.933288],[68.18024,37.933474],[68.179922,37.933822],[68.17971,37.933808],[68.17964,37.933645],[68.179981,37.933177],[68.179922,37.933037],[68.179139,37.933283],[68.178928,37.932592],[68.178645,37.932383],[68.177857,37.93248],[68.17758,37.932309],[68.177669,37.931543],[68.177451,37.931441],[68.176568,37.931515],[68.175797,37.931956],[68.175556,37.932499],[68.17495,37.932805],[68.174827,37.933163],[68.17375,37.933116],[68.173379,37.933302],[68.173214,37.933515],[68.173273,37.933733],[68.172785,37.933854],[68.172608,37.934216],[68.171608,37.935028],[68.171573,37.935232],[68.169278,37.935154],[68.167784,37.936105],[68.166548,37.935775],[68.165018,37.935933],[68.164412,37.935232],[68.164012,37.935065],[68.163583,37.935191],[68.162047,37.935019],[68.161865,37.934337],[68.159952,37.933706],[68.158523,37.932745],[68.157822,37.931757],[68.157022,37.931849],[68.156316,37.931589],[68.155634,37.931223],[68.155422,37.930736],[68.151909,37.930169],[68.15105,37.930745],[68.149656,37.931009],[68.148763,37.931461],[68.147287,37.93134],[68.1433,37.928823],[68.142793,37.928328],[68.141878,37.928172],[68.139877,37.928706],[68.138922,37.928726],[68.137292,37.928231],[68.134849,37.926687],[68.134104,37.925422],[68.13418,37.924464],[68.134399,37.924078],[68.137071,37.922708],[68.137575,37.922151],[68.137581,37.921606],[68.136997,37.920303],[68.131926,37.917713],[68.130567,37.91613],[68.12856,37.915745],[68.127828,37.914868],[68.129156,37.911701],[68.129475,37.911355],[68.130498,37.910796],[68.132632,37.908965],[68.132814,37.908031],[68.133513,37.907388],[68.134961,37.90496],[68.135109,37.904204],[68.134662,37.901796],[68.134773,37.900776],[68.134395,37.899583],[68.133638,37.898754],[68.133112,37.897638],[68.132746,37.896422],[68.131883,37.8953],[68.131447,37.894923],[68.128954,37.894575],[68.128728,37.894206],[68.12802,37.893808],[68.127503,37.893038],[68.126494,37.892046],[68.12598,37.891207],[68.125389,37.888935],[68.12464,37.888578],[68.124234,37.888086],[68.124173,37.887423],[68.123237,37.886334],[68.122782,37.885381],[68.121256,37.883352],[68.119272,37.879954],[68.119078,37.879104],[68.119185,37.878457],[68.119655,37.878113],[68.119765,37.87664],[68.118589,37.874578],[68.118898,37.873165],[68.119972,37.872328],[68.119986,37.871922],[68.119731,37.87127],[68.118134,37.869824],[68.116211,37.86676],[68.115893,37.866165],[68.11553,37.864487],[68.115553,37.863826],[68.115369,37.863557],[68.114285,37.862933],[68.113775,37.862233],[68.113392,37.861545],[68.113073,37.860043],[68.110799,37.857657],[68.109854,37.856878],[68.108727,37.855142],[68.107557,37.854117],[68.106892,37.852914],[68.106804,37.852475],[68.107102,37.850308],[68.10689,37.849627],[68.105956,37.847989],[68.102453,37.845138],[68.101224,37.843473],[68.097651,37.840652],[68.097092,37.840059],[68.096411,37.838956],[68.096049,37.835964],[68.095516,37.834836],[68.094494,37.833723],[68.094069,37.832301],[68.093428,37.831607],[68.093086,37.83054],[68.092553,37.829556],[68.091634,37.828437],[68.091512,37.82769],[68.089466,37.824909],[68.089278,37.823905],[68.087273,37.820913],[68.083045,37.812809],[68.08149,37.807891],[68.079812,37.80519],[68.078705,37.804428],[68.076038,37.803581],[68.075517,37.803005],[68.075155,37.80132],[68.074417,37.800156],[68.073983,37.799845],[68.073852,37.799418],[68.074066,37.79878],[68.073979,37.798347],[68.0734,37.797343],[68.071308,37.795688],[68.070675,37.794915],[68.068908,37.793937],[68.06796,37.792974],[68.06401,37.790496],[68.063234,37.789707],[68.062543,37.788681],[68.061832,37.7875],[68.061176,37.785231],[68.060376,37.783859],[68.059898,37.782487],[68.058825,37.780935],[68.057394,37.779417],[68.057163,37.778849],[68.057279,37.777463],[68.057051,37.774721],[68.05604,37.768637],[68.054092,37.766346],[68.053711,37.765277],[68.052962,37.764488],[68.052416,37.762567],[68.051785,37.761412],[68.050884,37.761303],[68.050197,37.759244],[68.045529,37.753261],[68.045231,37.752107],[68.045267,37.751243],[68.040154,37.749747],[68.039694,37.749011],[68.042337,37.746975],[68.040769,37.744507],[68.038472,37.743232],[68.031605,37.738951],[68.030271,37.738315],[68.029149,37.734245],[68.028777,37.73356],[68.026884,37.733534],[68.022291,37.734412],[68.020932,37.733445],[68.020478,37.731987],[68.019973,37.731261],[68.021381,37.728069],[68.020879,37.726232],[68.021193,37.725097],[68.020565,37.723546],[68.019338,37.721855],[68.018282,37.721042],[68.016491,37.721126],[68.015284,37.719527],[68.014388,37.719739],[68.01165,37.719431],[68.007192,37.720044],[68.012015,37.715061],[68.016794,37.711061],[68.017098,37.709845],[68.016414,37.708968],[68.015949,37.706909],[68.01474,37.705881],[68.013382,37.705243],[68.013301,37.704092],[68.010694,37.703361],[68.010363,37.702373],[68.010804,37.701521],[68.009883,37.700836],[68.00903,37.700926],[68.00881,37.70024],[68.007602,37.699316],[68.006488,37.699109],[68.005911,37.698206],[68.005271,37.697895],[68.004393,37.69691],[68.001546,37.697026],[68.000716,37.69621],[67.999142,37.695866],[67.997025,37.694568],[67.996567,37.69384],[67.995853,37.693689],[67.995195,37.694169],[67.993666,37.694416],[67.992633,37.694255],[67.988522,37.692479],[67.988012,37.692035],[67.986539,37.691955],[67.984351,37.690985],[67.98375,37.690915],[67.983365,37.69047],[67.980706,37.689205],[67.978908,37.689394],[67.976606,37.688604],[67.976225,37.687269],[67.97272,37.685192],[67.971833,37.684235],[67.969884,37.683689],[67.969241,37.683989],[67.965302,37.683246],[67.962302,37.680139],[67.959812,37.678698],[67.958053,37.678005],[67.958566,37.674448],[67.954824,37.672595],[67.952369,37.671083],[67.950677,37.670367],[67.947346,37.667806],[67.947759,37.665319],[67.946779,37.664609],[67.94138,37.663196],[67.940694,37.660589],[67.940351,37.660059],[67.939194,37.659087],[67.937669,37.658797],[67.935974,37.659017],[67.934629,37.6587],[67.932643,37.658861],[67.931452,37.658019],[67.930781,37.656512],[67.931543,37.655501],[67.930732,37.654991],[67.930394,37.654516],[67.929502,37.654108],[67.928844,37.652155],[67.927177,37.650785],[67.926897,37.648571],[67.927439,37.647852],[67.926388,37.647704],[67.926119,37.647234],[67.925163,37.646606],[67.923799,37.646692],[67.922444,37.646489],[67.921304,37.64496],[67.918887,37.644029],[67.918228,37.643592],[67.914094,37.642135],[67.913682,37.640339],[67.912991,37.639426],[67.90979,37.638157],[67.907315,37.636861],[67.905654,37.63475],[67.904441,37.634336],[67.900239,37.632103],[67.89862,37.631965],[67.898193,37.630835],[67.89748,37.630428],[67.894529,37.630337],[67.893806,37.630056],[67.893555,37.62918],[67.89288,37.628482],[67.891848,37.628088],[67.88946,37.628409],[67.887361,37.629394],[67.885754,37.631065],[67.883255,37.63325],[67.883046,37.634725],[67.880153,37.636288],[67.879117,37.637068],[67.878677,37.637641],[67.875412,37.638207],[67.874787,37.638845],[67.873132,37.639731],[67.872273,37.641183],[67.871883,37.641328],[67.871071,37.641043],[67.869975,37.639577],[67.869531,37.639272],[67.867242,37.638754],[67.866217,37.638317],[67.863613,37.638479],[67.863388,37.638345],[67.863237,37.637575],[67.863418,37.636833],[67.864131,37.635442],[67.866116,37.632194],[67.867353,37.631317],[67.867332,37.62535],[67.86756,37.623027],[67.867368,37.619263],[67.86643,37.61752],[67.865712,37.616925],[67.86125,37.614485],[67.859876,37.614452],[67.858213,37.615139],[67.855562,37.614303],[67.854597,37.613827],[67.852539,37.611566],[67.852293,37.610916],[67.852506,37.609651],[67.853311,37.608712],[67.853924,37.608348],[67.856609,37.607621],[67.857046,37.606342],[67.856681,37.605053],[67.857194,37.603905],[67.857325,37.602288],[67.857761,37.60172],[67.858821,37.601304],[67.85956,37.600595],[67.859924,37.598895],[67.8608,37.596962],[67.862501,37.596416],[67.862758,37.596152],[67.862554,37.595362],[67.862288,37.592361],[67.862063,37.59186],[67.861636,37.591466],[67.859896,37.590705],[67.855723,37.585765],[67.854837,37.585384],[67.853169,37.585252],[67.85238,37.584697],[67.852057,37.584196],[67.851988,37.583653],[67.852265,37.580781],[67.852178,37.5804],[67.848687,37.577266],[67.845516,37.572546],[67.842501,37.56985],[67.841308,37.56824],[67.83809,37.559877],[67.837826,37.554068],[67.830641,37.544013],[67.8307,37.542477],[67.831458,37.538755],[67.831376,37.533989],[67.83535,37.522902],[67.834947,37.515472],[67.833386,37.509613],[67.833332,37.50728],[67.833243,37.507019],[67.827776,37.501992],[67.823773,37.494258],[67.820427,37.485887],[67.814662,37.479823],[67.808837,37.467302],[67.809289,37.462079],[67.805699,37.433943],[67.805555,37.433622],[67.803167,37.430764],[67.800278,37.428132],[67.795298,37.424724],[67.790412,37.419131],[67.790161,37.418203],[67.790536,37.414152],[67.791579,37.411405],[67.798961,37.401914],[67.800092,37.400303],[67.800349,37.399614],[67.800185,37.398693],[67.79885,37.397106],[67.80065,37.392733],[67.800823,37.391742],[67.80073,37.388637],[67.801159,37.387779],[67.804597,37.384524],[67.81386,37.378229],[67.814866,37.377069],[67.818039,37.370637],[67.818922,37.364449],[67.820377,37.359077],[67.822243,37.35612],[67.831083,37.3483],[67.839627,37.334467],[67.84168,37.329167],[67.841881,37.328194],[67.841722,37.320716],[67.84072,37.308402],[67.840647,37.307952],[67.837658,37.30185],[67.833073,37.296699],[67.829578,37.291031],[67.826606,37.289734],[67.825542,37.288928],[67.825003,37.288111],[67.826313,37.285778],[67.82614,37.283543],[67.822907,37.276375],[67.82268,37.276097],[67.819468,37.274267],[67.818906,37.273622],[67.817823,37.271629],[67.817215,37.270939],[67.815657,37.269774],[67.812396,37.269111],[67.812053,37.268742],[67.811934,37.268328],[67.813083,37.266532],[67.813096,37.266233],[67.811364,37.264555],[67.810584,37.263011],[67.810658,37.261245],[67.813691,37.249223],[67.814897,37.245986],[67.796326,37.202199],[67.797706,37.20105],[67.79851,37.1987],[67.798798,37.19701],[67.798738,37.196553],[67.797381,37.196126],[67.797423,37.196028],[67.794964,37.195465],[67.796333,37.190162],[67.79609,37.189395],[67.795314,37.188714],[67.789258,37.186655],[67.780901,37.1816],[67.778755,37.188841],[67.771796,37.193423],[67.751982,37.2028],[67.740548,37.209345],[67.722518,37.213966],[67.707474,37.218907],[67.689226,37.218907],[67.681492,37.220002],[67.642657,37.221096],[67.617906,37.227787],[67.607355,37.229265],[67.597429,37.229985],[67.589077,37.227323],[67.576446,37.220751],[67.573304,37.217219],[67.56598,37.218385],[67.558246,37.222444],[67.546162,37.236464],[67.53742,37.247517],[67.524942,37.259626],[67.51681,37.265154],[67.502605,37.269596],[67.493732,37.268796],[67.484928,37.265563],[67.474254,37.259764],[67.464683,37.246979],[67.456361,37.238306],[67.453096,37.236481],[67.418601,37.224559],[67.401708,37.217516],[67.377261,37.219494],[67.361262,37.209602],[67.340294,37.204062],[67.325464,37.197748],[67.304817,37.194039],[67.270036,37.182116],[67.257416,37.183242],[67.246187,37.189022],[67.234162,37.216012],[67.223629,37.243864],[67.205841,37.255571],[67.198906,37.258838],[67.191319,37.2595],[67.18837,37.260101],[67.180167,37.264318],[67.173863,37.26719],[67.169758,37.267417],[67.163328,37.266681],[67.158224,37.26575],[67.15371,37.26571],[67.151612,37.266215],[67.142951,37.265127],[67.138477,37.265074],[67.134239,37.26805],[67.132482,37.270387],[67.127877,37.271468],[67.125228,37.273236],[67.123896,37.274717],[67.123412,37.275831],[67.113962,37.282299],[67.110703,37.284801],[67.108177,37.285863],[67.107759,37.286599],[67.107761,37.288993],[67.106742,37.291377],[67.106781,37.293898],[67.107356,37.296936],[67.111267,37.302901],[67.111892,37.305275],[67.111987,37.30765],[67.113083,37.312105],[67.113313,37.31403],[67.113629,37.314853],[67.11366,37.316008],[67.113306,37.317832],[67.112138,37.320879],[67.112056,37.323338],[67.112424,37.327069],[67.112035,37.328109],[67.110141,37.329436],[67.108445,37.329981],[67.107594,37.330459],[67.104648,37.333193],[67.103144,37.334244],[67.098709,37.334478],[67.096486,37.33488],[67.090609,37.338334],[67.087263,37.34096],[67.086829,37.341669],[67.086728,37.342946],[67.086895,37.344335],[67.087845,37.347726],[67.087755,37.349248],[67.0869,37.350047],[67.081765,37.352271],[67.079821,37.353629],[67.075761,37.355961],[67.069148,37.360166],[67.068292,37.361013],[67.06348,37.367857],[67.060841,37.370967],[67.059192,37.372518],[67.057431,37.373687],[67.053557,37.375639],[67.051616,37.376806],[67.049909,37.378213],[67.048087,37.379429],[67.045794,37.38021],[67.044771,37.380436],[67.043573,37.380421],[67.038675,37.379743],[67.033843,37.378732],[67.031459,37.378132],[67.029442,37.377203],[67.022726,37.374646],[67.020696,37.374287],[67.01107,37.373407],[67.010045,37.373728],[67.007247,37.375739],[67.005197,37.37638],[67.000752,37.376944],[66.998942,37.37754],[66.997452,37.378371],[66.995977,37.379875],[66.993194,37.383163],[66.99231,37.383982],[66.99126,37.38443],[66.989456,37.385007],[66.988705,37.384952],[66.979374,37.38594],[66.977039,37.387018],[66.974451,37.389199],[66.969925,37.38988],[66.966702,37.392007],[66.962553,37.394076],[66.957891,37.395815],[66.951138,37.397942],[66.949974,37.39825],[66.947482,37.398494],[66.946443,37.398389],[66.945062,37.398001],[66.935311,37.39395],[66.931029,37.391217],[66.927325,37.388491],[66.925264,37.387494],[66.923322,37.386269],[66.918772,37.385331],[66.914302,37.383379],[66.912366,37.381877],[66.907541,37.37752],[66.904125,37.374936],[66.902803,37.374549],[66.8996,37.372844],[66.897188,37.372027],[66.887455,37.370187],[66.880492,37.368569],[66.872674,37.366386],[66.871191,37.365442],[66.870501,37.365248],[66.865163,37.362507],[66.855646,37.357985],[66.849791,37.354104],[66.845416,37.354573],[66.823928,37.355969],[66.816551,37.357525],[66.814042,37.358597],[66.811286,37.360312],[66.80971,37.361028],[66.806579,37.361398],[66.803089,37.362364],[66.800872,37.363255],[66.799484,37.363281],[66.793359,37.363101],[66.786212,37.362121],[66.781435,37.361129],[66.773861,37.361111],[66.769011,37.360855],[66.759657,37.357765],[66.757546,37.356534],[66.75543,37.355534],[66.751191,37.35381],[66.745308,37.354578],[66.742762,37.355354],[66.740976,37.356787],[66.739947,37.358438],[66.738506,37.3602],[66.736926,37.361578],[66.734726,37.362903],[66.732868,37.363732],[66.731284,37.363736],[66.730319,37.363574],[66.727905,37.362646],[66.72556,37.361663],[66.721007,37.359312],[66.717903,37.357947],[66.710597,37.356372],[66.708461,37.356102],[66.704811,37.356441],[66.697444,37.357502],[66.694964,37.357508],[66.692621,37.357019],[66.690275,37.355706],[66.688343,37.354172],[66.685857,37.351596],[66.675096,37.344203],[66.674061,37.343271],[66.672061,37.342067],[66.671647,37.341628],[66.671577,37.340969],[66.672193,37.339484],[66.672329,37.338385],[66.671842,37.336408],[66.670251,37.332896],[66.669573,37.332096],[66.668693,37.330438],[66.667155,37.328693],[66.665838,37.32769],[66.663809,37.326819],[66.663205,37.326295],[66.66156,37.325642],[66.659092,37.324203],[66.65668,37.323245],[66.654269,37.322985],[66.653229,37.323117],[66.652244,37.323554],[66.649622,37.326743],[66.648692,37.327398],[66.646831,37.327967],[66.643655,37.328668],[66.637466,37.328978],[66.630618,37.328589],[66.629194,37.328852],[66.626895,37.329551],[66.625363,37.330207],[66.622888,37.332032],[66.622258,37.332999],[66.622313,37.33451],[66.621948,37.336525],[66.621003,37.338416],[66.619691,37.340307],[66.617117,37.343376],[66.61533,37.34489],[66.613385,37.34611],[66.610232,37.349054],[66.610022,37.349726],[66.610024,37.351195],[66.610345,37.355182],[66.609716,37.357198],[66.608666,37.358921],[66.607089,37.360728],[66.604041,37.363671],[66.602042,37.36485],[66.598148,37.365527],[66.596728,37.366285],[66.595676,37.367462],[66.593677,37.368724],[66.588731,37.369613],[66.58373,37.369872],[66.578887,37.369627],[66.575097,37.36917],[66.571517,37.367832],[66.567304,37.36578],[66.563303,37.363602],[66.560478,37.362453],[66.55149,37.354385],[66.546678,37.358876],[66.546988,37.360684],[66.54537,37.362678],[66.5433,37.365899],[66.54091,37.367186],[66.537557,37.369293],[66.536082,37.369813],[66.528636,37.371643],[66.526915,37.373012],[66.521883,37.372429],[66.521265,37.378291],[66.518521,37.379901],[66.518198,37.380393],[66.518237,37.380995],[66.517287,37.38184],[66.515231,37.38234],[66.515266,37.383297],[66.515644,37.383639],[66.515473,37.38415],[66.514364,37.384549],[66.514217,37.385281],[66.512881,37.386052],[66.513046,37.386378],[66.512424,37.386841],[66.512842,37.387291],[66.512923,37.387857],[66.512517,37.38803],[66.512177,37.388458],[66.512299,37.388836],[66.511982,37.388997],[66.511785,37.389391],[66.51127,37.389503],[66.510944,37.389914],[66.510236,37.389987],[66.509253,37.389705],[66.509128,37.389259],[66.508746,37.389046],[66.506874,37.389595],[66.506238,37.389931],[66.506064,37.390575],[66.505649,37.391137],[66.505202,37.391718],[66.504686,37.392022],[66.501611,37.392049],[66.500178,37.392719],[66.502151,37.395186],[66.502251,37.395761],[66.502644,37.395994],[66.503716,37.396151],[66.505694,37.396802],[66.508156,37.398321],[66.508748,37.398431],[66.509098,37.399614],[66.509604,37.399789],[66.50984,37.40023],[66.510455,37.400342],[66.510609,37.400712],[66.511286,37.400719],[66.511419,37.401119],[66.512138,37.401277],[66.512274,37.401711],[66.513543,37.402834],[66.513732,37.403444],[66.514221,37.403708],[66.516663,37.404004],[66.517904,37.405346],[66.51883,37.405865],[66.520313,37.408707],[66.521403,37.409896],[66.521714,37.410873],[66.522012,37.411206],[66.522827,37.41149],[66.524387,37.412635],[66.524884,37.413173],[66.526274,37.413671],[66.528949,37.415069],[66.52982,37.415852],[66.531036,37.418032],[66.532102,37.41934],[66.534642,37.421019],[66.535648,37.423635],[66.539161,37.427862],[66.541653,37.429612],[66.545198,37.432438],[66.546458,37.434711],[66.547543,37.434919],[66.549706,37.435868],[66.550836,37.436822],[66.55249,37.439351],[66.552616,37.439848],[66.553366,37.440233],[66.553806,37.440836],[66.55444,37.44106],[66.555667,37.441962],[66.55655,37.442319],[66.559328,37.444539],[66.561805,37.445283],[66.56818,37.448344],[66.571985,37.450606],[66.57246,37.451165],[66.573582,37.451983],[66.580507,37.467628],[66.580092,37.469066],[66.577913,37.470971],[66.577593,37.471864],[66.577713,37.472443],[66.577524,37.473392],[66.577615,37.474278],[66.576578,37.475349],[66.576403,37.475871],[66.576457,37.476338],[66.574681,37.478634],[66.574474,37.479476],[66.57459,37.479732],[66.573901,37.480618],[66.57411,37.481357],[66.573941,37.481631],[66.573934,37.482294],[66.573619,37.482875],[66.573775,37.483312],[66.573578,37.484054],[66.57363,37.48449],[66.573413,37.484971],[66.572872,37.485495],[66.572894,37.485835],[66.572248,37.486206],[66.571756,37.487376],[66.571802,37.487772],[66.571622,37.488258],[66.570541,37.489286],[66.570176,37.489441],[66.569855,37.489365],[66.56958,37.489587],[66.56976,37.490264],[66.568882,37.490947],[66.567749,37.493512],[66.566821,37.493931],[66.565446,37.49405],[66.561562,37.495232],[66.558173,37.496479],[66.554267,37.497611],[66.554296,37.498583],[66.553857,37.49928],[66.547131,37.503085],[66.543476,37.506026],[66.542396,37.507468],[66.541552,37.508038],[66.540959,37.509005],[66.54033,37.509577],[66.535537,37.511694],[66.534998,37.512266],[66.533918,37.51437],[66.533627,37.526067],[66.527658,37.537888],[66.525621,37.558093],[66.527337,37.562073],[66.529906,37.573239],[66.530387,37.577591],[66.53162,37.581862],[66.529988,37.5845],[66.528969,37.586473],[66.527729,37.587527],[66.527097,37.588571],[66.52491,37.590121],[66.523959,37.596],[66.523469,37.596748],[66.522654,37.597385],[66.522428,37.598023],[66.522454,37.599048],[66.523617,37.602537],[66.524723,37.60657],[66.526408,37.608642],[66.527679,37.610761],[66.529581,37.612914],[66.530079,37.615385],[66.531078,37.61666],[66.531863,37.6184],[66.533988,37.621018],[66.534248,37.623725],[66.53466,37.625554],[66.534411,37.626893],[66.536288,37.628879],[66.536764,37.630157],[66.536745,37.631024],[66.536334,37.632031],[66.536075,37.634458],[66.536938,37.635751],[66.53834,37.636769],[66.541518,37.641568],[66.541889,37.642669],[66.541772,37.643485],[66.539956,37.645434],[66.540334,37.645914],[66.540758,37.647221],[66.541546,37.647968],[66.543165,37.65037],[66.543414,37.651193],[66.543134,37.653373],[66.54207,37.653457],[66.543009,37.658965],[66.542575,37.660607],[66.542314,37.663956],[66.542609,37.665953],[66.544135,37.668412],[66.543707,37.669422],[66.543546,37.671632],[66.544076,37.673237],[66.543919,37.67473],[66.543347,37.675815],[66.543868,37.677087],[66.547344,37.68127],[66.549454,37.684561],[66.54965,37.686061],[66.550059,37.686612],[66.550146,37.68707],[66.549127,37.68785],[66.549083,37.688304],[66.547822,37.689499],[66.54783,37.690551],[66.548175,37.691694],[66.5489,37.693213],[66.549213,37.69448],[66.550934,37.696168],[66.551419,37.69718],[66.550702,37.70008],[66.549798,37.702001],[66.550044,37.703322],[66.548949,37.705775],[66.549036,37.706512],[66.549663,37.707615],[66.549003,37.709111],[66.549085,37.710171],[66.548393,37.712487],[66.547315,37.715222],[66.547273,37.717825],[66.546871,37.718894],[66.546637,37.720207],[66.545836,37.721888],[66.545491,37.725714],[66.544705,37.727635],[66.543792,37.728527],[66.543558,37.729543],[66.54363,37.731354],[66.5431,37.731826],[66.542756,37.733256],[66.542875,37.733932],[66.542763,37.734596],[66.543291,37.735878],[66.543211,37.736791],[66.542788,37.737555],[66.542358,37.739289],[66.542278,37.740162],[66.542484,37.740936],[66.541518,37.74228],[66.541534,37.743334],[66.541284,37.74416],[66.542082,37.745991],[66.542807,37.746809],[66.543905,37.747175],[66.544755,37.748777],[66.545583,37.749198],[66.545214,37.752265],[66.544858,37.75298],[66.544949,37.753803],[66.544444,37.755151],[66.54467,37.756136],[66.544318,37.757114],[66.544707,37.757602],[66.544893,37.758444],[66.544638,37.760167],[66.545758,37.762737],[66.545685,37.763429],[66.546238,37.764949],[66.545734,37.765831],[66.545605,37.767093],[66.545109,37.767588],[66.544132,37.769603],[66.544375,37.770795],[66.543873,37.771433],[66.542889,37.771813],[66.542624,37.77251],[66.543457,37.772887],[66.545149,37.773295],[66.545992,37.773882],[66.546574,37.775043],[66.547892,37.776655],[66.547248,37.77761],[66.547641,37.778574],[66.54827,37.77932],[66.549057,37.780812],[66.550489,37.782668],[66.550541,37.78307],[66.551293,37.784038],[66.551791,37.785358],[66.552262,37.785802],[66.552145,37.786279],[66.554166,37.787529],[66.554591,37.788331],[66.556688,37.789129],[66.557436,37.789799],[66.557395,37.790366],[66.558222,37.791383],[66.559271,37.792076],[66.559631,37.793503],[66.561194,37.794881],[66.561376,37.795511],[66.560615,37.796755],[66.560813,37.79732],[66.560604,37.798207],[66.560858,37.799341],[66.559684,37.801067],[66.559859,37.801763],[66.559503,37.802217],[66.560901,37.803858],[66.561832,37.803934],[66.562181,37.804657],[66.56293,37.804963],[66.563185,37.805279],[66.563304,37.806196],[66.563929,37.807209],[66.564645,37.807882],[66.564906,37.80884],[66.566192,37.810762],[66.566448,37.812577],[66.567152,37.814347],[66.569051,37.81554],[66.569877,37.81673],[66.570555,37.8173],[66.571109,37.817394],[66.571666,37.818108],[66.572134,37.819861],[66.573776,37.821552],[66.573606,37.822478],[66.575109,37.823865],[66.576601,37.826624],[66.576292,37.828139],[66.576645,37.829832],[66.577244,37.831187],[66.576951,37.832059],[66.576921,37.832804],[66.577173,37.833307],[66.579056,37.834351],[66.579498,37.835001],[66.579786,37.835846],[66.579206,37.836807],[66.578567,37.8374],[66.580751,37.837929],[66.581339,37.838591],[66.58095,37.839236],[66.581858,37.839861],[66.582711,37.839968],[66.5839,37.841189],[66.584966,37.841588],[66.585762,37.842522],[66.586061,37.843714],[66.586867,37.844186],[66.587887,37.844296],[66.588405,37.844869],[66.589712,37.845495],[66.590518,37.846187],[66.59463,37.848949],[66.596398,37.849793],[66.596738,37.850441],[66.598662,37.85175],[66.599647,37.854464],[66.600777,37.856238],[66.6011,37.857551],[66.601142,37.858762],[66.601969,37.860003],[66.602299,37.860891],[66.602446,37.862233],[66.603368,37.863705],[66.605166,37.865315],[66.606177,37.867312],[66.60718,37.868613],[66.60847,37.869399],[66.60982,37.870497],[66.611782,37.871493],[66.612954,37.871879],[66.613829,37.873491],[66.615828,37.875835],[66.618175,37.877462],[66.619716,37.878844],[66.620501,37.879064],[66.620842,37.879594],[66.622179,37.880022],[66.623174,37.8801],[66.62453,37.880612],[66.625391,37.881408],[66.626165,37.881724],[66.627531,37.881815],[66.629071,37.882456],[66.630554,37.883488],[66.63202,37.88368],[66.632384,37.883943],[66.632645,37.885519],[66.633814,37.884993],[66.63565,37.88568],[66.636732,37.8866],[66.636638,37.887962],[66.637711,37.888797],[66.638072,37.891035],[66.638925,37.891988],[66.639429,37.893379],[66.640431,37.894431],[66.641162,37.89452],[66.64191,37.895083],[66.641933,37.895662],[66.641525,37.896416],[66.641475,37.897227],[66.644231,37.896982],[66.645523,37.897577],[66.650083,37.897713],[66.651132,37.898964],[66.653132,37.899255],[66.65479,37.900446],[66.656717,37.90138],[66.65777,37.902314],[66.658473,37.904108],[66.658936,37.904833],[66.660134,37.904486],[66.661968,37.905372],[66.66253,37.906103],[66.663292,37.906401],[66.663899,37.907376],[66.664954,37.907822],[66.667107,37.908404],[66.66914,37.909568],[66.670071,37.9108],[66.672761,37.911444],[66.674143,37.91148],[66.676067,37.912351],[66.67684,37.913234],[66.679463,37.913646],[66.680108,37.914467],[66.68097,37.914309],[66.681574,37.914449],[66.682216,37.914206],[66.683923,37.914668],[66.685108,37.914275],[66.68658,37.915097],[66.687537,37.91516],[66.689283,37.914096],[66.689911,37.913994],[66.690659,37.913043],[66.691453,37.912835],[66.692778,37.91274],[66.693474,37.91304],[66.696445,37.912952],[66.69801,37.913399],[66.698885,37.913156],[66.699464,37.913302],[66.699698,37.913176],[66.700783,37.913438],[66.702015,37.913117],[66.704929,37.913783],[66.705848,37.914138],[66.706243,37.914718],[66.706131,37.916498],[66.70632,37.916993],[66.707165,37.917778],[66.70748,37.91871],[66.707436,37.920045],[66.7063,37.92164],[66.705088,37.922404],[66.686725,37.951386],[66.674514,37.972716],[66.673212,37.973963],[66.672337,37.97505],[66.643354,37.99192],[66.62424,38.000056],[66.621919,38.001328],[66.621039,38.002004],[66.615925,38.003763],[66.600325,38.007753],[66.598162,38.008587],[66.596602,38.009846],[66.595764,38.010144],[66.594637,38.01162],[66.59186,38.013668],[66.584886,38.015197],[66.573364,38.018941],[66.568542,38.018929],[66.566019,38.019341],[66.564057,38.019185],[66.563253,38.019342],[66.562769,38.0199],[66.561991,38.020418],[66.561126,38.02069],[66.559294,38.020752],[66.557893,38.02131],[66.556778,38.021181],[66.556061,38.021678],[66.555698,38.021562],[66.555309,38.021167],[66.554902,38.021153],[66.554073,38.021766],[66.55326,38.021868],[66.552707,38.022522],[66.55224,38.022631],[66.551566,38.023081],[66.550468,38.022903],[66.55033,38.023115],[66.549474,38.023162],[66.549059,38.023503],[66.546699,38.024259],[66.545973,38.024769],[66.546059,38.025675],[66.545791,38.026295],[66.546535,38.026567],[66.546552,38.026792],[66.546258,38.027187],[66.545739,38.027425],[66.545108,38.028065],[66.543959,38.028337],[66.543353,38.02876],[66.543258,38.029059],[66.543431,38.029624],[66.542506,38.029379],[66.541875,38.02957],[66.540976,38.029556],[66.540458,38.030189],[66.540025,38.03117],[66.539386,38.031851],[66.538928,38.032096],[66.538132,38.032089],[66.536663,38.032838],[66.535634,38.03292],[66.534683,38.032838],[66.534,38.032525],[66.533343,38.031769],[66.532557,38.032205],[66.531658,38.032069],[66.52973,38.032314],[66.529039,38.032838],[66.528114,38.03324],[66.526497,38.033301],[66.52546,38.033791],[66.52495,38.033791],[66.523549,38.03294],[66.522382,38.032505],[66.519677,38.032879],[66.51902,38.033349],[66.518829,38.033907],[66.518207,38.033968],[66.517853,38.033628],[66.517533,38.033737],[66.51723,38.034288],[66.517204,38.034738],[66.515571,38.035126],[66.51481,38.0358],[66.514222,38.03691],[66.513747,38.037264],[66.513116,38.037162],[66.512632,38.037788],[66.511119,38.038231],[66.507946,38.039619],[66.507243,38.040817],[66.506648,38.041295],[66.504636,38.041759],[66.503762,38.041574],[66.502163,38.040707],[66.50049,38.040699],[66.49946,38.041345],[66.497931,38.041519],[66.49659,38.041316],[66.494935,38.041567],[66.492084,38.040967],[66.491569,38.040669],[66.491713,38.03981],[66.491477,38.039531],[66.488795,38.038589],[66.487534,38.038394],[66.485437,38.036535],[66.48475,38.036248],[66.48416,38.036206],[66.483125,38.036421],[66.482589,38.036324],[66.482422,38.036058],[66.48253,38.035099],[66.481934,38.034735],[66.481328,38.034638],[66.47967,38.033502],[66.478651,38.033349],[66.477413,38.033765],[66.477097,38.033718],[66.476013,38.032611],[66.475144,38.03251],[66.474559,38.032222],[66.474087,38.032201],[66.473068,38.032746],[66.470048,38.03221],[66.468594,38.032286],[66.467645,38.032167],[66.466641,38.031707],[66.466169,38.031297],[66.465794,38.029894],[66.46544,38.029505],[66.464807,38.029294],[66.463938,38.029396],[66.462758,38.029227],[66.461341,38.029396],[66.460837,38.02926],[66.460451,38.028491],[66.459324,38.027469],[66.4575,38.027857],[66.455247,38.027857],[66.454808,38.027697],[66.453466,38.026497],[66.453027,38.026362],[66.452265,38.026809],[66.4516,38.02697],[66.450039,38.02618],[66.448649,38.026062],[66.447067,38.0255],[66.44667,38.025609],[66.446267,38.02637],[66.445474,38.026332],[66.444256,38.026721],[66.443017,38.026264],[66.441987,38.025639],[66.44019,38.026015],[66.439058,38.026752],[66.438406,38.02694],[66.437231,38.026497],[66.436182,38.026649],[66.434527,38.026484],[66.433838,38.026672],[66.433111,38.026586],[66.432891,38.026366],[66.432864,38.025702],[66.432693,38.025373],[66.432274,38.02514],[66.430099,38.024099],[66.428372,38.023947],[66.426612,38.024597],[66.426022,38.024496],[66.424933,38.02398],[66.424198,38.02409],[66.423056,38.023879],[66.421602,38.02423],[66.417179,38.024149],[66.416655,38.024306],[66.416782,38.024639],[66.417192,38.02499],[66.417074,38.025337],[66.415647,38.025873],[66.415309,38.026203],[66.41562,38.027188],[66.415515,38.027725],[66.414601,38.027993],[66.4139,38.02843],[66.413276,38.028461],[66.412689,38.029292],[66.411555,38.029804],[66.410962,38.029675],[66.410597,38.029139],[66.409907,38.029413],[66.408926,38.029438],[66.408526,38.029634],[66.407445,38.029763],[66.405058,38.0309],[66.403588,38.031145],[66.400938,38.031179],[66.399458,38.031394],[66.397559,38.031166],[66.396051,38.032624],[66.395515,38.032721],[66.394168,38.032442],[66.392398,38.032945],[66.392092,38.033274],[66.392462,38.035163],[66.392221,38.035707],[66.389558,38.035309],[66.388643,38.03709],[66.388267,38.037284],[66.387095,38.036964],[66.386485,38.037063],[66.38675,38.037274],[66.386819,38.0377],[66.386676,38.038084],[66.385998,38.038024],[66.385505,38.038607],[66.38434,38.039131],[66.384072,38.03957],[66.384005,38.041446],[66.383254,38.042358],[66.383195,38.042861],[66.383517,38.043892],[66.383217,38.044251],[66.383056,38.044859],[66.382471,38.045501],[66.381516,38.04611],[66.37877,38.046727],[66.37819,38.047157],[66.377128,38.048839],[66.376232,38.04894],[66.375513,38.04935],[66.375165,38.049783],[66.372257,38.050876],[66.370461,38.050651],[66.368647,38.049742],[66.367986,38.049567],[66.367047,38.049796],[66.365089,38.049512],[66.364434,38.049683],[66.36412,38.050077],[66.364173,38.050554],[66.364027,38.050837],[66.363257,38.050657],[66.361511,38.051429],[66.360458,38.052383],[66.359128,38.054318],[66.359031,38.054774],[66.359353,38.055847],[66.359096,38.05599],[66.358677,38.055872],[66.358151,38.056117],[66.358838,38.056582],[66.358956,38.056987],[66.358924,38.057655],[66.358677,38.058212],[66.357218,38.059277],[66.356349,38.059547],[66.354911,38.059006],[66.35416,38.059125],[66.353313,38.059572],[66.352787,38.060113],[66.352465,38.060721],[66.352433,38.062487],[66.352197,38.063399],[66.351939,38.063483],[66.351113,38.063036],[66.349473,38.06291],[66.349336,38.062973],[66.349369,38.063487],[66.349141,38.063725],[66.348221,38.064069],[66.347716,38.063791],[66.347234,38.063106],[66.346472,38.06287],[66.345892,38.063039],[66.344648,38.064433],[66.34439,38.0651],[66.343752,38.065915],[66.343417,38.066268],[66.342762,38.066525],[66.341673,38.066445],[66.341062,38.066614],[66.3396,38.066595],[66.338299,38.066242],[66.33648,38.066382],[66.33445,38.066046],[66.332151,38.065951],[66.331131,38.065954],[66.329586,38.066444],[66.328084,38.065278],[66.327439,38.065083],[66.326736,38.065066],[66.325288,38.065603],[66.323794,38.065862],[66.322399,38.066791],[66.322029,38.067767],[66.321482,38.068502],[66.320956,38.0702],[66.320521,38.070896],[66.317292,38.072434],[66.316074,38.074718],[66.315313,38.075419],[66.314529,38.075799],[66.313564,38.07558],[66.312939,38.075814],[66.312979,38.076471],[66.312427,38.077531],[66.311997,38.077809],[66.311579,38.077792],[66.311236,38.077125],[66.310474,38.077007],[66.30998,38.077151],[66.30968,38.077556],[66.309959,38.078426],[66.311102,38.079156],[66.311423,38.079553],[66.309959,38.080909],[66.309197,38.081238],[66.307872,38.080609],[66.307164,38.080643],[66.306563,38.081023],[66.306037,38.081774],[66.305909,38.083396],[66.305061,38.083565],[66.304761,38.083936],[66.3046,38.084705],[66.304004,38.085435],[66.30262,38.086018],[66.302089,38.086791],[66.302127,38.088881],[66.302352,38.089455],[66.30239,38.090194],[66.301918,38.090396],[66.300571,38.090248],[66.300228,38.09013],[66.299595,38.089396],[66.299026,38.089244],[66.298812,38.089497],[66.299048,38.089885],[66.298844,38.090476],[66.297798,38.090734],[66.297197,38.091198],[66.29695,38.091638],[66.297468,38.092623],[66.297387,38.093016],[66.297049,38.093299],[66.296564,38.093411],[66.294971,38.092946],[66.293962,38.092837],[66.293018,38.092963],[66.292771,38.093183],[66.292728,38.093732],[66.292428,38.094145],[66.29201,38.09423],[66.291591,38.094044],[66.291135,38.09409],[66.290845,38.094504],[66.290899,38.094952],[66.292358,38.095788],[66.292777,38.09659],[66.291677,38.097008],[66.291741,38.097421],[66.292578,38.098333],[66.292176,38.099325],[66.29169,38.0998],[66.29169,38.100552],[66.291444,38.100906],[66.291036,38.101054],[66.290676,38.10094],[66.289888,38.099247],[66.289368,38.098931],[66.28786,38.100049],[66.287367,38.102287],[66.287045,38.102523],[66.286165,38.102354],[66.283982,38.102544],[66.282287,38.10387],[66.278733,38.105425],[66.27567,38.106113],[66.275026,38.106561],[66.274012,38.107688],[66.27163,38.107738],[66.271115,38.107991],[66.270214,38.109021],[66.270107,38.109697],[66.270348,38.110376],[66.271914,38.111263],[66.272011,38.111567],[66.271347,38.113102],[66.272273,38.113503],[66.272329,38.113771],[66.271884,38.114338],[66.271229,38.114659],[66.270561,38.11578],[66.270615,38.11602],[66.271657,38.117036],[66.271619,38.117921],[66.271941,38.118997],[66.271759,38.119237],[66.271056,38.119123],[66.270756,38.1189],[66.269884,38.117408],[66.26946,38.117096],[66.268972,38.117045],[66.268715,38.117239],[66.269095,38.119147],[66.268894,38.119647],[66.268267,38.119883],[66.267703,38.119832],[66.266676,38.119088],[66.265882,38.118902],[66.26556,38.119155],[66.265839,38.119784],[66.2657,38.121101],[66.265786,38.121911],[66.267298,38.122384],[66.267363,38.122603],[66.263023,38.124152],[66.262208,38.124084],[66.261821,38.12389],[66.261435,38.124245],[66.260872,38.125329],[66.261499,38.126583],[66.262036,38.127038],[66.262712,38.128186],[66.262208,38.128473],[66.260373,38.12876],[66.258105,38.128254],[66.257607,38.12833],[66.257577,38.128517],[66.26,38.130374],[66.260043,38.131032],[66.259512,38.132015],[66.258761,38.132454],[66.258616,38.133328],[66.258938,38.133918],[66.258275,38.134528],[66.257495,38.134619],[66.256175,38.135184],[66.254276,38.13491],[66.253697,38.135509],[66.252495,38.136091],[66.252334,38.136454],[66.252785,38.13675],[66.253616,38.138113],[66.253681,38.139302],[66.254459,38.139526],[66.256379,38.139315],[66.25669,38.139433],[66.256776,38.139771],[66.256647,38.140083],[66.255714,38.1408],[66.255531,38.141205],[66.253954,38.141138],[66.25301,38.140901],[66.252667,38.141306],[66.252763,38.14215],[66.253305,38.142559],[66.254217,38.142796],[66.256363,38.142829],[66.256953,38.143192],[66.256846,38.14353],[66.256379,38.143964],[66.254738,38.144758],[66.254287,38.144817],[66.254169,38.144631],[66.254265,38.143981],[66.253879,38.143939],[66.252165,38.145013],[66.251269,38.145388],[66.250982,38.145922],[66.251079,38.146483],[66.251886,38.147468],[66.251961,38.147776],[66.251806,38.147991],[66.25095,38.14839],[66.250677,38.148765],[66.250398,38.149799],[66.248204,38.153667],[66.247426,38.155966],[66.2469,38.156363],[66.246439,38.156261],[66.245559,38.155241],[66.245259,38.155173],[66.244583,38.155401],[66.244218,38.155696],[66.244046,38.156776],[66.243563,38.156759],[66.243209,38.156548],[66.241981,38.156485],[66.240833,38.156089],[66.240125,38.155101],[66.239438,38.154975],[66.238762,38.155076],[66.238076,38.155709],[66.237979,38.156004],[66.238172,38.156536],[66.237915,38.156763],[66.237314,38.156679],[66.236541,38.155717],[66.235951,38.155574],[66.234836,38.156072],[66.234042,38.1557],[66.233612,38.154317],[66.232625,38.153608],[66.23196,38.153591],[66.231531,38.154013],[66.232218,38.155785],[66.231917,38.156207],[66.229149,38.155717],[66.228515,38.155744],[66.22786,38.157519],[66.2269,38.156963],[66.224309,38.156807],[66.223832,38.156494],[66.224293,38.154748],[66.223816,38.154495],[66.223059,38.154858],[66.220865,38.157047],[66.219138,38.157536],[66.217808,38.157144],[66.217223,38.156625],[66.216665,38.155174],[66.216123,38.155149],[66.215313,38.155693],[66.214723,38.157304],[66.212926,38.157325],[66.211987,38.157494],[66.211365,38.159392],[66.209085,38.161556],[66.209064,38.162982],[66.20592,38.163108],[66.206371,38.164188],[66.20386,38.165867],[66.201897,38.165167],[66.201961,38.163884],[66.203088,38.162762],[66.204021,38.162079],[66.203474,38.161531],[66.202101,38.161084],[66.200362,38.160139],[66.202283,38.159759],[66.202101,38.158511],[66.201414,38.158055],[66.200641,38.158249],[66.199644,38.159472],[66.198667,38.160215],[66.198066,38.160232],[66.197702,38.159633],[66.19826,38.158283],[66.198957,38.157119],[66.198335,38.156731],[66.196672,38.156368],[66.19577,38.157439],[66.195245,38.157768],[66.194923,38.15636],[66.195062,38.155659],[66.194751,38.15533],[66.193153,38.157684],[66.191533,38.157321],[66.190803,38.156689],[66.191576,38.155879],[66.191565,38.155524],[66.191018,38.155457],[66.189258,38.156866],[66.188325,38.156081],[66.187563,38.15603],[66.187531,38.156309],[66.188121,38.156545],[66.187563,38.157591],[66.186973,38.157962],[66.186157,38.156781],[66.185589,38.156731],[66.186093,38.157574],[66.185653,38.1583],[66.18457,38.158106],[66.183025,38.157372],[66.182383,38.157272],[66.181716,38.15636],[66.180589,38.157726],[66.179849,38.15787],[66.17943,38.157541],[66.180546,38.156165],[66.180332,38.155246],[66.179956,38.15517],[66.17884,38.155777],[66.177596,38.155997],[66.177478,38.155204],[66.177982,38.154082],[66.177295,38.153373],[66.1753,38.15366],[66.174195,38.153618],[66.173004,38.153904],[66.171093,38.155561],[66.170472,38.15544],[66.169978,38.154807],[66.16927,38.155052],[66.169206,38.155566],[66.170375,38.156191],[66.17088,38.15668],[66.170403,38.157061],[66.16956,38.157178],[66.167983,38.157085],[66.165794,38.156081],[66.164882,38.156908],[66.164646,38.157625],[66.165172,38.158511],[66.166931,38.15884],[66.166674,38.159574],[66.165762,38.160907],[66.166459,38.162543],[66.161621,38.164424],[66.159421,38.165099],[66.158778,38.165622],[66.157694,38.167275],[66.156664,38.168077],[66.155645,38.167984],[66.154647,38.168557],[66.15219,38.169401],[66.151557,38.169325],[66.15234,38.167849],[66.152051,38.167258],[66.151171,38.167824],[66.150034,38.16908],[66.148757,38.169367],[66.148285,38.169966],[66.147459,38.172227],[66.145849,38.172159],[66.145173,38.172471],[66.14351,38.173686],[66.141611,38.175482],[66.139884,38.176224],[66.137996,38.176545],[66.137075,38.177417],[66.134992,38.176477],[66.133983,38.175179],[66.133382,38.174833],[66.131526,38.174909],[66.129359,38.175297],[66.128168,38.176014],[66.127267,38.176073],[66.126376,38.17544],[66.125754,38.175263],[66.125143,38.175373],[66.124628,38.175769],[66.124542,38.176579],[66.124724,38.177818],[66.123137,38.177974],[66.12143,38.176267],[66.119853,38.175255],[66.116978,38.175971],[66.115862,38.176612],[66.115326,38.176655],[66.114939,38.17528],[66.11303,38.177371],[66.113528,38.178096],[66.11451,38.178662],[66.115572,38.179691],[66.115309,38.180483],[66.113159,38.181158],[66.112099,38.180982],[66.111799,38.180355],[66.112719,38.178974],[66.112853,38.178036],[66.112529,38.177865],[66.111619,38.178918],[66.110426,38.179423],[66.109534,38.180427],[66.108753,38.180301],[66.108214,38.179488],[66.107571,38.179555],[66.107358,38.180092],[66.106378,38.180914],[66.105777,38.181706],[66.103889,38.182103],[66.10449,38.183663],[66.104114,38.18395],[66.102473,38.183461],[66.101786,38.18486],[66.102526,38.185274],[66.104103,38.184844],[66.103996,38.186058],[66.102376,38.186437],[66.101131,38.186437],[66.101303,38.187298],[66.103159,38.187458],[66.10347,38.188048],[66.104951,38.189886],[66.102762,38.190148],[66.10287,38.191438],[66.100756,38.191801],[66.099812,38.192543],[66.099747,38.193799],[66.100563,38.194726],[66.10185,38.195764],[66.101668,38.196168],[66.100348,38.196312],[66.09817,38.195477],[66.097505,38.195713],[66.098138,38.198909],[66.097956,38.199802],[66.095552,38.199659],[66.092763,38.200873],[66.091701,38.203107],[66.090145,38.202939],[66.088268,38.201548],[66.088257,38.19987],[66.085607,38.198959],[66.082774,38.198453],[66.080951,38.198614],[66.080167,38.198318],[66.079942,38.199027],[66.080521,38.200426],[66.080489,38.202155],[66.078537,38.203276],[66.076112,38.203824],[66.075329,38.20508],[66.074406,38.205485],[66.073387,38.20712],[66.072013,38.207424],[66.070887,38.208343],[66.070544,38.209515],[66.068516,38.208941],[66.065533,38.210813],[66.064117,38.211917],[66.061789,38.211639],[66.057551,38.209801],[66.056382,38.210695],[66.055448,38.212195],[66.053914,38.211774],[66.051049,38.20997],[66.049966,38.208984],[66.04856,38.20938],[66.046253,38.210391],[66.045256,38.211083],[66.042445,38.21405],[66.040921,38.216857],[66.039795,38.218164],[66.041168,38.218652],[66.04016,38.219478],[66.038797,38.219942],[66.034902,38.219141],[66.034505,38.220439],[66.0356,38.222252],[66.037767,38.223769],[66.037681,38.22446],[66.033433,38.223533],[66.031523,38.224999],[66.030385,38.226752],[66.029334,38.22591],[66.028132,38.225454],[66.026974,38.226415],[66.028089,38.228741],[66.028025,38.22923],[66.025386,38.228725],[66.023326,38.227915],[66.020622,38.225336],[66.019335,38.225556],[66.017575,38.226972],[66.016717,38.229146],[66.016181,38.229786],[66.014528,38.230528],[66.01102,38.230806],[66.009561,38.230604],[66.00926,38.233082],[66.006224,38.232989],[66.001117,38.231034],[66.000602,38.229736],[65.996096,38.22891],[65.994379,38.229129],[65.992641,38.231152],[65.989916,38.230494],[65.986354,38.227342],[65.98556,38.226449],[65.983844,38.226752],[65.983779,38.228472],[65.98084,38.227258],[65.977407,38.227562],[65.976698,38.228564],[65.977374,38.230469],[65.976087,38.232913],[65.974166,38.23395],[65.972847,38.233958],[65.971838,38.23191],[65.970551,38.231759],[65.970261,38.234026],[65.969317,38.234548],[65.96951,38.236082],[65.970594,38.237304],[65.969628,38.238593],[65.968523,38.239427],[65.965197,38.239343],[65.962965,38.239764],[65.959554,38.24204],[65.958009,38.239377],[65.956732,38.238458],[65.956346,38.239444],[65.955992,38.241711],[65.955402,38.242276],[65.955884,38.243615],[65.954833,38.244348],[65.952634,38.243666],[65.952398,38.245579],[65.95273,38.246935],[65.953202,38.247399],[65.953116,38.248123],[65.95082,38.247567],[65.950134,38.249084],[65.948846,38.250331],[65.946336,38.251392],[65.944834,38.252252],[65.940843,38.251662],[65.939813,38.252201],[65.939877,38.253499],[65.940735,38.255335],[65.940585,38.256683],[65.939518,38.257155],[65.939105,38.257083],[65.93918,38.256763],[65.938804,38.256325],[65.938423,38.256886],[65.938112,38.257787],[65.933483,38.259379],[65.930361,38.259952],[65.930243,38.260643],[65.931444,38.261991],[65.932732,38.262858],[65.93226,38.263895],[65.930157,38.264922],[65.929856,38.266472],[65.931551,38.268342],[65.930779,38.269656],[65.92814,38.269538],[65.927067,38.271493],[65.924513,38.272335],[65.92344,38.273076],[65.92387,38.274205],[65.92093,38.273059],[65.920544,38.273716],[65.919793,38.274407],[65.920222,38.275232],[65.919664,38.275401],[65.918975,38.274883],[65.917969,38.272756],[65.917046,38.272065],[65.916188,38.272722],[65.915415,38.274306],[65.917073,38.275478],[65.914471,38.276664],[65.914364,38.277708],[65.910652,38.277894],[65.909107,38.278972],[65.907455,38.277978],[65.906725,38.278281],[65.90533,38.277136],[65.903099,38.277388],[65.901468,38.2785],[65.89915,38.277944],[65.897927,38.278803],[65.895631,38.277961],[65.893636,38.278736],[65.892241,38.278365],[65.892241,38.27754],[65.892777,38.276277],[65.892499,38.275965],[65.890707,38.276673],[65.889698,38.276378],[65.888389,38.277102],[65.888111,38.278411],[65.887797,38.278502],[65.885143,38.277112],[65.884723,38.277175],[65.883904,38.278479],[65.883535,38.278748],[65.88188,38.278075],[65.881487,38.277689],[65.882301,38.277026],[65.882262,38.27681],[65.881146,38.276252],[65.880685,38.276219],[65.879953,38.276694],[65.879299,38.276576],[65.878149,38.275543],[65.877333,38.275752],[65.875144,38.277254],[65.874339,38.277179],[65.873666,38.276592],[65.873652,38.276387],[65.875324,38.275326],[65.875415,38.274985],[65.874873,38.274589],[65.874148,38.274613],[65.871919,38.275958],[65.869987,38.274831],[65.869772,38.275042],[65.869811,38.27539],[65.869317,38.275953],[65.868507,38.276267],[65.867777,38.276952],[65.866896,38.277089],[65.865714,38.276902],[65.864794,38.277208],[65.864279,38.277754],[65.863947,38.277878],[65.862797,38.276929],[65.862666,38.275851],[65.862135,38.275238],[65.861455,38.27557],[65.861558,38.275863],[65.861915,38.276001],[65.86214,38.276364],[65.862078,38.276545],[65.860758,38.276582],[65.859245,38.276265],[65.858394,38.276368],[65.856495,38.276012],[65.856507,38.275799],[65.855817,38.274912],[65.855573,38.274887],[65.855214,38.275194],[65.852835,38.275931],[65.85154,38.275639],[65.850759,38.276516],[65.850451,38.276648],[65.85014,38.276554],[65.849406,38.274376],[65.849999,38.273857],[65.850832,38.273747],[65.852093,38.273864],[65.852267,38.273737],[65.851992,38.273062],[65.851476,38.272805],[65.849148,38.272339],[65.848766,38.27195],[65.848855,38.271663],[65.849715,38.271134],[65.849191,38.27],[65.847553,38.269859],[65.847005,38.269599],[65.847227,38.268224],[65.846903,38.26819],[65.844905,38.267172],[65.844848,38.266953],[65.845131,38.266553],[65.846223,38.266726],[65.846388,38.266436],[65.846304,38.265826],[65.845092,38.26499],[65.84527,38.264805],[65.845452,38.263873],[65.844958,38.262829],[65.844901,38.261982],[65.844063,38.259553],[65.842908,38.258225],[65.842704,38.256635],[65.841806,38.254662],[65.841894,38.252746],[65.841373,38.252115],[65.840591,38.25157],[65.839876,38.251547],[65.838625,38.251846],[65.838386,38.251751],[65.838092,38.251187],[65.837992,38.250524],[65.838179,38.249978],[65.837811,38.249822],[65.837331,38.249957],[65.835916,38.251025],[65.834829,38.250821],[65.833104,38.250947],[65.83232,38.250832],[65.831751,38.250961],[65.831456,38.251227],[65.831366,38.252153],[65.832154,38.252051],[65.832809,38.252457],[65.832901,38.252768],[65.832479,38.253169],[65.832341,38.254176],[65.830932,38.255116],[65.828582,38.255735],[65.827951,38.255571],[65.78536,38.259716],[65.674831,38.27099],[65.639368,38.275474],[65.583725,38.284749],[65.563848,38.288328],[65.561826,38.289542],[65.554471,38.288678],[65.539742,38.289316],[65.537888,38.290884],[65.538228,38.293652],[65.537674,38.29489],[65.537888,38.296937],[65.541794,38.299879],[65.541832,38.300079],[65.541546,38.30027],[65.508657,38.317731],[65.490796,38.327397],[65.480818,38.333357],[65.475976,38.335752],[65.468836,38.340139],[65.464521,38.342464],[65.458421,38.345264],[65.414873,38.369343],[65.375012,38.391084],[65.3698,38.394257],[65.321434,38.420838],[65.297344,38.434349],[65.279103,38.443427],[65.171182,38.502563],[65.15574,38.520333],[65.089122,38.567644],[65.037461,38.60574],[65.031048,38.607699],[64.99571,38.611229],[64.992945,38.612155],[64.976661,38.622672],[64.963399,38.626736],[64.943434,38.63953],[64.928607,38.649671],[64.91781,38.657728],[64.911932,38.658576],[64.896062,38.670465],[64.86298,38.681417],[64.820451,38.68303],[64.797311,38.696258],[64.789168,38.703007],[64.784053,38.709292],[64.726743,38.74467],[64.716819,38.752148],[64.700683,38.756431],[64.685361,38.764326],[64.664076,38.77077],[64.615444,38.79575],[64.535567,38.839637],[64.522328,38.84996],[64.495264,38.869726],[64.410638,38.934204],[64.406825,38.937142],[64.401995,38.941252],[64.392966,38.947714],[64.330592,38.995261],[64.31113,38.991269],[64.304849,38.991968],[64.302934,38.991997],[64.242142,38.975482],[64.226621,38.971454],[64.215993,38.9685],[64.213596,38.968],[64.199253,38.964037],[64.191543,38.964273],[64.179947,38.96418],[64.178498,38.964678],[64.177661,38.965252],[64.174606,38.968049],[64.170664,38.971205],[64.167336,38.973181],[64.133019,38.988923],[64.127474,38.991614],[64.120079,38.994776],[64.104754,39.00196],[64.096968,39.006334],[64.094944,39.007269],[64.070733,39.020135],[64.064185,39.023757],[64.061924,39.024747],[64.058733,39.026858],[64.050526,39.030878],[64.043616,39.034746],[64.041346,39.035476],[64.04004,39.036103],[64.03771,39.0374],[64.035443,39.039008],[64.032336,39.040765],[64.030076,39.041825],[64.023837,39.045399],[64.021034,39.046739],[64.019125,39.047908],[64.011826,39.051635],[64.008669,39.053419],[63.995575,39.063154],[63.991375,39.064712],[63.933587,39.097361],[63.882128,39.12607],[63.844206,39.146919],[63.802344,39.17021],[63.775664,39.183833],[63.762551,39.192802],[63.726144,39.21249],[63.721294,39.215195],[63.719577,39.216361],[63.705149,39.223866],[63.704175,39.229475],[63.694214,39.272439],[63.6913,39.273668],[63.660134,39.289287],[63.565059,39.337599],[63.517584,39.363708],[63.516039,39.364403],[63.479926,39.384682],[63.464192,39.393327],[63.402285,39.42824],[63.31758,39.476567],[63.145629,39.574185],[63.134687,39.580198],[63.131443,39.581538],[62.999419,39.655342],[62.98522,39.663699],[62.794704,39.772936],[62.469859,39.958263],[62.466948,39.963453],[62.453326,39.974535],[62.441179,39.989402],[62.434913,39.999998],[62.428129,40.036162],[62.427005,40.064861],[62.411348,40.08277],[62.400604,40.092972],[62.396497,40.099281],[62.397094,40.110013],[62.41192,40.129876],[62.414356,40.151986],[62.413784,40.173507],[62.405483,40.190259],[62.402461,40.210721],[62.389744,40.244546],[62.388408,40.263351],[62.383453,40.276096],[62.384315,40.286138],[62.392032,40.30121],[62.393165,40.31078],[62.39148,40.317929],[62.385997,40.326804],[62.37508,40.339978],[62.365658,40.347839],[62.350053,40.357507],[62.334573,40.374947],[62.333248,40.383455],[62.343938,40.408958],[62.350376,40.433235],[62.34946,40.438297],[62.328622,40.445844],[62.320823,40.446933],[62.29227,40.460781],[62.271682,40.477886],[62.263669,40.484776],[62.23631,40.494113],[62.207718,40.508515],[62.189827,40.535199],[62.155862,40.550072],[62.143873,40.554535],[62.136064,40.564435],[62.135451,40.56499],[62.128144,40.574369],[62.126285,40.579002],[62.113073,40.596107],[62.110363,40.601684],[62.1073,40.612077],[62.105492,40.629291],[62.097798,40.643028],[62.091011,40.656965],[62.07819,40.676342],[62.066815,40.688813],[62.062496,40.691124],[62.051999,40.698869],[62.04546,40.712106],[62.042075,40.757743],[62.032166,40.769939],[62.026402,40.786816],[62.012902,40.803331],[62.003256,40.810095],[61.99604,40.816818],[61.989777,40.826286],[61.985688,40.836943],[61.98856,40.846061],[61.993368,40.85207],[61.986856,40.871506],[62.000119,40.892406],[61.996898,40.900283],[61.995816,40.916565],[61.995629,40.922978],[61.99273,40.931302],[61.991401,40.946902],[61.994888,40.966259],[61.996369,40.973536],[61.991565,40.980087],[61.980573,40.983608],[61.976632,40.995396],[61.977161,41.005909],[61.97088,41.019137],[61.963734,41.027358],[61.954723,41.034485],[61.946992,41.036994],[61.92408,41.048238],[61.912605,41.050647],[61.900956,41.053418],[61.8973,41.05814],[61.898093,41.061235],[61.900462,41.069025],[61.898533,41.077976],[61.889533,41.097841],[61.885668,41.107213],[61.88271,41.11007],[61.875208,41.116201],[61.854058,41.121338],[61.813232,41.1536],[61.788979,41.159297],[61.780686,41.163186],[61.756748,41.175739],[61.746232,41.184033],[61.736694,41.193902],[61.712834,41.215139],[61.70245,41.219986],[61.674968,41.222083],[61.660596,41.225891],[61.649934,41.231434],[61.641118,41.237613],[61.635147,41.253104],[61.626885,41.264988],[61.624049,41.26232],[61.609227,41.256207],[61.598927,41.256469],[61.585045,41.262168],[61.570228,41.266205],[61.568241,41.268776],[61.560001,41.268001],[61.55468,41.264001],[61.54541,41.26155],[61.530785,41.266479],[61.5159,41.272137],[61.493583,41.2823],[61.481034,41.286728],[61.459064,41.286063],[61.446444,41.289087],[61.431764,41.290895],[61.408498,41.287813],[61.408618,41.274311],[61.405437,41.263683],[61.40232,41.251311],[61.404304,41.222181],[61.403181,41.218101],[61.405843,41.21461],[61.40435,41.213883],[61.399252,41.212676],[61.395503,41.208406],[61.39653,41.206868],[61.398279,41.20491],[61.399159,41.203571],[61.399032,41.202257],[61.399543,41.201444],[61.398813,41.200753],[61.397787,41.200257],[61.397794,41.199602],[61.397207,41.198613],[61.39728,41.197857],[61.397896,41.19732],[61.397467,41.196536],[61.394423,41.195066],[61.39358,41.194945],[61.391594,41.194055],[61.390074,41.193332],[61.38897,41.192418],[61.388213,41.192189],[61.380824,41.186341],[61.330455,41.147812],[61.328986,41.148591],[61.314857,41.147967],[61.292144,41.147366],[61.240384,41.145333],[61.178481,41.170116],[61.171334,41.173243],[61.157054,41.178769],[61.128608,41.190227],[61.112619,41.203107],[61.102736,41.210535],[61.10139,41.211731],[61.090418,41.230105],[61.086202,41.225774],[61.085148,41.216911],[61.082444,41.214726],[61.080127,41.216722],[61.075461,41.226783],[61.068111,41.239918],[61.065598,41.243682],[61.065778,41.246908],[61.064768,41.248053],[61.065025,41.254265],[61.062082,41.25568],[61.061124,41.255037],[61.060585,41.254887],[61.060303,41.254367],[61.059747,41.254219],[61.056009,41.254656],[61.055102,41.255067],[61.055324,41.257434],[61.055042,41.257659],[61.054802,41.257575],[61.051617,41.245906],[61.042936,41.255673],[61.044987,41.264888],[61.04225,41.265724],[61.037552,41.261188],[61.034149,41.262058],[61.033891,41.267619],[61.033531,41.269236],[61.031709,41.265751],[61.030729,41.262659],[61.028879,41.26288],[61.028059,41.259707],[61.030247,41.25954],[61.029796,41.222658],[61.024991,41.222315],[61.001801,41.233339],[61.001664,41.233521],[61.00047,41.243215],[60.999193,41.242259],[60.998798,41.242195],[60.968565,41.245795],[60.915767,41.25005],[60.816012,41.258828],[60.766867,41.258588],[60.702092,41.256846],[60.685002,41.256661],[60.579104,41.223481],[60.553383,41.22155],[60.512035,41.216481],[60.493566,41.214481],[60.48156,41.216765],[60.47363,41.219126],[60.468026,41.221947],[60.459107,41.22721],[60.433532,41.242919],[60.426516,41.247388],[60.415712,41.255969],[60.411502,41.259948],[60.39013,41.281015],[60.362415,41.297294],[60.348729,41.303342],[60.338166,41.307386],[60.322215,41.312208],[60.301837,41.317534],[60.292556,41.319547],[60.273512,41.324037],[60.270703,41.325285],[60.261127,41.327966],[60.257113,41.328641],[60.25082,41.329288],[60.240195,41.332185],[60.230022,41.337202],[60.206268,41.349901],[60.169323,41.369337],[60.151752,41.379861],[60.130402,41.395278],[60.109749,41.406231],[60.093114,41.413194],[60.076917,41.434836],[60.075854,41.441828],[60.077486,41.448678],[60.074077,41.457487],[60.090808,41.500398],[60.103643,41.537148],[60.103908,41.542131],[60.122741,41.553705],[60.128257,41.550135],[60.140989,41.555917],[60.140703,41.562339],[60.145561,41.563986],[60.14184,41.568863],[60.145345,41.573302],[60.147067,41.573779],[60.148335,41.574623],[60.152618,41.57868],[60.154363,41.579353],[60.158887,41.580617],[60.162908,41.580975],[60.169033,41.580885],[60.169576,41.581255],[60.174386,41.579286],[60.174871,41.579943],[60.173035,41.587355],[60.172841,41.589152],[60.172424,41.58989],[60.173618,41.59019],[60.172801,41.59241],[60.173126,41.59385],[60.172962,41.593875],[60.174572,41.601537],[60.174451,41.603895],[60.173367,41.603994],[60.170982,41.605158],[60.175467,41.608154],[60.174537,41.612106],[60.174419,41.613649],[60.177987,41.616902],[60.174647,41.619797],[60.173746,41.621825],[60.172268,41.623001],[60.170878,41.62555],[60.170853,41.62592],[60.168028,41.630225],[60.157819,41.64446],[60.154692,41.649192],[60.148404,41.65553],[60.145575,41.659522],[60.144942,41.660142],[60.141286,41.661904],[60.136755,41.664793],[60.135016,41.665535],[60.12951,41.669528],[60.125881,41.671517],[60.124961,41.672448],[60.113279,41.68072],[60.10579,41.685816],[60.095943,41.693003],[60.087672,41.698487],[60.085237,41.69945],[60.084749,41.699827],[60.081575,41.704701],[60.079468,41.70717],[60.073375,41.714997],[60.070615,41.71902],[60.069049,41.720674],[60.067521,41.723257],[60.06542,41.725766],[60.062089,41.730328],[60.059257,41.733528],[60.05525,41.739412],[60.049269,41.746133],[60.0493,41.746366],[60.049978,41.746976],[60.045636,41.751931],[60.045664,41.752126],[60.045384,41.752422],[60.045842,41.753184],[60.045159,41.753451],[60.045906,41.754876],[60.046122,41.754834],[60.047022,41.756833],[60.048587,41.758668],[60.051747,41.760091],[60.054208,41.761587],[60.056538,41.762221],[60.059233,41.76401],[60.059403,41.764324],[60.058972,41.764993],[60.05838,41.765342],[60.057704,41.76602],[60.060989,41.768626],[60.065393,41.767146],[60.070908,41.765821],[60.071723,41.766806],[60.072882,41.76765],[60.073826,41.768662],[60.07641,41.772393],[60.078898,41.771857],[60.08077,41.771255],[60.082372,41.771241],[60.083247,41.771827],[60.083629,41.771709],[60.083828,41.77195],[60.083638,41.772098],[60.08409,41.772675],[60.08295,41.77328],[60.079999,41.775429],[60.078879,41.776758],[60.078438,41.777689],[60.077931,41.784621],[60.078133,41.786485],[60.078385,41.786851],[60.078601,41.789342],[60.07867,41.789626],[60.079453,41.790537],[60.079389,41.79098],[60.081413,41.792894],[60.08,41.793812],[60.079788,41.795361],[60.080419,41.796289],[60.079122,41.796997],[60.078982,41.7975],[60.079621,41.799007],[60.080456,41.799906],[60.080973,41.799917],[60.082582,41.800982],[60.083204,41.802975],[60.083508,41.8033],[60.084251,41.80683],[60.0846,41.807798],[60.084744,41.809267],[60.085334,41.810701],[60.087804,41.8119],[60.088505,41.811258],[60.088473,41.810845],[60.088657,41.810731],[60.089982,41.810635],[60.092595,41.810826],[60.092636,41.81025],[60.093102,41.809753],[60.093728,41.809527],[60.095267,41.809451],[60.096741,41.80908],[60.101135,41.806863],[60.10121,41.80666],[60.10093,41.806068],[60.099569,41.804082],[60.102155,41.802232],[60.10484,41.801399],[60.113112,41.79949],[60.115358,41.799427],[60.117831,41.799705],[60.119241,41.798519],[60.120244,41.797342],[60.122629,41.796277],[60.1249,41.796267],[60.128445,41.797322],[60.128473,41.797641],[60.126317,41.801506],[60.126399,41.801721],[60.127938,41.801986],[60.129588,41.801694],[60.130502,41.801857],[60.131003,41.802108],[60.132385,41.802161],[60.132921,41.803335],[60.13557,41.803308],[60.138574,41.804],[60.139675,41.803909],[60.139823,41.803949],[60.139941,41.805049],[60.14228,41.805387],[60.142946,41.804633],[60.142458,41.803791],[60.142358,41.802987],[60.141885,41.802533],[60.141874,41.802301],[60.142897,41.801651],[60.143869,41.800581],[60.144478,41.800194],[60.152098,41.799824],[60.152869,41.799658],[60.154288,41.799784],[60.154873,41.799562],[60.156581,41.800071],[60.158443,41.800362],[60.159697,41.800186],[60.161117,41.799142],[60.161565,41.79897],[60.163526,41.79893],[60.163968,41.798772],[60.164148,41.798957],[60.165465,41.799188],[60.166488,41.798454],[60.168575,41.797405],[60.170165,41.795982],[60.1705,41.795921],[60.171615,41.792164],[60.170961,41.791534],[60.172017,41.790869],[60.173145,41.789867],[60.176152,41.788423],[60.181324,41.78692],[60.182729,41.788189],[60.183978,41.789669],[60.186108,41.791538],[60.187443,41.793244],[60.187813,41.793408],[60.188002,41.793852],[60.189849,41.796279],[60.191272,41.796042],[60.192001,41.795634],[60.199709,41.788685],[60.200171,41.787986],[60.201466,41.78727],[60.201316,41.786556],[60.201849,41.785514],[60.202567,41.783462],[60.203921,41.781472],[60.203903,41.780946],[60.203606,41.780591],[60.210271,41.777728],[60.213909,41.776948],[60.215402,41.776429],[60.217235,41.776171],[60.217918,41.775461],[60.219116,41.774702],[60.220659,41.77443],[60.221919,41.772598],[60.223575,41.770846],[60.224656,41.769281],[60.224365,41.768802],[60.22847,41.765947],[60.226802,41.764776],[60.227198,41.764101],[60.231912,41.757519],[60.232973,41.756482],[60.237228,41.75111],[60.238315,41.750539],[60.239029,41.750662],[60.239686,41.750495],[60.240012,41.750837],[60.24078,41.751015],[60.241893,41.751978],[60.242572,41.754213],[60.24295,41.754603],[60.245079,41.754029],[60.250388,41.75558],[60.249136,41.759378],[60.249202,41.760264],[60.249975,41.760713],[60.260056,41.760556],[60.263123,41.760194],[60.266864,41.757336],[60.270458,41.75585],[60.272604,41.754603],[60.273228,41.753825],[60.273379,41.753357],[60.27349,41.751245],[60.27378,41.750592],[60.276725,41.749118],[60.277238,41.749194],[60.279411,41.745285],[60.28231,41.740974],[60.283008,41.735576],[60.283407,41.733775],[60.287826,41.733319],[60.292491,41.733655],[60.292594,41.733896],[60.292281,41.734676],[60.29217,41.735861],[60.293226,41.735336],[60.299121,41.736784],[60.299301,41.73702],[60.299213,41.74302],[60.299897,41.743913],[60.300645,41.744392],[60.300919,41.74478],[60.298402,41.745593],[60.294719,41.746359],[60.294001,41.746706],[60.292245,41.748137],[60.290923,41.748776],[60.292111,41.752822],[60.294675,41.754792],[60.298883,41.753784],[60.301148,41.754001],[60.306621,41.75265],[60.309997,41.753339],[60.311211,41.754163],[60.312472,41.753726],[60.314287,41.753555],[60.318593,41.750877],[60.319892,41.752741],[60.320082,41.752756],[60.321326,41.753843],[60.322765,41.755997],[60.326125,41.760015],[60.326523,41.75974],[60.327238,41.760532],[60.332155,41.767768],[60.331131,41.768398],[60.330317,41.768115],[60.327944,41.767864],[60.325936,41.768367],[60.325162,41.768376],[60.324841,41.768789],[60.32289,41.769881],[60.322076,41.770618],[60.321393,41.770992],[60.319077,41.773342],[60.318255,41.773409],[60.316552,41.772834],[60.315737,41.772231],[60.314945,41.772166],[60.313899,41.771732],[60.310518,41.776707],[60.310259,41.778911],[60.309679,41.780274],[60.309111,41.78025],[60.303633,41.783018],[60.302864,41.783787],[60.301933,41.78435],[60.301308,41.785224],[60.299558,41.785257],[60.298329,41.785705],[60.297433,41.787456],[60.296843,41.788192],[60.295986,41.788822],[60.295206,41.788964],[60.293299,41.787508],[60.292906,41.787523],[60.291354,41.788201],[60.288822,41.789884],[60.288235,41.789896],[60.287506,41.789343],[60.283817,41.791419],[60.283431,41.793117],[60.283992,41.793892],[60.287535,41.795489],[60.288184,41.795652],[60.288677,41.79599],[60.28861,41.796145],[60.282786,41.799524],[60.276078,41.80407],[60.264053,41.81439],[60.258348,41.819063],[60.257655,41.819467],[60.257535,41.820183],[60.256117,41.822769],[60.25393,41.82313],[60.250306,41.823091],[60.245168,41.823911],[60.242547,41.823841],[60.232134,41.82474],[60.228545,41.824741],[60.226275,41.825061],[60.222315,41.825242],[60.210389,41.826668],[60.207059,41.826252],[60.203551,41.827355],[60.201723,41.827467],[60.199077,41.82828],[60.193471,41.83088],[60.185592,41.833221],[60.184179,41.83451],[60.176866,41.840023],[60.175598,41.841417],[60.175086,41.842443],[60.175499,41.843724],[60.175524,41.844321],[60.175265,41.844863],[60.173803,41.845484],[60.170945,41.847083],[60.169178,41.849018],[60.165103,41.850944],[60.163853,41.851892],[60.162465,41.853248],[60.161847,41.85415],[60.160239,41.857722],[60.159336,41.859325],[60.158749,41.861066],[60.157996,41.862384],[60.156433,41.863601],[60.155418,41.864102],[60.151133,41.865442],[60.150197,41.866094],[60.148407,41.866976],[60.146024,41.868881],[60.145422,41.869751],[60.143246,41.871958],[60.142058,41.872917],[60.140472,41.874016],[60.135507,41.876658],[60.13482,41.877821],[60.133171,41.879368],[60.132527,41.880581],[60.132529,41.880903],[60.132938,41.881667],[60.133027,41.882746],[60.133678,41.885158],[60.13363,41.886184],[60.132976,41.889145],[60.132831,41.890843],[60.13314,41.893825],[60.132986,41.895081],[60.132511,41.895979],[60.131185,41.897673],[60.128379,41.899006],[60.125685,41.899835],[60.125183,41.901095],[60.12457,41.901458],[60.123183,41.901871],[60.120042,41.902036],[60.118767,41.902485],[60.117566,41.903357],[60.116969,41.904501],[60.115825,41.905564],[60.114312,41.906264],[60.112448,41.906523],[60.109466,41.906314],[60.108032,41.906591],[60.10767,41.906877],[60.107383,41.908117],[60.106709,41.908635],[60.1051,41.909154],[60.103558,41.909345],[60.102551,41.909293],[60.101134,41.909563],[60.100655,41.909863],[60.100031,41.910962],[60.099235,41.911567],[60.098031,41.91183],[60.096771,41.911885],[60.093196,41.911373],[60.091972,41.905537],[60.089489,41.904599],[60.078696,41.906982],[60.075117,41.907506],[60.073807,41.907572],[60.070214,41.907292],[60.067794,41.907341],[60.065703,41.907841],[60.057713,41.90884],[60.053152,41.910403],[60.050343,41.911958],[60.049241,41.912284],[60.047731,41.913117],[60.045158,41.913878],[60.040977,41.91599],[60.039565,41.917188],[60.035817,41.91985],[60.032776,41.921525],[60.031229,41.923304],[60.030028,41.924302],[60.029783,41.924797],[60.028998,41.925586],[60.027522,41.927598],[60.025583,41.93222],[60.025403,41.934169],[60.025516,41.935646],[60.026465,41.937619],[60.027814,41.939307],[60.029173,41.941558],[60.029683,41.945935],[60.029786,41.948475],[60.028473,41.950496],[60.028185,41.951675],[60.027396,41.952313],[60.027146,41.952983],[60.02646,41.953314],[60.026123,41.953897],[60.02647,41.954943],[60.026369,41.956964],[60.026595,41.958442],[60.027038,41.958842],[60.026258,41.959681],[60.024707,41.960813],[60.023502,41.961431],[60.021561,41.962023],[60.019314,41.962411],[60.017332,41.96305],[60.015939,41.963261],[60.013858,41.963229],[60.013143,41.963062],[60.012188,41.96267],[60.009936,41.961361],[60.008504,41.96082],[60.006835,41.960446],[59.997135,41.957325],[59.994297,41.956816],[59.991362,41.955659],[59.990775,41.955185],[59.988889,41.951906],[59.988448,41.95147],[59.987857,41.95128],[59.986219,41.951232],[59.982939,41.948323],[59.983504,41.947906],[59.983368,41.947549],[59.980449,41.945934],[59.978568,41.945223],[59.975952,41.944781],[59.974592,41.944183],[59.973613,41.943323],[59.973384,41.94255],[59.97321,41.942415],[59.970459,41.942079],[59.969378,41.942672],[59.967302,41.942857],[59.966733,41.943045],[59.966319,41.943312],[59.966275,41.943963],[59.964545,41.94506],[59.963411,41.946512],[59.961441,41.948339],[59.961126,41.95014],[59.958445,41.957222],[59.956913,41.959555],[59.956246,41.960303],[59.956286,41.96092],[59.955719,41.962022],[59.954936,41.962671],[59.951879,41.966702],[59.952363,41.967567],[59.951127,41.967483],[59.949668,41.967654],[59.944326,41.970516],[59.942835,41.971165],[59.941482,41.974569],[59.941035,41.974898],[59.940113,41.976775],[59.938905,41.978228],[59.936992,41.98162],[59.936623,41.981934],[59.934085,41.983062],[59.932343,41.985578],[59.932025,41.987046],[59.927124,41.990629],[59.924438,41.992323],[59.923837,41.992998],[59.923386,41.993668],[59.926327,41.996957],[59.929944,42.001857],[59.92754,42.004249],[59.92975,42.006755],[59.93409,42.006727],[59.938267,42.005766],[59.939445,42.005705],[59.944366,42.007185],[59.947211,42.010146],[59.948845,42.010711],[59.951142,42.010562],[59.955204,42.010013],[59.966851,42.008913],[59.969544,42.008244],[59.970234,42.008268],[59.970427,42.008113],[59.971628,42.005574],[59.973376,42.004266],[59.973217,42.003435],[59.97338,42.003023],[59.974213,42.002556],[59.976788,42.002186],[59.979743,42.001343],[59.98411,41.999167],[59.985788,41.998032],[59.986301,41.997861],[59.987501,41.997819],[59.988189,41.998102],[59.988734,41.997494],[59.993972,41.994431],[59.995391,41.992402],[59.996034,41.9926],[59.998793,41.989216],[59.998789,41.987824],[60.000413,41.987019],[60.001221,41.987551],[60.002747,41.986882],[60.004266,41.985636],[60.005212,41.985342],[60.005957,41.986121],[60.007365,41.985313],[60.010234,41.98764],[60.014433,41.985913],[60.018318,41.985122],[60.023503,41.982915],[60.025379,41.992391],[60.025431,41.993443],[60.025934,41.994666],[60.027255,41.99554],[60.028479,41.995909],[60.032229,41.996242],[60.033124,41.999815],[60.033012,42.003356],[60.03274,42.005297],[60.032849,42.006144],[60.033872,42.007228],[60.035843,42.011038],[60.03669,42.011786],[60.038599,42.014538],[60.039082,42.014796],[60.040619,42.01482],[60.042415,42.016076],[60.043182,42.018786],[60.043738,42.019594],[60.043741,42.025274],[60.043432,42.029551],[60.042333,42.035335],[60.04178,42.03622],[60.040896,42.037166],[60.043816,42.044464],[60.044154,42.045195],[60.044804,42.045861],[60.044591,42.047548],[60.044726,42.048181],[60.045715,42.049867],[60.046725,42.052055],[60.049503,42.05928],[60.049825,42.060445],[60.050077,42.063465],[60.049361,42.068183],[60.048497,42.070452],[60.046945,42.073695],[60.047665,42.074945],[60.04801,42.075902],[60.048559,42.078617],[60.048661,42.07996],[60.049359,42.080465],[60.050157,42.083008],[60.052348,42.086254],[60.056868,42.089346],[60.055129,42.090769],[60.054416,42.091615],[60.053666,42.093537],[60.052031,42.094054],[60.051203,42.094615],[60.051562,42.096017],[60.050169,42.097477],[60.04483,42.099857],[60.042559,42.099752],[60.042028,42.099911],[60.039344,42.102788],[60.034679,42.105424],[60.034486,42.105768],[60.034145,42.107736],[60.034755,42.1083],[60.036543,42.109156],[60.037072,42.110402],[60.037106,42.111177],[60.035326,42.113048],[60.034459,42.114244],[60.03124,42.114803],[60.030269,42.115324],[60.029913,42.115876],[60.029878,42.116231],[60.030274,42.11703],[60.028706,42.118674],[60.028439,42.120336],[60.026984,42.121482],[60.026407,42.122325],[60.0236,42.122681],[60.0233,42.122965],[60.023276,42.123884],[60.02204,42.124245],[60.018701,42.121509],[60.018337,42.121354],[60.010506,42.127421],[60.00939,42.12624],[60.008499,42.126214],[60.006099,42.125301],[60.005469,42.124437],[60.004982,42.123196],[60.003709,42.122565],[60.002751,42.122332],[59.996862,42.123462],[59.995003,42.123968],[59.993874,42.124013],[59.981485,42.129762],[59.979852,42.131687],[59.978161,42.132287],[59.97717,42.133119],[59.97596,42.133079],[59.974211,42.133339],[59.972587,42.133017],[59.971374,42.133397],[59.970938,42.133674],[59.970586,42.134178],[59.97004,42.135877],[59.966686,42.137854],[59.966033,42.138943],[59.965364,42.140691],[59.964042,42.141261],[59.961545,42.14169],[59.961182,42.142111],[59.9616,42.142598],[59.961733,42.143099],[59.961661,42.143444],[59.961229,42.14358],[59.960956,42.14393],[59.961006,42.144585],[59.961976,42.14657],[59.964609,42.147872],[59.968291,42.149332],[59.968773,42.149137],[59.969574,42.149136],[59.971418,42.149854],[59.972671,42.150846],[59.97558,42.150556],[59.980333,42.157023],[59.980022,42.157512],[59.980315,42.158067],[59.980756,42.158175],[59.981778,42.159102],[59.982592,42.160514],[59.983612,42.160523],[59.984457,42.161363],[59.985974,42.164731],[59.984146,42.165194],[59.983359,42.165864],[59.981938,42.170694],[59.982081,42.170877],[60.000946,42.163361],[60.009742,42.160148],[60.017742,42.157549],[60.018756,42.15819],[60.020187,42.157343],[60.021012,42.157297],[60.024749,42.15975],[60.027174,42.159309],[60.028835,42.158481],[60.030258,42.156719],[60.031221,42.156653],[60.03221,42.16004],[60.032205,42.161677],[60.032556,42.163711],[60.033647,42.164758],[60.033946,42.165612],[60.034891,42.166329],[60.037611,42.16745],[60.039384,42.167302],[60.047271,42.168202],[60.048571,42.168685],[60.049309,42.168143],[60.052356,42.170284],[60.051343,42.170936],[60.050818,42.171358],[60.050726,42.171665],[60.050274,42.171946],[60.049134,42.172158],[60.047483,42.172738],[60.047626,42.173522],[60.047422,42.174329],[60.047588,42.174952],[60.049943,42.178012],[60.049704,42.178345],[60.049051,42.178605],[60.047328,42.178963],[60.046631,42.179819],[60.048086,42.183292],[60.044538,42.183973],[60.038682,42.183992],[60.036543,42.181835],[60.034822,42.18245],[60.034017,42.182966],[60.031758,42.183246],[60.030296,42.183099],[60.028912,42.183206],[60.026645,42.183596],[60.026347,42.184488],[60.026581,42.187304],[60.027179,42.187645],[60.02814,42.188837],[60.027505,42.189763],[60.026394,42.189777],[60.02552,42.190205],[60.02499,42.190685],[60.024901,42.190963],[60.023636,42.19908],[60.024533,42.201264],[60.023801,42.201316],[60.019142,42.203858],[60.019335,42.206285],[60.019073,42.215992],[60.01934,42.216271],[60.018537,42.216615],[60.018581,42.216804],[60.017744,42.218023],[60.018001,42.218446],[60.017964,42.218922],[60.016385,42.221352],[60.016445,42.221565],[60.014917,42.222331],[60.00883,42.22433],[60.008302,42.223684],[59.99599,42.224152],[59.992001,42.224018],[59.991706,42.224172],[59.992739,42.226392],[59.99227,42.228032],[59.993352,42.229844],[59.993691,42.231037],[59.994174,42.231984],[59.995235,42.232926],[59.997115,42.235765],[59.997694,42.236307],[59.998138,42.236447],[59.998473,42.239883],[59.997261,42.241155],[59.995034,42.242417],[59.988932,42.245092],[59.978274,42.245562],[59.976145,42.246947],[59.971071,42.246876],[59.970878,42.246849],[59.970373,42.246016],[59.970103,42.245876],[59.968576,42.245561],[59.967431,42.245825],[59.967242,42.245734],[59.963126,42.238523],[59.962256,42.238429],[59.960028,42.239567],[59.959336,42.239323],[59.957281,42.241087],[59.95678,42.241696],[59.957058,42.242314],[59.959246,42.243764],[59.958157,42.244721],[59.956451,42.24572],[59.955986,42.246266],[59.95609,42.247052],[59.955873,42.248271],[59.956111,42.24947],[59.955945,42.249733],[59.952545,42.252578],[59.947549,42.254838],[59.945685,42.256827],[59.946412,42.258574],[59.947706,42.259245],[59.950248,42.258997],[59.953207,42.259012],[59.9567,42.258744],[59.958368,42.259902],[59.958857,42.260545],[59.958395,42.2607],[59.957139,42.260579],[59.954468,42.261643],[59.954381,42.262131],[59.954886,42.263128],[59.954884,42.263596],[59.953658,42.264419],[59.950687,42.265571],[59.950416,42.266071],[59.949059,42.267057],[59.947133,42.267507],[59.945418,42.268151],[59.944809,42.268542],[59.940078,42.268035],[59.939493,42.268172],[59.939386,42.268446],[59.939891,42.270353],[59.942034,42.272735],[59.942024,42.2729],[59.940841,42.27371],[59.93917,42.273696],[59.937064,42.274575],[59.935562,42.276003],[59.929117,42.2756],[59.928848,42.276536],[59.928553,42.277002],[59.92695,42.278419],[59.925137,42.27955],[59.923598,42.280862],[59.920939,42.282116],[59.918752,42.281766],[59.917549,42.281771],[59.915666,42.281928],[59.914885,42.282309],[59.913168,42.279185],[59.907541,42.280251],[59.906514,42.280699],[59.906457,42.280899],[59.906899,42.281615],[59.90614,42.282603],[59.90607,42.284152],[59.906324,42.285104],[59.907468,42.294008],[59.909226,42.294149],[59.909977,42.294046],[59.910207,42.294265],[59.910918,42.297195],[59.911909,42.299229],[59.913624,42.301042],[59.913979,42.301971],[59.91379,42.302483],[59.914304,42.304223],[59.914473,42.30646],[59.914755,42.307222],[59.915355,42.308133],[59.914869,42.308906],[59.912886,42.31123],[59.909681,42.312985],[59.905001,42.313554],[59.900439,42.31294],[59.897586,42.311955],[59.885235,42.310949],[59.88269,42.311428],[59.87711,42.313703],[59.874754,42.314293],[59.864906,42.31509],[59.86192,42.315006],[59.858113,42.314563],[59.852066,42.313325],[59.848722,42.312189],[59.841827,42.308049],[59.840585,42.306698],[59.83942,42.305925],[59.837118,42.303771],[59.834537,42.30057],[59.834492,42.299989],[59.834833,42.299159],[59.834194,42.2978],[59.823513,42.288468],[59.823235,42.288038],[59.823382,42.287485],[59.82288,42.285869],[59.819249,42.283502],[59.818232,42.282694],[59.817975,42.281891],[59.814049,42.279008],[59.808147,42.276421],[59.802535,42.275373],[59.800654,42.275289],[59.798926,42.275488],[59.797339,42.274976],[59.794535,42.274405],[59.793349,42.273945],[59.79225,42.273965],[59.790982,42.274256],[59.790839,42.27477],[59.790325,42.274996],[59.7899,42.275404],[59.787824,42.276368],[59.787111,42.27657],[59.784213,42.276875],[59.778114,42.278483],[59.774376,42.280469],[59.769679,42.282699],[59.766475,42.28401],[59.761628,42.285542],[59.749938,42.291164],[59.745938,42.293736],[59.743006,42.295115],[59.740258,42.297509],[59.739329,42.297918],[59.737007,42.297958],[59.71838,42.302051],[59.717357,42.302037],[59.711415,42.301261],[59.698026,42.3005],[59.692479,42.29905],[59.689464,42.297995],[59.685208,42.297199],[59.683488,42.296289],[59.682133,42.296153],[59.679432,42.296439],[59.676225,42.296288],[59.673641,42.295899],[59.666042,42.292381],[59.658839,42.29111],[59.646511,42.290221],[59.639741,42.290881],[59.630091,42.293505],[59.625709,42.294486],[59.62277,42.295601],[59.618112,42.29695],[59.612719,42.298903],[59.610731,42.29918],[59.609434,42.299166],[59.608129,42.298626],[59.607023,42.297489],[59.606582,42.296471],[59.604517,42.294402],[59.602154,42.292342],[59.595576,42.28959],[59.573114,42.284015],[59.572131,42.285109],[59.570002,42.286174],[59.571149,42.287348],[59.570808,42.28822],[59.568175,42.287947],[59.567543,42.287669],[59.56703,42.287937],[59.564989,42.288074],[59.562793,42.288503],[59.561515,42.287766],[59.552079,42.296648],[59.548485,42.295132],[59.547222,42.294951],[59.540977,42.29544],[59.53639,42.292737],[59.531016,42.291347],[59.529074,42.291905],[59.525061,42.290508],[59.518397,42.29003],[59.505545,42.290375],[59.488798,42.289939],[59.487395,42.289663],[59.483585,42.290078],[59.479904,42.290108],[59.476133,42.29101],[59.47419,42.291817],[59.469592,42.293109],[59.467533,42.292604],[59.46324,42.290129],[59.447582,42.290125],[59.437418,42.2918],[59.435391,42.292596],[59.434597,42.293009],[59.434001,42.294721],[59.433091,42.296588],[59.43239,42.298679],[59.431459,42.300669],[59.424819,42.304506],[59.420637,42.306538],[59.42047,42.306778],[59.420628,42.309121],[59.419526,42.311633],[59.419522,42.314155],[59.419352,42.315167],[59.419509,42.315888],[59.418938,42.321155],[59.418373,42.325233],[59.41822,42.325545],[59.414128,42.326816],[59.411418,42.327315],[59.408134,42.328333],[59.40004,42.330351],[59.396177,42.331592],[59.388633,42.333284],[59.385549,42.334136],[59.38173,42.335539],[59.364412,42.34312],[59.355756,42.346613],[59.348207,42.349294],[59.344611,42.350349],[59.340124,42.352448],[59.336045,42.353971],[59.327709,42.355175],[59.320636,42.357385],[59.312247,42.358709],[59.304962,42.361321],[59.301345,42.367041],[59.301142,42.370951],[59.298908,42.3728],[59.292635,42.376625],[59.289566,42.378814],[59.28069,42.384658],[59.279126,42.385848],[59.278372,42.386725],[59.276113,42.388703],[59.275625,42.388783],[59.275166,42.38925],[59.272657,42.396768],[59.269718,42.401201],[59.269484,42.402085],[59.267688,42.403654],[59.265775,42.404376],[59.264237,42.406859],[59.258631,42.414488],[59.258827,42.414971],[59.267739,42.420213],[59.269035,42.422839],[59.269944,42.424203],[59.270724,42.426845],[59.270305,42.429291],[59.26913,42.430564],[59.268727,42.43139],[59.26684,42.432903],[59.265598,42.433631],[59.262737,42.436169],[59.258165,42.439388],[59.257961,42.439599],[59.257939,42.439922],[59.254196,42.443595],[59.251224,42.447392],[59.249809,42.449795],[59.24486,42.453055],[59.24283,42.454726],[59.241656,42.455947],[59.239773,42.459051],[59.238496,42.460686],[59.238553,42.461086],[59.237974,42.462089],[59.237963,42.462827],[59.238305,42.463952],[59.238536,42.465806],[59.238284,42.467754],[59.230742,42.469621],[59.230175,42.469908],[59.223901,42.471508],[59.223529,42.471717],[59.223443,42.471975],[59.224033,42.474645],[59.223745,42.475158],[59.217153,42.482626],[59.200608,42.500828],[59.195918,42.50619],[59.195009,42.507484],[59.191573,42.510963],[59.188136,42.515142],[59.185357,42.517941],[59.185012,42.518645],[59.182823,42.520918],[59.17211,42.530845],[59.171336,42.531092],[59.15988,42.529597],[59.135587,42.526802],[59.129695,42.525727],[59.122763,42.525121],[59.106596,42.523059],[59.074638,42.51998],[59.071813,42.519345],[59.066383,42.51936],[59.062207,42.519785],[59.055193,42.519967],[59.049598,42.521164],[59.045505,42.521725],[59.01638,42.523542],[59.012467,42.524054],[59.006696,42.526345],[58.999315,42.532004],[58.997304,42.533064],[58.976404,42.547335],[58.96856,42.553139],[58.918776,42.587546],[58.908529,42.594447],[58.882977,42.612386],[58.812267,42.661512],[58.807866,42.66443],[58.764979,42.696478],[58.725762,42.725411],[58.714495,42.732824],[58.702329,42.742827],[58.664806,42.770369],[58.62544,42.799669],[58.623843,42.797606],[58.622885,42.795671],[58.622713,42.793818],[58.623903,42.788391],[58.626901,42.7823],[58.627754,42.779946],[58.627817,42.778293],[58.627117,42.777517],[58.625899,42.776998],[58.624397,42.7769],[58.623667,42.776499],[58.62233,42.774839],[58.621506,42.773353],[58.620674,42.770241],[58.62036,42.768091],[58.620417,42.766322],[58.621569,42.763091],[58.622392,42.761581],[58.625333,42.758198],[58.627081,42.755419],[58.627143,42.754739],[58.626423,42.753622],[58.625456,42.753546],[58.624346,42.753833],[58.623214,42.754392],[58.619615,42.757941],[58.618442,42.758772],[58.616735,42.759225],[58.615521,42.75921],[58.61404,42.758711],[58.613053,42.758047],[58.612559,42.756567],[58.612765,42.7548],[58.613506,42.752972],[58.615316,42.750132],[58.617167,42.74835],[58.619923,42.746538],[58.623708,42.744755],[58.627287,42.741975],[58.631319,42.739619],[58.63424,42.738592],[58.63878,42.736235],[58.643084,42.733561],[58.644816,42.731312],[58.646064,42.725856],[58.645805,42.723301],[58.643907,42.720158],[58.642426,42.718858],[58.639711,42.717559],[58.635195,42.716112],[58.630455,42.715352],[58.628974,42.715382],[58.627123,42.715715],[58.621995,42.717416],[58.617023,42.720777],[58.613197,42.723089],[58.61079,42.724026],[58.601593,42.722829],[58.597794,42.721911],[58.595499,42.719944],[58.594632,42.717078],[58.594989,42.714774],[58.596162,42.712029],[58.597565,42.710568],[58.599171,42.709266],[58.601313,42.708385],[58.604424,42.706549],[58.604934,42.705499],[58.604449,42.703138],[58.604679,42.702089],[58.607178,42.699765],[58.6083,42.698135],[58.608401,42.696317],[58.604016,42.685747],[58.602741,42.681436],[58.603149,42.679261],[58.604985,42.677349],[58.606617,42.676262],[58.606413,42.67465],[58.606005,42.673862],[58.604373,42.672475],[58.604985,42.670863],[58.60422,42.666888],[58.601721,42.663625],[58.595346,42.653237],[58.59453,42.652787],[58.593,42.653649],[58.591878,42.653087],[58.591815,42.650208],[58.590374,42.648989],[58.58581,42.648286],[58.573379,42.648726],[58.570753,42.649345],[58.569746,42.650086],[58.567502,42.650836],[58.551948,42.652524],[58.541085,42.652937],[58.538433,42.652899],[58.513037,42.649599],[58.496615,42.64686],[58.489833,42.645172],[58.486212,42.643072],[58.484172,42.642922],[58.480041,42.644872],[58.475962,42.647123],[58.47331,42.646898],[58.471729,42.645622],[58.469281,42.645322],[58.464028,42.647123],[58.459897,42.647273],[58.454747,42.648736],[58.445516,42.652562],[58.43088,42.65455],[58.419712,42.6541],[58.413796,42.656725],[58.401353,42.664525],[58.399211,42.66685],[58.381872,42.671725],[58.362187,42.677499],[58.331588,42.685147],[58.317666,42.686497],[58.308436,42.686159],[58.30252,42.686609],[58.293034,42.687734],[58.274318,42.687996],[58.265751,42.686084],[58.259223,42.683497],[58.256928,42.681511],[58.254327,42.678286],[58.251931,42.676974],[58.24627,42.676299],[58.238773,42.670413],[58.229849,42.6679],[58.227299,42.666438],[58.222913,42.664488],[58.206288,42.657475],[58.198689,42.652787],[58.193386,42.646898],[58.186246,42.643784],[58.180891,42.639208],[58.17314,42.636319],[58.169417,42.635569],[58.164419,42.636657],[58.162787,42.636244],[58.161155,42.635006],[58.161155,42.633543],[58.161512,42.631929],[58.161257,42.631216],[58.159677,42.631366],[58.15779,42.632717],[58.155597,42.63373],[58.153557,42.63373],[58.151721,42.632079],[58.150446,42.630091],[58.151109,42.623524],[58.152792,42.619209],[58.155291,42.611328],[58.154679,42.610877],[58.152843,42.611553],[58.151262,42.611778],[58.15065,42.61084],[58.151568,42.609751],[58.156464,42.605247],[58.166459,42.599091],[58.18339,42.592183],[58.198281,42.587828],[58.212153,42.58137],[58.229492,42.57431],[58.236427,42.572508],[58.246627,42.568902],[58.26009,42.561991],[58.276409,42.559287],[58.299256,42.559287],[58.317615,42.535241],[58.32251,42.514194],[58.349845,42.470574],[58.40686,42.403354],[58.409308,42.397931],[58.40839,42.393939],[58.40788,42.389118],[58.409525,42.374229],[58.410009,42.373042],[58.411501,42.371102],[58.415288,42.369321],[58.41757,42.369152],[58.420731,42.370433],[58.427055,42.373748],[58.432053,42.37292],[58.440518,42.363877],[58.463875,42.350461],[58.484172,42.339907],[58.48917,42.33561],[58.495086,42.334026],[58.498757,42.332142],[58.501919,42.331991],[58.506509,42.330558],[58.513547,42.325129],[58.516606,42.319096],[58.515076,42.311403],[58.512323,42.307858],[58.510589,42.303785],[58.510181,42.295864],[58.512731,42.289375],[58.513954,42.286961],[58.513954,42.284773],[58.511813,42.281528],[58.507937,42.280396],[58.501817,42.282207],[58.498553,42.282056],[58.488864,42.286433],[58.470403,42.29262],[58.463671,42.294204],[58.445006,42.296166],[58.437357,42.295034],[58.426027,42.294006],[58.416351,42.292478],[58.406113,42.28904],[58.395614,42.286966],[58.395053,42.287216],[58.397224,42.295775],[58.398191,42.31442],[58.401251,42.327467],[58.400231,42.34036],[58.396355,42.357094],[58.389929,42.376386],[58.380648,42.399965],[58.368204,42.416081],[58.353007,42.42873],[58.337912,42.43972],[58.324449,42.448602],[58.30558,42.455826],[58.278755,42.458836],[58.25703,42.463577],[58.231532,42.467865],[58.209603,42.472454],[58.196548,42.470423],[58.182472,42.463953],[58.161461,42.456428],[58.143612,42.452289],[58.134025,42.444688],[58.132597,42.444537],[58.135453,42.4632],[58.136575,42.482986],[58.135861,42.490432],[58.137493,42.490883],[58.141776,42.488025],[58.14402,42.487499],[58.145958,42.488251],[58.144836,42.491259],[58.138819,42.49517],[58.122296,42.503367],[58.122092,42.502465],[58.123417,42.500735],[58.123315,42.499382],[58.121684,42.499382],[58.120358,42.498404],[58.122092,42.494644],[58.122092,42.491636],[58.120766,42.491636],[58.1174,42.493516],[58.10669,42.498554],[58.096491,42.50254],[58.077214,42.504946],[58.074562,42.506826],[58.070074,42.50863],[58.064669,42.508104],[58.063037,42.50848],[58.062425,42.510811],[58.064159,42.516675],[58.062221,42.519381],[58.062629,42.527875],[58.064975,42.53246],[58.069462,42.536143],[58.069054,42.537571],[58.067014,42.539224],[58.064669,42.537872],[58.063241,42.53727],[58.060385,42.537947],[58.057529,42.541253],[58.054061,42.544184],[58.052429,42.543357],[58.051511,42.541103],[58.052939,42.537421],[58.053653,42.529905],[58.054877,42.527575],[58.053041,42.526222],[58.049981,42.529153],[58.049165,42.528402],[58.048961,42.526071],[58.04682,42.527424],[58.04529,42.525921],[58.047024,42.521787],[58.048043,42.518103],[58.046106,42.516149],[58.043658,42.516675],[58.040802,42.516374],[58.038125,42.514044],[58.038074,42.512841],[58.039094,42.511393],[58.039655,42.509608],[58.039272,42.508423],[58.038686,42.507427],[58.035855,42.506882],[58.035167,42.506412],[58.034504,42.504814],[58.033203,42.502577],[58.03022,42.500077],[58.028818,42.499231],[58.024024,42.497558],[58.018695,42.495076],[58.01464,42.494437],[58.012167,42.494888],[58.011632,42.495546],[58.011657,42.496975],[58.012167,42.500359],[58.011887,42.502953],[58.008699,42.510284],[58.006685,42.51316],[58.003701,42.515096],[58.002987,42.514363],[58.002197,42.51222],[58.002503,42.510341],[58.003166,42.508029],[58.006073,42.502559],[58.006812,42.500547],[58.006685,42.4994],[58.005792,42.499062],[58.004543,42.499269],[58.003166,42.500265],[58.001815,42.502295],[58.000922,42.502803],[58.000234,42.502596],[58.00003,42.501562],[58.000208,42.500058],[57.999953,42.498648],[57.999953,42.496806],[58.001687,42.491053],[58.001662,42.488909],[57.998933,42.482516],[57.994955,42.482459],[57.993273,42.482948],[57.992023,42.484227],[57.990621,42.485336],[57.98932,42.485637],[57.988249,42.485336],[57.986337,42.48323],[57.985572,42.483024],[57.98473,42.483362],[57.983736,42.485919],[57.98292,42.486051],[57.9806,42.485562],[57.978993,42.484754],[57.978585,42.483795],[57.979019,42.482685],[57.978968,42.478999],[57.979631,42.478266],[57.980727,42.478115],[57.983507,42.478811],[57.984424,42.478679],[57.984807,42.478416],[57.985113,42.477626],[57.984756,42.477062],[57.983022,42.476235],[57.982767,42.475614],[57.982716,42.474523],[57.982997,42.473489],[57.98366,42.468655],[57.983685,42.465834],[57.983252,42.46478],[57.982563,42.463915],[57.977106,42.462636],[57.976418,42.462335],[57.976316,42.461639],[57.977565,42.458497],[57.977897,42.457162],[57.977132,42.450351],[57.976035,42.448112],[57.972695,42.442656],[57.97142,42.43908],[57.971216,42.436333],[57.970069,42.4324],[57.968666,42.428974],[57.967723,42.427826],[57.963235,42.430028],[57.961833,42.430028],[57.959359,42.429181],[57.958237,42.429464],[57.955688,42.431647],[57.954744,42.433567],[57.952143,42.434602],[57.950919,42.435975],[57.950588,42.43718],[57.950511,42.438779],[57.949746,42.440172],[57.94406,42.444481],[57.942632,42.444575],[57.940822,42.444067],[57.928149,42.439231],[57.9282,42.438441],[57.92871,42.43686],[57.928149,42.43575],[57.922794,42.434922],[57.91976,42.433999],[57.915782,42.431986],[57.91336,42.431478],[57.91285,42.430649],[57.912442,42.429031],[57.911218,42.427713],[57.909917,42.426716],[57.907291,42.425474],[57.906526,42.423968],[57.907036,42.423328],[57.907776,42.422857],[57.911269,42.422726],[57.91262,42.422293],[57.91364,42.420674],[57.914431,42.419789],[57.915935,42.419281],[57.918052,42.419526],[57.921188,42.419017],[57.922616,42.418208],[57.923738,42.417154],[57.924401,42.415685],[57.924656,42.414217],[57.925446,42.412203],[57.926135,42.411657],[57.927155,42.411657],[57.929041,42.412278],[57.929832,42.412278],[57.930673,42.411883],[57.932662,42.409435],[57.934447,42.408965],[57.939955,42.40872],[57.941179,42.40823],[57.941638,42.407609],[57.941102,42.407232],[57.937456,42.407628],[57.931872,42.407854],[57.928276,42.407477],[57.92486,42.406423],[57.924477,42.405764],[57.924605,42.405067],[57.926058,42.404578],[57.930061,42.405086],[57.933376,42.403749],[57.93534,42.403523],[57.938119,42.403448],[57.94021,42.402638],[57.941026,42.40213],[57.941255,42.400812],[57.940159,42.399437],[57.940108,42.398289],[57.941459,42.396839],[57.943831,42.395879],[57.946916,42.393977],[57.947885,42.392188],[57.949287,42.390869],[57.950792,42.387931],[57.952755,42.386105],[57.957702,42.383355],[57.960277,42.380963],[57.959436,42.376141],[57.958747,42.375651],[57.951123,42.377403],[57.950027,42.377083],[57.950052,42.376348],[57.950843,42.375481],[57.952653,42.374897],[57.953673,42.3742],[57.953699,42.373824],[57.953291,42.37356],[57.951404,42.373334],[57.950919,42.372788],[57.9512,42.371996],[57.95199,42.371073],[57.953699,42.370546],[57.955305,42.370621],[57.957141,42.371224],[57.957804,42.371073],[57.960124,42.367569],[57.961833,42.364649],[57.962113,42.362709],[57.961986,42.358846],[57.962113,42.353533],[57.960991,42.347578],[57.958696,42.343055],[57.956962,42.341924],[57.953291,42.339964],[57.944825,42.334158],[57.943703,42.333612],[57.935607,42.315165],[57.934141,42.312714],[57.931987,42.309631],[57.931298,42.308207],[57.929182,42.30468],[57.928621,42.302672],[57.928812,42.297901],[57.931056,42.293751],[57.935391,42.287753],[57.936666,42.284093],[57.937022,42.282245],[57.937685,42.275868],[57.938399,42.273076],[57.944417,42.264094],[57.943601,42.261754],[57.943142,42.250383],[57.942619,42.246061],[57.942339,42.24002],[57.943996,42.236717],[57.945858,42.234244],[57.948637,42.228948],[57.948204,42.228353],[57.947439,42.228079],[57.945769,42.228211],[57.942364,42.229089],[57.934651,42.231733],[57.932637,42.232176],[57.925166,42.233196],[57.921647,42.233403],[57.916942,42.233073],[57.909624,42.232044],[57.906985,42.231412],[57.905353,42.231242],[57.901414,42.232025],[57.900266,42.232025],[57.899081,42.231808],[57.89829,42.231478],[57.897041,42.23026],[57.896875,42.229231],[57.897857,42.226059],[57.8969,42.224718],[57.895575,42.223906],[57.895562,42.222906],[57.897143,42.219922],[57.899705,42.2181],[57.904282,42.216221],[57.899947,42.215352],[57.889799,42.212557],[57.883526,42.211802],[57.878223,42.212784],[57.875724,42.215012],[57.872664,42.216447],[57.86991,42.218827],[57.867921,42.222528],[57.865575,42.225851],[57.863535,42.22672],[57.860068,42.227324],[57.856447,42.227664],[57.854815,42.228872],[57.854764,42.23212],[57.853897,42.232799],[57.849817,42.231402],[57.847777,42.23178],[57.845788,42.233592],[57.844207,42.236311],[57.842576,42.237519],[57.840791,42.238199],[57.840179,42.237595],[57.840179,42.23582],[57.842168,42.232762],[57.843901,42.231213],[57.844819,42.22925],[57.844666,42.228155],[57.843137,42.227248],[57.83819,42.228268],[57.837374,42.227928],[57.837833,42.22672],[57.848287,42.220677],[57.849307,42.219204],[57.849307,42.216334],[57.84895,42.21471],[57.845737,42.213766],[57.836507,42.215428],[57.835385,42.21539],[57.834977,42.214294],[57.836456,42.213048],[57.843188,42.208289],[57.847267,42.207193],[57.850225,42.205644],[57.854407,42.199978],[57.858844,42.19159],[57.859762,42.185356],[57.860782,42.180443],[57.862668,42.175719],[57.862413,42.174434],[57.860833,42.173338],[57.860272,42.172204],[57.859354,42.171751],[57.856753,42.171637],[57.853591,42.173187],[57.852571,42.176173],[57.853999,42.179083],[57.85405,42.180708],[57.851704,42.182559],[57.850888,42.184033],[57.849256,42.185545],[57.844462,42.184487],[57.843034,42.183353],[57.844156,42.179196],[57.843646,42.17519],[57.841097,42.17194],[57.832631,42.170881],[57.816006,42.170881],[57.801829,42.169369],[57.792241,42.170806],[57.780935,42.171405],[57.769471,42.171184],[57.750959,42.169502],[57.744712,42.168746],[57.738432,42.167693],[57.729276,42.164777],[57.703558,42.157364],[57.693952,42.15429],[57.680351,42.149476],[57.673571,42.146139],[57.660082,42.140164],[57.654739,42.138641],[57.652291,42.138369],[57.649627,42.139521],[57.639326,42.141904],[57.617831,42.145628],[57.597817,42.148414],[57.550718,42.15251],[57.504552,42.15445],[57.486972,42.155383],[57.467453,42.156037],[57.45383,42.155986],[57.433493,42.156315],[57.384192,42.153822],[57.358821,42.149957],[57.320432,42.144782],[57.293622,42.137988],[57.287776,42.13557],[57.280452,42.129915],[57.271925,42.118876],[57.264593,42.109846],[57.242389,42.079658],[57.233821,42.068749],[57.219726,42.047982],[57.206889,42.031072],[57.198648,42.018889],[57.187044,42.002199],[57.174539,41.985011],[57.170707,41.980387],[57.167526,41.975043],[57.145494,41.947945],[57.135279,41.937975],[57.128155,41.929281],[57.116757,41.924239],[57.106634,41.923817],[57.095081,41.924703],[57.073108,41.925876],[57.047885,41.923893],[57.036524,41.921659],[57.011014,41.914672],[56.999511,41.910248],[56.986427,41.902183],[56.966913,41.889147],[56.966851,41.882977],[56.965598,41.875105],[56.964711,41.860662],[56.964654,41.856272],[56.963944,41.852367],[56.963383,41.839564],[56.963764,41.826237],[56.965079,41.817724],[56.967575,41.804566],[56.969451,41.797739],[56.970497,41.789602],[56.97065,41.786161],[56.96979,41.779667],[56.970038,41.774315],[56.971746,41.766955],[56.972091,41.758245],[56.974169,41.753961],[56.974908,41.749532],[56.97399,41.744053],[56.975775,41.733817],[56.977481,41.720767],[56.979447,41.71608],[56.978733,41.713187],[56.978019,41.712958],[56.976591,41.709989],[56.977203,41.708694],[56.979447,41.709608],[56.981181,41.707476],[56.98174,41.698775],[56.978427,41.691332],[56.978121,41.68242],[56.977503,41.671213],[56.985134,41.658274],[56.989952,41.6516],[56.998928,41.632735],[57.011798,41.613861],[57.017848,41.604065],[57.01897,41.601587],[57.019808,41.597818],[57.02648,41.590987],[57.042552,41.565355],[57.043499,41.556916],[57.040591,41.547653],[57.041807,41.541722],[57.041868,41.534129],[57.041109,41.528851],[57.03555,41.52536],[57.034932,41.519736],[57.03636,41.509502],[57.037221,41.500946],[57.046151,41.489412],[57.049517,41.483528],[57.048497,41.479479],[57.042989,41.473289],[57.041459,41.464576],[57.043703,41.45204],[57.040746,41.448141],[57.039896,41.441279],[57.045108,41.431265],[57.052038,41.419605],[57.061654,41.409255],[57.06757,41.40432],[57.08925,41.381274],[57.091699,41.373672],[57.09567,41.367933],[57.100692,41.363534],[57.109082,41.361121],[57.122494,41.359398],[57.129548,41.361378],[57.145813,41.372097],[57.148293,41.379043],[57.152175,41.381787],[57.154367,41.382131],[57.162527,41.380256],[57.166201,41.379932],[57.16829,41.378687],[57.170401,41.376954],[57.170942,41.374516],[57.173542,41.372028],[57.178234,41.370153],[57.181396,41.368163],[57.182263,41.365522],[57.18109,41.355723],[57.181804,41.352393],[57.183471,41.351974],[57.184558,41.354001],[57.18466,41.356412],[57.185629,41.357446],[57.186904,41.356642],[57.186955,41.354996],[57.186037,41.352431],[57.18466,41.350249],[57.185476,41.348488],[57.187618,41.348986],[57.189607,41.350211],[57.191035,41.349445],[57.191137,41.348718],[57.189046,41.346344],[57.188485,41.345234],[57.188485,41.34464],[57.189989,41.343243],[57.190295,41.342496],[57.189887,41.341731],[57.188969,41.341673],[57.187745,41.342496],[57.186776,41.342822],[57.185399,41.342611],[57.182671,41.340793],[57.180861,41.340582],[57.177214,41.340869],[57.175276,41.340467],[57.173466,41.339472],[57.171273,41.339625],[57.168009,41.341309],[57.165714,41.341252],[57.162374,41.340486],[57.161125,41.340505],[57.159518,41.341233],[57.158345,41.342688],[57.156917,41.343435],[57.15503,41.343817],[57.153018,41.343673],[57.14988,41.343052],[57.145606,41.340997],[57.140254,41.337696],[57.135448,41.336657],[57.130144,41.33593],[57.116935,41.336887],[57.088903,41.334663],[57.070756,41.321788],[57.059615,41.321875],[57.058348,41.316288],[57.059054,41.313755],[57.060864,41.310614],[57.06345,41.307005],[57.066346,41.303949],[57.069508,41.300922],[57.071422,41.296915],[57.07267,41.290232],[57.071165,41.280121],[57.070154,41.275187],[57.0672,41.270402],[57.060053,41.256278],[57.052458,41.24683],[57.047375,41.243352],[57.041409,41.240975],[57.030954,41.240937],[57.01045,41.245399],[57.001274,41.247647],[56.995249,41.248457],[56.916827,41.262047],[56.812446,41.277776],[56.799427,41.28002],[56.789242,41.281503],[56.729273,41.284459],[56.70396,41.286247],[56.597579,41.291458],[56.55744,41.293926],[56.534877,41.294678],[56.497356,41.29654],[56.462149,41.298609],[56.429171,41.300035],[56.357106,41.30418],[56.204473,41.31163],[56.155719,41.314475],[55.998553,41.32221],[55.998732,41.33719],[55.999012,41.64396],[55.99892,43.75327],[56.000527,44.452865]],[[70.559735,40.991269],[70.56869,40.992137],[70.573103,40.992192],[70.575292,40.991301],[70.577404,40.989808],[70.586692,40.983883],[70.594415,40.980187],[70.599303,40.977403],[70.603599,40.972143],[70.61008,40.965946],[70.618486,40.958269],[70.621566,40.955091],[70.625023,40.949234],[70.630568,40.943112],[70.636136,40.93813],[70.642314,40.931959],[70.643338,40.930426],[70.64991,40.924801],[70.656662,40.918425],[70.662501,40.914461],[70.666234,40.914851],[70.670236,40.91499],[70.670719,40.915224],[70.671385,40.915115],[70.671643,40.914894],[70.671455,40.915361],[70.668615,40.917607],[70.664775,40.920328],[70.65672,40.926639],[70.652052,40.931606],[70.637909,40.944644],[70.627432,40.955921],[70.620568,40.960116],[70.61673,40.966551],[70.612156,40.973772],[70.604943,40.977543],[70.591192,40.986961],[70.586128,40.992516],[70.574144,40.99861],[70.572073,41.001326],[70.567095,41.005796],[70.564498,41.006601],[70.558621,41.004458],[70.555727,41.001962],[70.553467,40.999007],[70.549701,40.995271],[70.548733,40.991779],[70.550356,40.989911],[70.551195,40.989536],[70.552623,40.989498],[70.558233,40.991354],[70.559735,40.991269]]]}}]}